station_id,direct_downstream,all_upstream,n_upstream
6099.0,,16114.0 → 6098.0 → 16119.0 → 6075.0 → 6055.0 → 6045.0 → 16087.0 → 16095.0 → 16093.0 → 16094.0 → 6043.0 → 6031.0 → 16092.0 → 16090.0 → 16089.0 → 16099.0 → 16096.0 → 16098.0 → 6054.0 → 16071.0 → 16068.0 → 16078.0 → 6025.0 → 6028.0 → 16069.0 → 6012.0 → 6002.0 → 6048.0 → 16083.0 → 6047.0 → 6015.0 → 16082.0 → 6039.0 → 16081.0 → 6030.0 → 16075.0 → 16073.0 → 6036.0 → 6038.0 → 6020.0 → 16074.0 → 6007.0 → 16077.0 → 16086.0 → 5996.0 → 16076.0 → 5991.0 → 6005.0 → 16010.0 → 16023.0 → 16027.0 → 16022.0 → 16006.0 → 16009.0 → 16005.0 → 16008.0 → 6026.0 → 16004.0 → 16002.0 → 16003.0 → 5988.0 → 16013.0 → 5935.0 → 16011.0 → 16012.0 → 5987.0 → 5973.0 → 16016.0 → 5983.0 → 16041.0 → 16018.0 → 16017.0 → 16021.0 → 16020.0 → 6049.0 → 6060.0 → 6050.0 → 16058.0 → 16062.0 → 16059.0 → 16057.0 → 5990.0 → 16067.0 → 16031.0 → 16032.0 → 16040.0 → 16026.0 → 16063.0 → 16030.0 → 16039.0 → 16066.0 → 16065.0 → 16029.0 → 16024.0 → 16025.0 → 5962.0 → 5956.0 → 5993.0 → 16036.0 → 16038.0 → 16033.0 → 16035.0 → 5948.0 → 16050.0 → 16042.0 → 16048.0 → 16045.0 → 16043.0 → 16044.0 → 5932.0 → 16054.0 → 16053.0 → 16051.0 → 16052.0 → 6004.0 → 5997.0 → 16113.0 → 5989.0 → 16116.0 → 5975.0 → 15913.0 → 5929.0 → 15909.0 → 15910.0 → 5893.0 → 15911.0 → 15908.0 → 5953.0 → 15923.0 → 15921.0 → 5947.0 → 15922.0 → 5922.0 → 15919.0 → 15918.0 → 5911.0 → 15915.0 → 15917.0 → 5938.0 → 15901.0 → 15897.0 → 5928.0 → 15907.0 → 5902.0 → 15900.0 → 15899.0 → 15898.0 → 5920.0 → 15903.0 → 5908.0 → 5898.0 → 5892.0 → 15904.0 → 15906.0 → 5901.0 → 15931.0 → 15896.0 → 15924.0 → 15925.0 → 5825.0 → 5848.0 → 15927.0 → 5840.0 → 15926.0 → 15928.0 → 5873.0 → 5865.0 → 5852.0 → 5841.0 → 5838.0 → 15893.0 → 15894.0 → 5792.0 → 5846.0 → 5839.0 → 5981.0 → 15993.0 → 5995.0 → 15992.0 → 5969.0 → 15990.0 → 5957.0 → 15989.0 → 15988.0 → 5965.0 → 15980.0 → 15981.0 → 5968.0 → 5963.0 → 15984.0 → 15985.0 → 5974.0 → 15987.0 → 5970.0 → 5980.0 → 15986.0 → 5960.0 → 15995.0 → 5942.0 → 15996.0 → 5946.0 → 5950.0 → 15979.0 → 15977.0 → 15978.0 → 5924.0 → 15997.0 → 5923.0 → 5913.0 → 5912.0 → 15968.0 → 15967.0 → 5917.0 → 16000.0 → 5909.0 → 5927.0 → 5896.0 → 5887.0 → 15976.0 → 15971.0 → 5899.0 → 5921.0 → 5939.0 → 5936.0 → 15974.0 → 5952.0 → 15972.0 → 5914.0 → 15961.0 → 15964.0 → 15949.0 → 15950.0 → 15960.0 → 15956.0 → 15965.0 → 15966.0 → 15963.0 → 15962.0 → 5801.0 → 15951.0 → 15952.0 → 15953.0 → 5829.0 → 15954.0 → 5815.0 → 5882.0 → 5856.0 → 5768.0 → 5802.0 → 15948.0 → 5862.0 → 5861.0 → 15957.0 → 5885.0 → 5879.0 → 5874.0 → 5859.0 → 5836.0 → 5819.0 → 5849.0 → 5853.0 → 5847.0 → 15955.0 → 5857.0 → 5871.0 → 5766.0 → 15947.0 → 15936.0 → 5799.0 → 5813.0 → 15944.0 → 15945.0 → 5844.0 → 15946.0 → 5752.0 → 15943.0 → 15933.0 → 5780.0 → 5798.0 → 15942.0 → 5751.0 → 5741.0 → 15937.0 → 15938.0 → 5755.0 → 15939.0 → 15940.0 → 5759.0 → 15941.0 → 5807.0 → 5812.0 → 5817.0,292
15656.0,,7051.0 → 7102.0 → 7056.0 → 7072.0 → 7074.0 → 7079.0 → 7071.0 → 15660.0 → 15655.0 → 14060.0 → 7822.0 → 7082.0 → 11508.0 → 11752.0 → 7062.0 → 12085.0 → 7081.0 → 6656.0 → 11845.0 → 11862.0 → 11915.0 → 12035.0 → 12125.0 → 12220.0 → 12173.0 → 12728.0 → 12390.0 → 13017.0 → 11491.0 → 12193.0 → 12215.0 → 6658.0 → 12473.0 → 13511.0 → 11684.0 → 12317.0 → 12640.0 → 11717.0 → 12973.0 → 12414.0 → 7807.0 → 11473.0 → 11527.0 → 11468.0 → 11467.0 → 11480.0 → 11607.0 → 11576.0 → 11623.0 → 11714.0 → 11650.0 → 11669.0 → 11626.0 → 11683.0 → 11742.0 → 11778.0 → 11745.0 → 11785.0 → 11691.0 → 11827.0 → 11773.0 → 11760.0 → 11798.0 → 11824.0 → 11911.0 → 11893.0 → 11900.0 → 11990.0 → 12064.0 → 12081.0 → 12151.0 → 12174.0 → 12177.0 → 12147.0 → 11609.0 → 12202.0 → 12254.0 → 12277.0 → 12312.0 → 12299.0 → 12346.0 → 11460.0 → 12409.0 → 12427.0 → 12434.0 → 12448.0 → 12487.0 → 12497.0 → 11823.0 → 12537.0 → 11656.0 → 12617.0 → 12622.0 → 12629.0 → 11910.0 → 12647.0 → 12756.0 → 11846.0 → 12751.0 → 11908.0 → 12808.0 → 11902.0 → 11993.0 → 12855.0 → 11522.0 → 11558.0 → 12899.0 → 12901.0 → 12441.0 → 12939.0 → 12325.0 → 12976.0 → 11578.0 → 11738.0 → 11884.0 → 12991.0 → 12993.0 → 11546.0 → 11662.0 → 11754.0 → 12260.0 → 12995.0 → 12701.0 → 12985.0 → 12680.0 → 12083.0 → 13028.0 → 12592.0 → 13053.0 → 11903.0 → 13089.0 → 12707.0 → 13137.0 → 11821.0 → 12029.0 → 12070.0 → 13145.0 → 12801.0 → 13166.0 → 12649.0 → 12258.0 → 13186.0 → 11497.0 → 11599.0 → 11761.0 → 12033.0 → 13265.0 → 11574.0 → 13263.0 → 12157.0 → 12444.0 → 12634.0 → 11591.0 → 11825.0 → 13251.0 → 12797.0 → 7775.0 → 12021.0 → 12521.0 → 12224.0 → 7772.0 → 11959.0 → 12969.0 → 11871.0 → 13440.0 → 11568.0 → 11620.0 → 12831.0 → 12896.0 → 12146.0 → 7773.0 → 12826.0 → 13107.0 → 12479.0 → 13491.0 → 11706.0 → 11914.0 → 12702.0 → 13529.0 → 7796.0 → 12546.0 → 13537.0 → 11920.0 → 12185.0 → 12685.0 → 12762.0 → 11686.0 → 13540.0 → 12335.0 → 13302.0 → 11617.0 → 12052.0 → 12450.0 → 12654.0 → 13553.0 → 11733.0 → 13381.0 → 11663.0 → 11887.0 → 12161.0 → 12946.0 → 12051.0 → 7800.0 → 13118.0 → 13373.0 → 13268.0 → 11439.0 → 12110.0 → 12463.0 → 12451.0 → 7802.0 → 13627.0 → 12805.0 → 13160.0 → 12719.0 → 13168.0 → 12945.0 → 11649.0 → 13690.0 → 11787.0 → 7798.0 → 11582.0 → 12191.0 → 7797.0 → 11556.0 → 12830.0 → 11447.0 → 11793.0 → 11944.0 → 13696.0 → 13628.0 → 11729.0 → 12139.0 → 13524.0 → 12471.0 → 12615.0 → 13138.0 → 12657.0 → 11922.0 → 6911.0 → 15662.0 → 7805.0 → 7103.0 → 7096.0 → 15687.0 → 12540.0 → 13236.0 → 15664.0 → 14023.0 → 11813.0 → 13999.0 → 12523.0 → 13410.0 → 7790.0 → 13425.0 → 13264.0 → 12999.0 → 13617.0 → 12998.0 → 7781.0 → 13209.0 → 6913.0 → 12538.0 → 13785.0 → 12940.0 → 13671.0 → 12672.0 → 13114.0 → 12911.0 → 13180.0 → 7765.0 → 13565.0 → 12230.0 → 12377.0 → 12704.0 → 13040.0 → 12610.0 → 13573.0 → 11994.0 → 12462.0 → 12534.0 → 12779.0 → 7767.0 → 13569.0 → 12484.0 → 12902.0 → 12539.0,287
7056.0,15656.0,7072.0 → 7074.0 → 7079.0 → 7071.0 → 15660.0 → 15655.0 → 14060.0 → 7822.0 → 7082.0 → 11508.0 → 11752.0 → 7062.0 → 12085.0 → 7081.0 → 6656.0 → 11845.0 → 11862.0 → 11915.0 → 12035.0 → 12125.0 → 12220.0 → 12173.0 → 12728.0 → 12390.0 → 13017.0 → 11491.0 → 12193.0 → 12215.0 → 6658.0 → 12473.0 → 13511.0 → 11684.0 → 12317.0 → 12640.0 → 11717.0 → 12973.0 → 12414.0 → 7807.0 → 11473.0 → 11527.0 → 11468.0 → 11467.0 → 11480.0 → 11607.0 → 11576.0 → 11623.0 → 11714.0 → 11650.0 → 11669.0 → 11626.0 → 11683.0 → 11742.0 → 11778.0 → 11745.0 → 11785.0 → 11691.0 → 11827.0 → 11773.0 → 11760.0 → 11798.0 → 11824.0 → 11911.0 → 11893.0 → 11900.0 → 11990.0 → 12064.0 → 12081.0 → 12151.0 → 12174.0 → 12177.0 → 12147.0 → 11609.0 → 12202.0 → 12254.0 → 12277.0 → 12312.0 → 12299.0 → 12346.0 → 11460.0 → 12409.0 → 12427.0 → 12434.0 → 12448.0 → 12487.0 → 12497.0 → 11823.0 → 12537.0 → 11656.0 → 12617.0 → 12622.0 → 12629.0 → 11910.0 → 12647.0 → 12756.0 → 11846.0 → 12751.0 → 11908.0 → 12808.0 → 11902.0 → 11993.0 → 12855.0 → 11522.0 → 11558.0 → 12899.0 → 12901.0 → 12441.0 → 12939.0 → 12325.0 → 12976.0 → 11578.0 → 11738.0 → 11884.0 → 12991.0 → 12993.0 → 11546.0 → 11662.0 → 11754.0 → 12260.0 → 12995.0 → 12701.0 → 12985.0 → 12680.0 → 12083.0 → 13028.0 → 12592.0 → 13053.0 → 11903.0 → 13089.0 → 12707.0 → 13137.0 → 11821.0 → 12029.0 → 12070.0 → 13145.0 → 12801.0 → 13166.0 → 12649.0 → 12258.0 → 13186.0 → 11497.0 → 11599.0 → 11761.0 → 12033.0 → 13265.0 → 11574.0 → 13263.0 → 12157.0 → 12444.0 → 12634.0 → 11591.0 → 11825.0 → 13251.0 → 12797.0 → 7775.0 → 12021.0 → 12521.0 → 12224.0 → 7772.0 → 11959.0 → 12969.0 → 11871.0 → 13440.0 → 11568.0 → 11620.0 → 12831.0 → 12896.0 → 12146.0 → 7773.0 → 12826.0 → 13107.0 → 12479.0 → 13491.0 → 11706.0 → 11914.0 → 12702.0 → 13529.0 → 7796.0 → 12546.0 → 13537.0 → 11920.0 → 12185.0 → 12685.0 → 12762.0 → 11686.0 → 13540.0 → 12335.0 → 13302.0 → 11617.0 → 12052.0 → 12450.0 → 12654.0 → 13553.0 → 11733.0 → 13381.0 → 11663.0 → 11887.0 → 12161.0 → 12946.0 → 12051.0 → 7800.0 → 13118.0 → 13373.0 → 13268.0 → 11439.0 → 12110.0 → 12463.0 → 12451.0 → 7802.0 → 13627.0 → 12805.0 → 13160.0 → 12719.0 → 13168.0 → 12945.0 → 11649.0 → 13690.0 → 11787.0 → 7798.0 → 11582.0 → 12191.0 → 7797.0 → 11556.0 → 12830.0 → 11447.0 → 11793.0 → 11944.0 → 13696.0 → 13628.0 → 11729.0 → 12139.0 → 13524.0 → 12471.0 → 12615.0 → 13138.0 → 12657.0 → 11922.0 → 6911.0 → 15662.0 → 7805.0 → 7103.0 → 7096.0 → 15687.0 → 12540.0 → 13236.0 → 15664.0 → 14023.0 → 11813.0 → 13999.0 → 12523.0 → 13410.0 → 7790.0 → 13425.0 → 13264.0 → 12999.0 → 13617.0 → 12998.0 → 7781.0 → 13209.0 → 6913.0 → 12538.0 → 13785.0 → 12940.0 → 13671.0 → 12672.0 → 13114.0 → 12911.0 → 13180.0 → 7765.0 → 13565.0 → 12230.0 → 12377.0 → 12704.0 → 13040.0 → 12610.0 → 13573.0 → 11994.0 → 12462.0 → 12534.0 → 12779.0 → 7767.0 → 13569.0 → 12484.0 → 12902.0 → 12539.0,284
15655.0,7056.0,14060.0 → 7822.0 → 7082.0 → 11508.0 → 11752.0 → 7062.0 → 12085.0 → 7081.0 → 6656.0 → 11845.0 → 11862.0 → 11915.0 → 12035.0 → 12125.0 → 12220.0 → 12173.0 → 12728.0 → 12390.0 → 13017.0 → 11491.0 → 12193.0 → 12215.0 → 6658.0 → 12473.0 → 13511.0 → 11684.0 → 12317.0 → 12640.0 → 11717.0 → 12973.0 → 12414.0 → 7807.0 → 11473.0 → 11527.0 → 11468.0 → 11467.0 → 11480.0 → 11607.0 → 11576.0 → 11623.0 → 11714.0 → 11650.0 → 11669.0 → 11626.0 → 11683.0 → 11742.0 → 11778.0 → 11745.0 → 11785.0 → 11691.0 → 11827.0 → 11773.0 → 11760.0 → 11798.0 → 11824.0 → 11911.0 → 11893.0 → 11900.0 → 11990.0 → 12064.0 → 12081.0 → 12151.0 → 12174.0 → 12177.0 → 12147.0 → 11609.0 → 12202.0 → 12254.0 → 12277.0 → 12312.0 → 12299.0 → 12346.0 → 11460.0 → 12409.0 → 12427.0 → 12434.0 → 12448.0 → 12487.0 → 12497.0 → 11823.0 → 12537.0 → 11656.0 → 12617.0 → 12622.0 → 12629.0 → 11910.0 → 12647.0 → 12756.0 → 11846.0 → 12751.0 → 11908.0 → 12808.0 → 11902.0 → 11993.0 → 12855.0 → 11522.0 → 11558.0 → 12899.0 → 12901.0 → 12441.0 → 12939.0 → 12325.0 → 12976.0 → 11578.0 → 11738.0 → 11884.0 → 12991.0 → 12993.0 → 11546.0 → 11662.0 → 11754.0 → 12260.0 → 12995.0 → 12701.0 → 12985.0 → 12680.0 → 12083.0 → 13028.0 → 12592.0 → 13053.0 → 11903.0 → 13089.0 → 12707.0 → 13137.0 → 11821.0 → 12029.0 → 12070.0 → 13145.0 → 12801.0 → 13166.0 → 12649.0 → 12258.0 → 13186.0 → 11497.0 → 11599.0 → 11761.0 → 12033.0 → 13265.0 → 11574.0 → 13263.0 → 12157.0 → 12444.0 → 12634.0 → 11591.0 → 11825.0 → 13251.0 → 12797.0 → 7775.0 → 12021.0 → 12521.0 → 12224.0 → 7772.0 → 11959.0 → 12969.0 → 11871.0 → 13440.0 → 11568.0 → 11620.0 → 12831.0 → 12896.0 → 12146.0 → 7773.0 → 12826.0 → 13107.0 → 12479.0 → 13491.0 → 11706.0 → 11914.0 → 12702.0 → 13529.0 → 7796.0 → 12546.0 → 13537.0 → 11920.0 → 12185.0 → 12685.0 → 12762.0 → 11686.0 → 13540.0 → 12335.0 → 13302.0 → 11617.0 → 12052.0 → 12450.0 → 12654.0 → 13553.0 → 11733.0 → 13381.0 → 11663.0 → 11887.0 → 12161.0 → 12946.0 → 12051.0 → 7800.0 → 13118.0 → 13373.0 → 13268.0 → 11439.0 → 12110.0 → 12463.0 → 12451.0 → 7802.0 → 13627.0 → 12805.0 → 13160.0 → 12719.0 → 13168.0 → 12945.0 → 11649.0 → 13690.0 → 11787.0 → 7798.0 → 11582.0 → 12191.0 → 7797.0 → 11556.0 → 12830.0 → 11447.0 → 11793.0 → 11944.0 → 13696.0 → 13628.0 → 11729.0 → 12139.0 → 13524.0 → 12471.0 → 12615.0 → 13138.0 → 12657.0 → 11922.0 → 6911.0 → 15662.0 → 7805.0 → 7103.0 → 7096.0 → 15687.0 → 12540.0 → 13236.0 → 15664.0 → 14023.0 → 11813.0 → 13999.0 → 12523.0 → 13410.0 → 7790.0 → 13425.0 → 13264.0 → 12999.0 → 13617.0 → 12998.0 → 7781.0 → 13209.0 → 6913.0 → 12538.0 → 13785.0 → 12940.0 → 13671.0 → 12672.0 → 13114.0 → 12911.0 → 13180.0 → 7765.0 → 13565.0 → 12230.0 → 12377.0 → 12704.0 → 13040.0 → 12610.0 → 13573.0 → 11994.0 → 12462.0 → 12534.0 → 12779.0 → 7767.0 → 13569.0 → 12484.0 → 12902.0 → 12539.0,278
14060.0,15655.0,7822.0 → 7082.0 → 11508.0 → 11752.0 → 7062.0 → 12085.0 → 7081.0 → 6656.0 → 11845.0 → 11862.0 → 11915.0 → 12035.0 → 12125.0 → 12220.0 → 12173.0 → 12728.0 → 12390.0 → 13017.0 → 11491.0 → 12193.0 → 12215.0 → 6658.0 → 12473.0 → 13511.0 → 11684.0 → 12317.0 → 12640.0 → 11717.0 → 12973.0 → 12414.0 → 7807.0 → 11473.0 → 11527.0 → 11468.0 → 11467.0 → 11480.0 → 11607.0 → 11576.0 → 11623.0 → 11714.0 → 11650.0 → 11669.0 → 11626.0 → 11683.0 → 11742.0 → 11778.0 → 11745.0 → 11785.0 → 11691.0 → 11827.0 → 11773.0 → 11760.0 → 11798.0 → 11824.0 → 11911.0 → 11893.0 → 11900.0 → 11990.0 → 12064.0 → 12081.0 → 12151.0 → 12174.0 → 12177.0 → 12147.0 → 11609.0 → 12202.0 → 12254.0 → 12277.0 → 12312.0 → 12299.0 → 12346.0 → 11460.0 → 12409.0 → 12427.0 → 12434.0 → 12448.0 → 12487.0 → 12497.0 → 11823.0 → 12537.0 → 11656.0 → 12617.0 → 12622.0 → 12629.0 → 11910.0 → 12647.0 → 12756.0 → 11846.0 → 12751.0 → 11908.0 → 12808.0 → 11902.0 → 11993.0 → 12855.0 → 11522.0 → 11558.0 → 12899.0 → 12901.0 → 12441.0 → 12939.0 → 12325.0 → 12976.0 → 11578.0 → 11738.0 → 11884.0 → 12991.0 → 12993.0 → 11546.0 → 11662.0 → 11754.0 → 12260.0 → 12995.0 → 12701.0 → 12985.0 → 12680.0 → 12083.0 → 13028.0 → 12592.0 → 13053.0 → 11903.0 → 13089.0 → 12707.0 → 13137.0 → 11821.0 → 12029.0 → 12070.0 → 13145.0 → 12801.0 → 13166.0 → 12649.0 → 12258.0 → 13186.0 → 11497.0 → 11599.0 → 11761.0 → 12033.0 → 13265.0 → 11574.0 → 13263.0 → 12157.0 → 12444.0 → 12634.0 → 11591.0 → 11825.0 → 13251.0 → 12797.0 → 7775.0 → 12021.0 → 12521.0 → 12224.0 → 7772.0 → 11959.0 → 12969.0 → 11871.0 → 13440.0 → 11568.0 → 11620.0 → 12831.0 → 12896.0 → 12146.0 → 7773.0 → 12826.0 → 13107.0 → 12479.0 → 13491.0 → 11706.0 → 11914.0 → 12702.0 → 13529.0 → 7796.0 → 12546.0 → 13537.0 → 11920.0 → 12185.0 → 12685.0 → 12762.0 → 11686.0 → 13540.0 → 12335.0 → 13302.0 → 11617.0 → 12052.0 → 12450.0 → 12654.0 → 13553.0 → 11733.0 → 13381.0 → 11663.0 → 11887.0 → 12161.0 → 12946.0 → 12051.0 → 7800.0 → 13118.0 → 13373.0 → 13268.0 → 11439.0 → 12110.0 → 12463.0 → 12451.0 → 7802.0 → 13627.0 → 12805.0 → 13160.0 → 12719.0 → 13168.0 → 12945.0 → 11649.0 → 13690.0 → 11787.0 → 7798.0 → 11582.0 → 12191.0 → 7797.0 → 11556.0 → 12830.0 → 11447.0 → 11793.0 → 11944.0 → 13696.0 → 13628.0 → 11729.0 → 12139.0 → 13524.0 → 12471.0 → 12615.0 → 13138.0 → 12657.0 → 11922.0 → 6911.0 → 15662.0 → 7805.0 → 7103.0 → 7096.0 → 15687.0 → 12540.0 → 13236.0 → 15664.0 → 14023.0 → 11813.0 → 13999.0 → 12523.0 → 13410.0 → 7790.0 → 13425.0 → 13264.0 → 12999.0 → 13617.0 → 12998.0 → 7781.0 → 13209.0 → 6913.0 → 12538.0 → 13785.0 → 12940.0 → 13671.0 → 12672.0 → 13114.0 → 12911.0 → 13180.0 → 7765.0 → 13565.0 → 12230.0 → 12377.0 → 12704.0 → 13040.0 → 12610.0 → 13573.0 → 11994.0 → 12462.0 → 12534.0 → 12779.0 → 7767.0 → 13569.0 → 12484.0 → 12902.0 → 12539.0,277
805.0,,1891.0 → 8031.0 → 797.0 → 1327.0 → 1328.0 → 808.0 → 804.0 → 794.0 → 793.0 → 796.0 → 1892.0 → 792.0 → 803.0 → 2747.0 → 1889.0 → 809.0 → 791.0 → 2535.0 → 2746.0 → 790.0 → 2534.0 → 591.0 → 789.0 → 589.0 → 590.0 → 588.0 → 807.0 → 2745.0 → 585.0 → 788.0 → 587.0 → 584.0 → 2728.0 → 583.0 → 811.0 → 799.0 → 2744.0 → 2726.0 → 582.0 → 787.0 → 2029.0 → 2532.0 → 823.0 → 232.0 → 798.0 → 263.0 → 327.0 → 231.0 → 237.0 → 2980.0 → 786.0 → 802.0 → 264.0 → 239.0 → 242.0 → 240.0 → 257.0 → 832.0 → 1664.0 → 1671.0 → 246.0 → 249.0 → 248.0 → 245.0 → 247.0 → 244.0 → 235.0 → 2978.0 → 236.0 → 2036.0 → 2977.0 → 3021.0 → 1744.0 → 234.0 → 3093.0 → 856.0 → 1742.0 → 1740.0 → 2764.0 → 1741.0 → 1743.0 → 854.0 → 4530.0 → 5214.0 → 5219.0 → 2975.0 → 851.0 → 4528.0 → 4523.0 → 4526.0 → 4527.0 → 840.0 → 4522.0 → 2969.0 → 4236.0 → 842.0 → 1733.0 → 1730.0 → 845.0 → 4216.0 → 4232.0 → 98.0 → 4525.0 → 107.0 → 4257.0 → 106.0 → 4247.0 → 1894.0 → 684.0 → 682.0 → 693.0 → 780.0 → 660.0 → 779.0 → 800.0 → 778.0 → 686.0 → 783.0 → 2032.0 → 782.0 → 784.0 → 2738.0 → 2737.0 → 2736.0 → 785.0 → 2031.0 → 700.0 → 677.0 → 674.0 → 678.0 → 703.0 → 4447.0 → 288.0 → 289.0 → 286.0 → 2210.0 → 285.0 → 670.0 → 4449.0 → 293.0 → 1324.0 → 290.0 → 1321.0 → 707.0 → 657.0 → 701.0 → 1311.0 → 775.0 → 665.0 → 777.0 → 870.0 → 261.0 → 863.0 → 860.0 → 858.0 → 1697.0 → 95.0 → 213.0 → 200.0 → 2147.0 → 202.0 → 857.0 → 4532.0 → 96.0 → 1308.0 → 164.0 → 192.0 → 195.0 → 173.0 → 165.0 → 187.0 → 175.0 → 176.0 → 228.0 → 2028.0 → 2208.0 → 692.0 → 4441.0 → 284.0 → 4439.0 → 283.0 → 282.0 → 4437.0 → 4436.0 → 279.0 → 4430.0 → 278.0 → 4426.0 → 277.0 → 4425.0 → 274.0 → 281.0 → 715.0 → 190.0 → 696.0 → 817.0 → 699.0 → 273.0 → 4422.0 → 272.0 → 3025.0 → 576.0 → 17521.0 → 574.0 → 17518.0 → 17517.0 → 581.0 → 17550.0 → 17552.0 → 17547.0 → 578.0 → 214.0 → 17533.0 → 579.0 → 17545.0 → 17542.0 → 161.0 → 159.0 → 188.0 → 158.0 → 221.0 → 216.0 → 155.0 → 169.0 → 168.0 → 160.0 → 156.0 → 474.0 → 457.0 → 904.0 → 2182.0 → 1967.0 → 487.0 → 461.0 → 207.0 → 212.0 → 489.0 → 223.0 → 180.0 → 183.0 → 332.0 → 886.0 → 460.0 → 465.0 → 903.0 → 462.0 → 900.0 → 477.0 → 488.0 → 471.0 → 469.0 → 467.0 → 895.0 → 189.0 → 458.0 → 463.0 → 876.0 → 892.0 → 2773.0,259
2747.0,805.0,1889.0 → 809.0 → 791.0 → 2535.0 → 2746.0 → 790.0 → 2534.0 → 591.0 → 789.0 → 589.0 → 590.0 → 588.0 → 807.0 → 2745.0 → 585.0 → 788.0 → 587.0 → 584.0 → 2728.0 → 583.0 → 811.0 → 799.0 → 2744.0 → 2726.0 → 582.0 → 787.0 → 2029.0 → 2532.0 → 823.0 → 232.0 → 798.0 → 263.0 → 327.0 → 231.0 → 237.0 → 2980.0 → 786.0 → 802.0 → 264.0 → 239.0 → 242.0 → 240.0 → 257.0 → 832.0 → 1664.0 → 1671.0 → 246.0 → 249.0 → 248.0 → 245.0 → 247.0 → 244.0 → 235.0 → 2978.0 → 236.0 → 2036.0 → 2977.0 → 3021.0 → 1744.0 → 234.0 → 3093.0 → 856.0 → 1742.0 → 1740.0 → 2764.0 → 1741.0 → 1743.0 → 854.0 → 4530.0 → 5214.0 → 5219.0 → 2975.0 → 851.0 → 4528.0 → 4523.0 → 4526.0 → 4527.0 → 840.0 → 4522.0 → 2969.0 → 4236.0 → 842.0 → 1733.0 → 1730.0 → 845.0 → 4216.0 → 4232.0 → 98.0 → 4525.0 → 107.0 → 4257.0 → 106.0 → 4247.0 → 1894.0 → 684.0 → 682.0 → 693.0 → 780.0 → 660.0 → 779.0 → 800.0 → 778.0 → 686.0 → 783.0 → 2032.0 → 782.0 → 784.0 → 2738.0 → 2737.0 → 2736.0 → 785.0 → 2031.0 → 700.0 → 677.0 → 674.0 → 678.0 → 703.0 → 4447.0 → 288.0 → 289.0 → 286.0 → 2210.0 → 285.0 → 670.0 → 4449.0 → 293.0 → 1324.0 → 290.0 → 1321.0 → 707.0 → 657.0 → 701.0 → 1311.0 → 775.0 → 665.0 → 777.0 → 870.0 → 261.0 → 863.0 → 860.0 → 858.0 → 1697.0 → 95.0 → 213.0 → 200.0 → 2147.0 → 202.0 → 857.0 → 4532.0 → 96.0 → 1308.0 → 164.0 → 192.0 → 195.0 → 173.0 → 165.0 → 187.0 → 175.0 → 176.0 → 228.0 → 2028.0 → 2208.0 → 692.0 → 4441.0 → 284.0 → 4439.0 → 283.0 → 282.0 → 4437.0 → 4436.0 → 279.0 → 4430.0 → 278.0 → 4426.0 → 277.0 → 4425.0 → 274.0 → 281.0 → 715.0 → 190.0 → 696.0 → 817.0 → 699.0 → 273.0 → 4422.0 → 272.0 → 3025.0 → 576.0 → 17521.0 → 574.0 → 17518.0 → 17517.0 → 581.0 → 17550.0 → 17552.0 → 17547.0 → 578.0 → 214.0 → 17533.0 → 579.0 → 17545.0 → 17542.0 → 161.0 → 159.0 → 188.0 → 158.0 → 221.0 → 216.0 → 155.0 → 169.0 → 168.0 → 160.0 → 156.0 → 474.0 → 457.0 → 904.0 → 2182.0 → 1967.0 → 487.0 → 461.0 → 207.0 → 212.0 → 489.0 → 223.0 → 180.0 → 183.0 → 332.0 → 886.0 → 460.0 → 465.0 → 903.0 → 462.0 → 900.0 → 477.0 → 488.0 → 471.0 → 469.0 → 467.0 → 895.0 → 189.0 → 458.0 → 463.0 → 876.0 → 892.0 → 2773.0,245
2535.0,2747.0,2746.0 → 790.0 → 2534.0 → 591.0 → 789.0 → 589.0 → 590.0 → 588.0 → 807.0 → 2745.0 → 585.0 → 788.0 → 587.0 → 584.0 → 2728.0 → 583.0 → 811.0 → 799.0 → 2744.0 → 2726.0 → 582.0 → 787.0 → 2029.0 → 2532.0 → 823.0 → 232.0 → 798.0 → 263.0 → 327.0 → 231.0 → 237.0 → 2980.0 → 786.0 → 802.0 → 264.0 → 239.0 → 242.0 → 240.0 → 257.0 → 832.0 → 1664.0 → 1671.0 → 246.0 → 249.0 → 248.0 → 245.0 → 247.0 → 244.0 → 235.0 → 2978.0 → 236.0 → 2036.0 → 2977.0 → 3021.0 → 1744.0 → 234.0 → 3093.0 → 856.0 → 1742.0 → 1740.0 → 2764.0 → 1741.0 → 1743.0 → 854.0 → 4530.0 → 5214.0 → 5219.0 → 2975.0 → 851.0 → 4528.0 → 4523.0 → 4526.0 → 4527.0 → 840.0 → 4522.0 → 2969.0 → 4236.0 → 842.0 → 1733.0 → 1730.0 → 845.0 → 4216.0 → 4232.0 → 98.0 → 4525.0 → 107.0 → 4257.0 → 106.0 → 4247.0 → 1894.0 → 684.0 → 682.0 → 693.0 → 780.0 → 660.0 → 779.0 → 800.0 → 778.0 → 686.0 → 783.0 → 2032.0 → 782.0 → 784.0 → 2738.0 → 2737.0 → 2736.0 → 785.0 → 2031.0 → 700.0 → 677.0 → 674.0 → 678.0 → 703.0 → 4447.0 → 288.0 → 289.0 → 286.0 → 2210.0 → 285.0 → 670.0 → 4449.0 → 293.0 → 1324.0 → 290.0 → 1321.0 → 707.0 → 657.0 → 701.0 → 1311.0 → 775.0 → 665.0 → 777.0 → 870.0 → 261.0 → 863.0 → 860.0 → 858.0 → 1697.0 → 95.0 → 213.0 → 200.0 → 2147.0 → 202.0 → 857.0 → 4532.0 → 96.0 → 1308.0 → 164.0 → 192.0 → 195.0 → 173.0 → 165.0 → 187.0 → 175.0 → 176.0 → 228.0 → 2028.0 → 2208.0 → 692.0 → 4441.0 → 284.0 → 4439.0 → 283.0 → 282.0 → 4437.0 → 4436.0 → 279.0 → 4430.0 → 278.0 → 4426.0 → 277.0 → 4425.0 → 274.0 → 281.0 → 715.0 → 190.0 → 696.0 → 817.0 → 699.0 → 273.0 → 4422.0 → 272.0 → 3025.0 → 576.0 → 17521.0 → 574.0 → 17518.0 → 17517.0 → 581.0 → 17550.0 → 17552.0 → 17547.0 → 578.0 → 214.0 → 17533.0 → 579.0 → 17545.0 → 17542.0 → 161.0 → 159.0 → 188.0 → 158.0 → 221.0 → 216.0 → 155.0 → 169.0 → 168.0 → 160.0 → 156.0 → 474.0 → 457.0 → 904.0 → 2182.0 → 1967.0 → 487.0 → 461.0 → 207.0 → 212.0 → 489.0 → 223.0 → 180.0 → 183.0 → 332.0 → 886.0 → 460.0 → 465.0 → 903.0 → 462.0 → 900.0 → 477.0 → 488.0 → 471.0 → 469.0 → 467.0 → 895.0 → 189.0 → 458.0 → 463.0 → 876.0 → 892.0 → 2773.0,241
2746.0,2535.0,790.0 → 2534.0 → 591.0 → 789.0 → 589.0 → 590.0 → 588.0 → 807.0 → 2745.0 → 585.0 → 788.0 → 587.0 → 584.0 → 2728.0 → 583.0 → 811.0 → 799.0 → 2744.0 → 2726.0 → 582.0 → 787.0 → 2029.0 → 2532.0 → 823.0 → 232.0 → 798.0 → 263.0 → 327.0 → 231.0 → 237.0 → 2980.0 → 786.0 → 802.0 → 264.0 → 239.0 → 242.0 → 240.0 → 257.0 → 832.0 → 1664.0 → 1671.0 → 246.0 → 249.0 → 248.0 → 245.0 → 247.0 → 244.0 → 235.0 → 2978.0 → 236.0 → 2036.0 → 2977.0 → 3021.0 → 1744.0 → 234.0 → 3093.0 → 856.0 → 1742.0 → 1740.0 → 2764.0 → 1741.0 → 1743.0 → 854.0 → 4530.0 → 5214.0 → 5219.0 → 2975.0 → 851.0 → 4528.0 → 4523.0 → 4526.0 → 4527.0 → 840.0 → 4522.0 → 2969.0 → 4236.0 → 842.0 → 1733.0 → 1730.0 → 845.0 → 4216.0 → 4232.0 → 98.0 → 4525.0 → 107.0 → 4257.0 → 106.0 → 4247.0 → 1894.0 → 684.0 → 682.0 → 693.0 → 780.0 → 660.0 → 779.0 → 800.0 → 778.0 → 686.0 → 783.0 → 2032.0 → 782.0 → 784.0 → 2738.0 → 2737.0 → 2736.0 → 785.0 → 2031.0 → 700.0 → 677.0 → 674.0 → 678.0 → 703.0 → 4447.0 → 288.0 → 289.0 → 286.0 → 2210.0 → 285.0 → 670.0 → 4449.0 → 293.0 → 1324.0 → 290.0 → 1321.0 → 707.0 → 657.0 → 701.0 → 1311.0 → 775.0 → 665.0 → 777.0 → 870.0 → 261.0 → 863.0 → 860.0 → 858.0 → 1697.0 → 95.0 → 213.0 → 200.0 → 2147.0 → 202.0 → 857.0 → 4532.0 → 96.0 → 1308.0 → 164.0 → 192.0 → 195.0 → 173.0 → 165.0 → 187.0 → 175.0 → 176.0 → 228.0 → 2028.0 → 2208.0 → 692.0 → 4441.0 → 284.0 → 4439.0 → 283.0 → 282.0 → 4437.0 → 4436.0 → 279.0 → 4430.0 → 278.0 → 4426.0 → 277.0 → 4425.0 → 274.0 → 281.0 → 715.0 → 190.0 → 696.0 → 817.0 → 699.0 → 273.0 → 4422.0 → 272.0 → 3025.0 → 576.0 → 17521.0 → 574.0 → 17518.0 → 17517.0 → 581.0 → 17550.0 → 17552.0 → 17547.0 → 578.0 → 214.0 → 17533.0 → 579.0 → 17545.0 → 17542.0 → 161.0 → 159.0 → 188.0 → 158.0 → 221.0 → 216.0 → 155.0 → 169.0 → 168.0 → 160.0 → 156.0 → 474.0 → 457.0 → 904.0 → 2182.0 → 1967.0 → 487.0 → 461.0 → 207.0 → 212.0 → 489.0 → 223.0 → 180.0 → 183.0 → 332.0 → 886.0 → 460.0 → 465.0 → 903.0 → 462.0 → 900.0 → 477.0 → 488.0 → 471.0 → 469.0 → 467.0 → 895.0 → 189.0 → 458.0 → 463.0 → 876.0 → 892.0 → 2773.0,240
2534.0,2746.0,591.0 → 789.0 → 589.0 → 590.0 → 588.0 → 807.0 → 2745.0 → 585.0 → 788.0 → 587.0 → 584.0 → 2728.0 → 583.0 → 811.0 → 799.0 → 2744.0 → 2726.0 → 582.0 → 787.0 → 2029.0 → 2532.0 → 823.0 → 232.0 → 798.0 → 263.0 → 327.0 → 231.0 → 237.0 → 2980.0 → 786.0 → 802.0 → 264.0 → 239.0 → 242.0 → 240.0 → 257.0 → 832.0 → 1664.0 → 1671.0 → 246.0 → 249.0 → 248.0 → 245.0 → 247.0 → 244.0 → 235.0 → 2978.0 → 236.0 → 2036.0 → 2977.0 → 3021.0 → 1744.0 → 234.0 → 3093.0 → 856.0 → 1742.0 → 1740.0 → 2764.0 → 1741.0 → 1743.0 → 854.0 → 4530.0 → 5214.0 → 5219.0 → 2975.0 → 851.0 → 4528.0 → 4523.0 → 4526.0 → 4527.0 → 840.0 → 4522.0 → 2969.0 → 4236.0 → 842.0 → 1733.0 → 1730.0 → 845.0 → 4216.0 → 4232.0 → 98.0 → 4525.0 → 107.0 → 4257.0 → 106.0 → 4247.0 → 1894.0 → 684.0 → 682.0 → 693.0 → 780.0 → 660.0 → 779.0 → 800.0 → 778.0 → 686.0 → 783.0 → 2032.0 → 782.0 → 784.0 → 2738.0 → 2737.0 → 2736.0 → 785.0 → 2031.0 → 700.0 → 677.0 → 674.0 → 678.0 → 703.0 → 4447.0 → 288.0 → 289.0 → 286.0 → 2210.0 → 285.0 → 670.0 → 4449.0 → 293.0 → 1324.0 → 290.0 → 1321.0 → 707.0 → 657.0 → 701.0 → 1311.0 → 775.0 → 665.0 → 777.0 → 870.0 → 261.0 → 863.0 → 860.0 → 858.0 → 1697.0 → 95.0 → 213.0 → 200.0 → 2147.0 → 202.0 → 857.0 → 4532.0 → 96.0 → 1308.0 → 164.0 → 192.0 → 195.0 → 173.0 → 165.0 → 187.0 → 175.0 → 176.0 → 228.0 → 2028.0 → 2208.0 → 692.0 → 4441.0 → 284.0 → 4439.0 → 283.0 → 282.0 → 4437.0 → 4436.0 → 279.0 → 4430.0 → 278.0 → 4426.0 → 277.0 → 4425.0 → 274.0 → 281.0 → 715.0 → 190.0 → 696.0 → 817.0 → 699.0 → 273.0 → 4422.0 → 272.0 → 3025.0 → 576.0 → 17521.0 → 574.0 → 17518.0 → 17517.0 → 581.0 → 17550.0 → 17552.0 → 17547.0 → 578.0 → 214.0 → 17533.0 → 579.0 → 17545.0 → 17542.0 → 161.0 → 159.0 → 188.0 → 158.0 → 221.0 → 216.0 → 155.0 → 169.0 → 168.0 → 160.0 → 156.0 → 474.0 → 457.0 → 904.0 → 2182.0 → 1967.0 → 487.0 → 461.0 → 207.0 → 212.0 → 489.0 → 223.0 → 180.0 → 183.0 → 332.0 → 886.0 → 460.0 → 465.0 → 903.0 → 462.0 → 900.0 → 477.0 → 488.0 → 471.0 → 469.0 → 467.0 → 895.0 → 189.0 → 458.0 → 463.0 → 876.0 → 892.0 → 2773.0,238
807.0,2534.0,2745.0 → 585.0 → 788.0 → 587.0 → 584.0 → 2728.0 → 583.0 → 811.0 → 799.0 → 2744.0 → 2726.0 → 582.0 → 787.0 → 2029.0 → 2532.0 → 823.0 → 232.0 → 798.0 → 263.0 → 327.0 → 231.0 → 237.0 → 2980.0 → 786.0 → 802.0 → 264.0 → 239.0 → 242.0 → 240.0 → 257.0 → 832.0 → 1664.0 → 1671.0 → 246.0 → 249.0 → 248.0 → 245.0 → 247.0 → 244.0 → 235.0 → 2978.0 → 236.0 → 2036.0 → 2977.0 → 3021.0 → 1744.0 → 234.0 → 3093.0 → 856.0 → 1742.0 → 1740.0 → 2764.0 → 1741.0 → 1743.0 → 854.0 → 4530.0 → 5214.0 → 5219.0 → 2975.0 → 851.0 → 4528.0 → 4523.0 → 4526.0 → 4527.0 → 840.0 → 4522.0 → 2969.0 → 4236.0 → 842.0 → 1733.0 → 1730.0 → 845.0 → 4216.0 → 4232.0 → 98.0 → 4525.0 → 107.0 → 4257.0 → 106.0 → 4247.0 → 1894.0 → 684.0 → 682.0 → 693.0 → 780.0 → 660.0 → 779.0 → 800.0 → 778.0 → 686.0 → 783.0 → 2032.0 → 782.0 → 784.0 → 2738.0 → 2737.0 → 2736.0 → 785.0 → 2031.0 → 700.0 → 677.0 → 674.0 → 678.0 → 703.0 → 4447.0 → 288.0 → 289.0 → 286.0 → 2210.0 → 285.0 → 670.0 → 4449.0 → 293.0 → 1324.0 → 290.0 → 1321.0 → 707.0 → 657.0 → 701.0 → 1311.0 → 775.0 → 665.0 → 777.0 → 870.0 → 261.0 → 863.0 → 860.0 → 858.0 → 1697.0 → 95.0 → 213.0 → 200.0 → 2147.0 → 202.0 → 857.0 → 4532.0 → 96.0 → 1308.0 → 164.0 → 192.0 → 195.0 → 173.0 → 165.0 → 187.0 → 175.0 → 176.0 → 228.0 → 2028.0 → 2208.0 → 692.0 → 4441.0 → 284.0 → 4439.0 → 283.0 → 282.0 → 4437.0 → 4436.0 → 279.0 → 4430.0 → 278.0 → 4426.0 → 277.0 → 4425.0 → 274.0 → 281.0 → 715.0 → 190.0 → 696.0 → 817.0 → 699.0 → 273.0 → 4422.0 → 272.0 → 3025.0 → 576.0 → 17521.0 → 574.0 → 17518.0 → 17517.0 → 581.0 → 17550.0 → 17552.0 → 17547.0 → 578.0 → 214.0 → 17533.0 → 579.0 → 17545.0 → 17542.0 → 161.0 → 159.0 → 188.0 → 158.0 → 221.0 → 216.0 → 155.0 → 169.0 → 168.0 → 160.0 → 156.0 → 474.0 → 457.0 → 904.0 → 2182.0 → 1967.0 → 487.0 → 461.0 → 207.0 → 212.0 → 489.0 → 223.0 → 180.0 → 183.0 → 332.0 → 886.0 → 460.0 → 465.0 → 903.0 → 462.0 → 900.0 → 477.0 → 488.0 → 471.0 → 469.0 → 467.0 → 895.0 → 189.0 → 458.0 → 463.0 → 876.0 → 892.0 → 2773.0,232
2745.0,807.0,585.0 → 788.0 → 587.0 → 584.0 → 2728.0 → 583.0 → 811.0 → 799.0 → 2744.0 → 2726.0 → 582.0 → 787.0 → 2029.0 → 2532.0 → 823.0 → 232.0 → 798.0 → 263.0 → 327.0 → 231.0 → 237.0 → 2980.0 → 786.0 → 802.0 → 264.0 → 239.0 → 242.0 → 240.0 → 257.0 → 832.0 → 1664.0 → 1671.0 → 246.0 → 249.0 → 248.0 → 245.0 → 247.0 → 244.0 → 235.0 → 2978.0 → 236.0 → 2036.0 → 2977.0 → 3021.0 → 1744.0 → 234.0 → 3093.0 → 856.0 → 1742.0 → 1740.0 → 2764.0 → 1741.0 → 1743.0 → 854.0 → 4530.0 → 5214.0 → 5219.0 → 2975.0 → 851.0 → 4528.0 → 4523.0 → 4526.0 → 4527.0 → 840.0 → 4522.0 → 2969.0 → 4236.0 → 842.0 → 1733.0 → 1730.0 → 845.0 → 4216.0 → 4232.0 → 98.0 → 4525.0 → 107.0 → 4257.0 → 106.0 → 4247.0 → 1894.0 → 684.0 → 682.0 → 693.0 → 780.0 → 660.0 → 779.0 → 800.0 → 778.0 → 686.0 → 783.0 → 2032.0 → 782.0 → 784.0 → 2738.0 → 2737.0 → 2736.0 → 785.0 → 2031.0 → 700.0 → 677.0 → 674.0 → 678.0 → 703.0 → 4447.0 → 288.0 → 289.0 → 286.0 → 2210.0 → 285.0 → 670.0 → 4449.0 → 293.0 → 1324.0 → 290.0 → 1321.0 → 707.0 → 657.0 → 701.0 → 1311.0 → 775.0 → 665.0 → 777.0 → 870.0 → 261.0 → 863.0 → 860.0 → 858.0 → 1697.0 → 95.0 → 213.0 → 200.0 → 2147.0 → 202.0 → 857.0 → 4532.0 → 96.0 → 1308.0 → 164.0 → 192.0 → 195.0 → 173.0 → 165.0 → 187.0 → 175.0 → 176.0 → 228.0 → 2028.0 → 2208.0 → 692.0 → 4441.0 → 284.0 → 4439.0 → 283.0 → 282.0 → 4437.0 → 4436.0 → 279.0 → 4430.0 → 278.0 → 4426.0 → 277.0 → 4425.0 → 274.0 → 281.0 → 715.0 → 190.0 → 696.0 → 817.0 → 699.0 → 273.0 → 4422.0 → 272.0 → 3025.0 → 576.0 → 17521.0 → 574.0 → 17518.0 → 17517.0 → 581.0 → 17550.0 → 17552.0 → 17547.0 → 578.0 → 214.0 → 17533.0 → 579.0 → 17545.0 → 17542.0 → 161.0 → 159.0 → 188.0 → 158.0 → 221.0 → 216.0 → 155.0 → 169.0 → 168.0 → 160.0 → 156.0 → 474.0 → 457.0 → 904.0 → 2182.0 → 1967.0 → 487.0 → 461.0 → 207.0 → 212.0 → 489.0 → 223.0 → 180.0 → 183.0 → 332.0 → 886.0 → 460.0 → 465.0 → 903.0 → 462.0 → 900.0 → 477.0 → 488.0 → 471.0 → 469.0 → 467.0 → 895.0 → 189.0 → 458.0 → 463.0 → 876.0 → 892.0 → 2773.0,231
7822.0,14060.0,7082.0 → 11508.0 → 11752.0 → 7062.0 → 12085.0 → 7081.0 → 6656.0 → 11845.0 → 11862.0 → 11915.0 → 12035.0 → 12125.0 → 12220.0 → 12173.0 → 12728.0 → 12390.0 → 13017.0 → 11491.0 → 12193.0 → 12215.0 → 6658.0 → 12473.0 → 13511.0 → 11684.0 → 12317.0 → 12640.0 → 11717.0 → 12973.0 → 12414.0 → 7807.0 → 11473.0 → 11527.0 → 11468.0 → 11467.0 → 11480.0 → 11607.0 → 11576.0 → 11623.0 → 11714.0 → 11650.0 → 11669.0 → 11626.0 → 11683.0 → 11742.0 → 11778.0 → 11745.0 → 11785.0 → 11691.0 → 11827.0 → 11773.0 → 11760.0 → 11798.0 → 11824.0 → 11911.0 → 11893.0 → 11900.0 → 11990.0 → 12064.0 → 12081.0 → 12151.0 → 12174.0 → 12177.0 → 12147.0 → 11609.0 → 12202.0 → 12254.0 → 12277.0 → 12312.0 → 12299.0 → 12346.0 → 11460.0 → 12409.0 → 12427.0 → 12434.0 → 12448.0 → 12487.0 → 12497.0 → 11823.0 → 12537.0 → 11656.0 → 12617.0 → 12622.0 → 12629.0 → 11910.0 → 12647.0 → 12756.0 → 11846.0 → 12751.0 → 11908.0 → 12808.0 → 11902.0 → 11993.0 → 12855.0 → 11522.0 → 11558.0 → 12899.0 → 12901.0 → 12441.0 → 12939.0 → 12325.0 → 12976.0 → 11578.0 → 11738.0 → 11884.0 → 12991.0 → 12993.0 → 11546.0 → 11662.0 → 11754.0 → 12260.0 → 12995.0 → 12701.0 → 12985.0 → 12680.0 → 12083.0 → 13028.0 → 12592.0 → 13053.0 → 11903.0 → 13089.0 → 12707.0 → 13137.0 → 11821.0 → 12029.0 → 12070.0 → 13145.0 → 12801.0 → 13166.0 → 12649.0 → 12258.0 → 13186.0 → 11497.0 → 11599.0 → 11761.0 → 12033.0 → 13265.0 → 11574.0 → 13263.0 → 12157.0 → 12444.0 → 12634.0 → 11591.0 → 11825.0 → 13251.0 → 12797.0 → 7775.0 → 12021.0 → 12521.0 → 12224.0 → 7772.0 → 11959.0 → 12969.0 → 11871.0 → 13440.0 → 11568.0 → 11620.0 → 12831.0 → 12896.0 → 12146.0 → 7773.0 → 12826.0 → 13107.0 → 12479.0 → 13491.0 → 11706.0 → 11914.0 → 12702.0 → 13529.0 → 7796.0 → 12546.0 → 13537.0 → 11920.0 → 12185.0 → 12685.0 → 12762.0 → 11686.0 → 13540.0 → 12335.0 → 13302.0 → 11617.0 → 12052.0 → 12450.0 → 12654.0 → 13553.0 → 11733.0 → 13381.0 → 11663.0 → 11887.0 → 12161.0 → 12946.0 → 12051.0 → 7800.0 → 13118.0 → 13373.0 → 13268.0 → 11439.0 → 12110.0 → 12463.0 → 12451.0 → 7802.0 → 13627.0 → 12805.0 → 13160.0 → 12719.0 → 13168.0 → 12945.0 → 11649.0 → 13690.0 → 11787.0 → 7798.0 → 11582.0 → 12191.0 → 7797.0 → 11556.0 → 12830.0 → 11447.0 → 11793.0 → 11944.0 → 13696.0 → 13628.0 → 11729.0 → 12139.0 → 13524.0 → 12471.0 → 12615.0 → 13138.0 → 12657.0 → 11922.0,228
7082.0,7822.0,11508.0 → 11752.0 → 7062.0 → 12085.0 → 7081.0 → 6656.0 → 11845.0 → 11862.0 → 11915.0 → 12035.0 → 12125.0 → 12220.0 → 12173.0 → 12728.0 → 12390.0 → 13017.0 → 11491.0 → 12193.0 → 12215.0 → 6658.0 → 12473.0 → 13511.0 → 11684.0 → 12317.0 → 12640.0 → 11717.0 → 12973.0 → 12414.0 → 7807.0 → 11473.0 → 11527.0 → 11468.0 → 11467.0 → 11480.0 → 11607.0 → 11576.0 → 11623.0 → 11714.0 → 11650.0 → 11669.0 → 11626.0 → 11683.0 → 11742.0 → 11778.0 → 11745.0 → 11785.0 → 11691.0 → 11827.0 → 11773.0 → 11760.0 → 11798.0 → 11824.0 → 11911.0 → 11893.0 → 11900.0 → 11990.0 → 12064.0 → 12081.0 → 12151.0 → 12174.0 → 12177.0 → 12147.0 → 11609.0 → 12202.0 → 12254.0 → 12277.0 → 12312.0 → 12299.0 → 12346.0 → 11460.0 → 12409.0 → 12427.0 → 12434.0 → 12448.0 → 12487.0 → 12497.0 → 11823.0 → 12537.0 → 11656.0 → 12617.0 → 12622.0 → 12629.0 → 11910.0 → 12647.0 → 12756.0 → 11846.0 → 12751.0 → 11908.0 → 12808.0 → 11902.0 → 11993.0 → 12855.0 → 11522.0 → 11558.0 → 12899.0 → 12901.0 → 12441.0 → 12939.0 → 12325.0 → 12976.0 → 11578.0 → 11738.0 → 11884.0 → 12991.0 → 12993.0 → 11546.0 → 11662.0 → 11754.0 → 12260.0 → 12995.0 → 12701.0 → 12985.0 → 12680.0 → 12083.0 → 13028.0 → 12592.0 → 13053.0 → 11903.0 → 13089.0 → 12707.0 → 13137.0 → 11821.0 → 12029.0 → 12070.0 → 13145.0 → 12801.0 → 13166.0 → 12649.0 → 12258.0 → 13186.0 → 11497.0 → 11599.0 → 11761.0 → 12033.0 → 13265.0 → 11574.0 → 13263.0 → 12157.0 → 12444.0 → 12634.0 → 11591.0 → 11825.0 → 13251.0 → 12797.0 → 7775.0 → 12021.0 → 12521.0 → 12224.0 → 7772.0 → 11959.0 → 12969.0 → 11871.0 → 13440.0 → 11568.0 → 11620.0 → 12831.0 → 12896.0 → 12146.0 → 7773.0 → 12826.0 → 13107.0 → 12479.0 → 13491.0 → 11706.0 → 11914.0 → 12702.0 → 13529.0 → 7796.0 → 12546.0 → 13537.0 → 11920.0 → 12185.0 → 12685.0 → 12762.0 → 11686.0 → 13540.0 → 12335.0 → 13302.0 → 11617.0 → 12052.0 → 12450.0 → 12654.0 → 13553.0 → 11733.0 → 13381.0 → 11663.0 → 11887.0 → 12161.0 → 12946.0 → 12051.0 → 7800.0 → 13118.0 → 13373.0 → 13268.0 → 11439.0 → 12110.0 → 12463.0 → 12451.0 → 7802.0 → 13627.0 → 12805.0 → 13160.0 → 12719.0 → 13168.0 → 12945.0 → 11649.0 → 13690.0 → 11787.0 → 7798.0 → 11582.0 → 12191.0 → 7797.0 → 11556.0 → 12830.0 → 11447.0 → 11793.0 → 11944.0 → 13696.0 → 13628.0 → 11729.0 → 12139.0 → 13524.0 → 12471.0 → 12615.0 → 13138.0 → 12657.0 → 11922.0,227
2744.0,2745.0,2726.0 → 582.0 → 787.0 → 2029.0 → 2532.0 → 823.0 → 232.0 → 798.0 → 263.0 → 327.0 → 231.0 → 237.0 → 2980.0 → 786.0 → 802.0 → 264.0 → 239.0 → 242.0 → 240.0 → 257.0 → 832.0 → 1664.0 → 1671.0 → 246.0 → 249.0 → 248.0 → 245.0 → 247.0 → 244.0 → 235.0 → 2978.0 → 236.0 → 2036.0 → 2977.0 → 3021.0 → 1744.0 → 234.0 → 3093.0 → 856.0 → 1742.0 → 1740.0 → 2764.0 → 1741.0 → 1743.0 → 854.0 → 4530.0 → 5214.0 → 5219.0 → 2975.0 → 851.0 → 4528.0 → 4523.0 → 4526.0 → 4527.0 → 840.0 → 4522.0 → 2969.0 → 4236.0 → 842.0 → 1733.0 → 1730.0 → 845.0 → 4216.0 → 4232.0 → 98.0 → 4525.0 → 107.0 → 4257.0 → 106.0 → 4247.0 → 1894.0 → 684.0 → 682.0 → 693.0 → 780.0 → 660.0 → 779.0 → 800.0 → 778.0 → 686.0 → 783.0 → 2032.0 → 782.0 → 784.0 → 2738.0 → 2737.0 → 2736.0 → 785.0 → 2031.0 → 700.0 → 677.0 → 674.0 → 678.0 → 703.0 → 4447.0 → 288.0 → 289.0 → 286.0 → 2210.0 → 285.0 → 670.0 → 4449.0 → 293.0 → 1324.0 → 290.0 → 1321.0 → 707.0 → 657.0 → 701.0 → 1311.0 → 775.0 → 665.0 → 777.0 → 870.0 → 261.0 → 863.0 → 860.0 → 858.0 → 1697.0 → 95.0 → 213.0 → 200.0 → 2147.0 → 202.0 → 857.0 → 4532.0 → 96.0 → 1308.0 → 164.0 → 192.0 → 195.0 → 173.0 → 165.0 → 187.0 → 175.0 → 176.0 → 228.0 → 2028.0 → 2208.0 → 692.0 → 4441.0 → 284.0 → 4439.0 → 283.0 → 282.0 → 4437.0 → 4436.0 → 279.0 → 4430.0 → 278.0 → 4426.0 → 277.0 → 4425.0 → 274.0 → 281.0 → 715.0 → 190.0 → 696.0 → 817.0 → 699.0 → 273.0 → 4422.0 → 272.0 → 3025.0 → 576.0 → 17521.0 → 574.0 → 17518.0 → 17517.0 → 581.0 → 17550.0 → 17552.0 → 17547.0 → 578.0 → 214.0 → 17533.0 → 579.0 → 17545.0 → 17542.0 → 161.0 → 159.0 → 188.0 → 158.0 → 221.0 → 216.0 → 155.0 → 169.0 → 168.0 → 160.0 → 156.0 → 474.0 → 457.0 → 904.0 → 2182.0 → 1967.0 → 487.0 → 461.0 → 207.0 → 212.0 → 489.0 → 223.0 → 180.0 → 183.0 → 332.0 → 886.0 → 460.0 → 465.0 → 903.0 → 462.0 → 900.0 → 477.0 → 488.0 → 471.0 → 469.0 → 467.0 → 895.0 → 189.0 → 458.0 → 463.0 → 876.0 → 892.0 → 2773.0,222
2029.0,2744.0,2532.0 → 823.0 → 232.0 → 798.0 → 263.0 → 327.0 → 231.0 → 237.0 → 2980.0 → 786.0 → 802.0 → 264.0 → 239.0 → 242.0 → 240.0 → 257.0 → 832.0 → 1664.0 → 1671.0 → 246.0 → 249.0 → 248.0 → 245.0 → 247.0 → 244.0 → 235.0 → 2978.0 → 236.0 → 2036.0 → 2977.0 → 3021.0 → 1744.0 → 234.0 → 3093.0 → 856.0 → 1742.0 → 1740.0 → 2764.0 → 1741.0 → 1743.0 → 854.0 → 4530.0 → 5214.0 → 5219.0 → 2975.0 → 851.0 → 4528.0 → 4523.0 → 4526.0 → 4527.0 → 840.0 → 4522.0 → 2969.0 → 4236.0 → 842.0 → 1733.0 → 1730.0 → 845.0 → 4216.0 → 4232.0 → 98.0 → 4525.0 → 107.0 → 4257.0 → 106.0 → 4247.0 → 1894.0 → 684.0 → 682.0 → 693.0 → 780.0 → 660.0 → 779.0 → 800.0 → 778.0 → 686.0 → 783.0 → 2032.0 → 782.0 → 784.0 → 2738.0 → 2737.0 → 2736.0 → 785.0 → 2031.0 → 700.0 → 677.0 → 674.0 → 678.0 → 703.0 → 4447.0 → 288.0 → 289.0 → 286.0 → 2210.0 → 285.0 → 670.0 → 4449.0 → 293.0 → 1324.0 → 290.0 → 1321.0 → 707.0 → 657.0 → 701.0 → 1311.0 → 775.0 → 665.0 → 777.0 → 870.0 → 261.0 → 863.0 → 860.0 → 858.0 → 1697.0 → 95.0 → 213.0 → 200.0 → 2147.0 → 202.0 → 857.0 → 4532.0 → 96.0 → 1308.0 → 164.0 → 192.0 → 195.0 → 173.0 → 165.0 → 187.0 → 175.0 → 176.0 → 228.0 → 2028.0 → 2208.0 → 692.0 → 4441.0 → 284.0 → 4439.0 → 283.0 → 282.0 → 4437.0 → 4436.0 → 279.0 → 4430.0 → 278.0 → 4426.0 → 277.0 → 4425.0 → 274.0 → 281.0 → 715.0 → 190.0 → 696.0 → 817.0 → 699.0 → 273.0 → 4422.0 → 272.0 → 3025.0 → 576.0 → 17521.0 → 574.0 → 17518.0 → 17517.0 → 581.0 → 17550.0 → 17552.0 → 17547.0 → 578.0 → 214.0 → 17533.0 → 579.0 → 17545.0 → 17542.0 → 161.0 → 159.0 → 188.0 → 158.0 → 221.0 → 216.0 → 155.0 → 169.0 → 168.0 → 160.0 → 156.0 → 474.0 → 457.0 → 904.0 → 2182.0 → 1967.0 → 487.0 → 461.0 → 207.0 → 212.0 → 489.0 → 223.0 → 180.0 → 183.0 → 332.0 → 886.0 → 460.0 → 465.0 → 903.0 → 462.0 → 900.0 → 477.0 → 488.0 → 471.0 → 469.0 → 467.0 → 895.0 → 189.0 → 458.0 → 463.0 → 876.0 → 892.0 → 2773.0,218
2532.0,2029.0,823.0 → 232.0 → 798.0 → 263.0 → 327.0 → 231.0 → 237.0 → 2980.0 → 786.0 → 802.0 → 264.0 → 239.0 → 242.0 → 240.0 → 257.0 → 832.0 → 1664.0 → 1671.0 → 246.0 → 249.0 → 248.0 → 245.0 → 247.0 → 244.0 → 235.0 → 2978.0 → 236.0 → 2036.0 → 2977.0 → 3021.0 → 1744.0 → 234.0 → 3093.0 → 856.0 → 1742.0 → 1740.0 → 2764.0 → 1741.0 → 1743.0 → 854.0 → 4530.0 → 5214.0 → 5219.0 → 2975.0 → 851.0 → 4528.0 → 4523.0 → 4526.0 → 4527.0 → 840.0 → 4522.0 → 2969.0 → 4236.0 → 842.0 → 1733.0 → 1730.0 → 845.0 → 4216.0 → 4232.0 → 98.0 → 4525.0 → 107.0 → 4257.0 → 106.0 → 4247.0 → 1894.0 → 684.0 → 682.0 → 693.0 → 780.0 → 660.0 → 779.0 → 800.0 → 778.0 → 686.0 → 783.0 → 2032.0 → 782.0 → 784.0 → 2738.0 → 2737.0 → 2736.0 → 785.0 → 2031.0 → 700.0 → 677.0 → 674.0 → 678.0 → 703.0 → 4447.0 → 288.0 → 289.0 → 286.0 → 2210.0 → 285.0 → 670.0 → 4449.0 → 293.0 → 1324.0 → 290.0 → 1321.0 → 707.0 → 657.0 → 701.0 → 1311.0 → 775.0 → 665.0 → 777.0 → 870.0 → 261.0 → 863.0 → 860.0 → 858.0 → 1697.0 → 95.0 → 213.0 → 200.0 → 2147.0 → 202.0 → 857.0 → 4532.0 → 96.0 → 1308.0 → 164.0 → 192.0 → 195.0 → 173.0 → 165.0 → 187.0 → 175.0 → 176.0 → 228.0 → 2028.0 → 2208.0 → 692.0 → 4441.0 → 284.0 → 4439.0 → 283.0 → 282.0 → 4437.0 → 4436.0 → 279.0 → 4430.0 → 278.0 → 4426.0 → 277.0 → 4425.0 → 274.0 → 281.0 → 715.0 → 190.0 → 696.0 → 817.0 → 699.0 → 273.0 → 4422.0 → 272.0 → 3025.0 → 576.0 → 17521.0 → 574.0 → 17518.0 → 17517.0 → 581.0 → 17550.0 → 17552.0 → 17547.0 → 578.0 → 214.0 → 17533.0 → 579.0 → 17545.0 → 17542.0 → 161.0 → 159.0 → 188.0 → 158.0 → 221.0 → 216.0 → 155.0 → 169.0 → 168.0 → 160.0 → 156.0 → 474.0 → 457.0 → 904.0 → 2182.0 → 1967.0 → 487.0 → 461.0 → 207.0 → 212.0 → 489.0 → 223.0 → 180.0 → 183.0 → 332.0 → 886.0 → 460.0 → 465.0 → 903.0 → 462.0 → 900.0 → 477.0 → 488.0 → 471.0 → 469.0 → 467.0 → 895.0 → 189.0 → 458.0 → 463.0 → 876.0 → 892.0 → 2773.0,217
798.0,2532.0,263.0 → 327.0 → 231.0 → 237.0 → 2980.0 → 786.0 → 802.0 → 264.0 → 239.0 → 242.0 → 240.0 → 257.0 → 832.0 → 1664.0 → 1671.0 → 246.0 → 249.0 → 248.0 → 245.0 → 247.0 → 244.0 → 235.0 → 2978.0 → 236.0 → 2036.0 → 2977.0 → 3021.0 → 1744.0 → 234.0 → 3093.0 → 856.0 → 1742.0 → 1740.0 → 2764.0 → 1741.0 → 1743.0 → 854.0 → 4530.0 → 5214.0 → 5219.0 → 2975.0 → 851.0 → 4528.0 → 4523.0 → 4526.0 → 4527.0 → 840.0 → 4522.0 → 2969.0 → 4236.0 → 842.0 → 1733.0 → 1730.0 → 845.0 → 4216.0 → 4232.0 → 98.0 → 4525.0 → 107.0 → 4257.0 → 106.0 → 4247.0 → 1894.0 → 684.0 → 682.0 → 693.0 → 780.0 → 660.0 → 779.0 → 800.0 → 778.0 → 686.0 → 783.0 → 2032.0 → 782.0 → 784.0 → 2738.0 → 2737.0 → 2736.0 → 785.0 → 2031.0 → 700.0 → 677.0 → 674.0 → 678.0 → 703.0 → 4447.0 → 288.0 → 289.0 → 286.0 → 2210.0 → 285.0 → 670.0 → 4449.0 → 293.0 → 1324.0 → 290.0 → 1321.0 → 707.0 → 657.0 → 701.0 → 1311.0 → 775.0 → 665.0 → 777.0 → 870.0 → 261.0 → 863.0 → 860.0 → 858.0 → 1697.0 → 95.0 → 213.0 → 200.0 → 2147.0 → 202.0 → 857.0 → 4532.0 → 96.0 → 1308.0 → 164.0 → 192.0 → 195.0 → 173.0 → 165.0 → 187.0 → 175.0 → 176.0 → 228.0 → 2028.0 → 2208.0 → 692.0 → 4441.0 → 284.0 → 4439.0 → 283.0 → 282.0 → 4437.0 → 4436.0 → 279.0 → 4430.0 → 278.0 → 4426.0 → 277.0 → 4425.0 → 274.0 → 281.0 → 715.0 → 190.0 → 696.0 → 817.0 → 699.0 → 273.0 → 4422.0 → 272.0 → 3025.0 → 576.0 → 17521.0 → 574.0 → 17518.0 → 17517.0 → 581.0 → 17550.0 → 17552.0 → 17547.0 → 578.0 → 214.0 → 17533.0 → 579.0 → 17545.0 → 17542.0 → 161.0 → 159.0 → 188.0 → 158.0 → 221.0 → 216.0 → 155.0 → 169.0 → 168.0 → 160.0 → 156.0 → 474.0 → 457.0 → 904.0 → 2182.0 → 1967.0 → 487.0 → 461.0 → 207.0 → 212.0 → 489.0 → 223.0 → 180.0 → 183.0 → 332.0 → 886.0 → 460.0 → 465.0 → 903.0 → 462.0 → 900.0 → 477.0 → 488.0 → 471.0 → 469.0 → 467.0 → 895.0 → 189.0 → 458.0 → 463.0 → 876.0 → 892.0 → 2773.0,214
7807.0,7082.0,11473.0 → 11527.0 → 11468.0 → 11467.0 → 11480.0 → 11607.0 → 11576.0 → 11623.0 → 11714.0 → 11650.0 → 11669.0 → 11626.0 → 11683.0 → 11742.0 → 11778.0 → 11745.0 → 11785.0 → 11691.0 → 11827.0 → 11773.0 → 11760.0 → 11798.0 → 11824.0 → 11911.0 → 11893.0 → 11900.0 → 11990.0 → 12064.0 → 12081.0 → 12151.0 → 12174.0 → 12177.0 → 12147.0 → 11609.0 → 12202.0 → 12254.0 → 12277.0 → 12312.0 → 12299.0 → 12346.0 → 11460.0 → 12409.0 → 12427.0 → 12434.0 → 12448.0 → 12487.0 → 12497.0 → 11823.0 → 12537.0 → 11656.0 → 12617.0 → 12622.0 → 12629.0 → 11910.0 → 12647.0 → 12756.0 → 11846.0 → 12751.0 → 11908.0 → 12808.0 → 11902.0 → 11993.0 → 12855.0 → 11522.0 → 11558.0 → 12899.0 → 12901.0 → 12441.0 → 12939.0 → 12325.0 → 12976.0 → 11578.0 → 11738.0 → 11884.0 → 12991.0 → 12993.0 → 11546.0 → 11662.0 → 11754.0 → 12260.0 → 12995.0 → 12701.0 → 12985.0 → 12680.0 → 12083.0 → 13028.0 → 12592.0 → 13053.0 → 11903.0 → 13089.0 → 12707.0 → 13137.0 → 11821.0 → 12029.0 → 12070.0 → 13145.0 → 12801.0 → 13166.0 → 12649.0 → 12258.0 → 13186.0 → 11497.0 → 11599.0 → 11761.0 → 12033.0 → 13265.0 → 11574.0 → 13263.0 → 12157.0 → 12444.0 → 12634.0 → 11591.0 → 11825.0 → 13251.0 → 12797.0 → 7775.0 → 12021.0 → 12521.0 → 12224.0 → 7772.0 → 11959.0 → 12969.0 → 11871.0 → 13440.0 → 11568.0 → 11620.0 → 12831.0 → 12896.0 → 12146.0 → 7773.0 → 12826.0 → 13107.0 → 12479.0 → 13491.0 → 11706.0 → 11914.0 → 12702.0 → 13529.0 → 7796.0 → 12546.0 → 13537.0 → 11920.0 → 12185.0 → 12685.0 → 12762.0 → 11686.0 → 13540.0 → 12335.0 → 13302.0 → 11617.0 → 12052.0 → 12450.0 → 12654.0 → 13553.0 → 11733.0 → 13381.0 → 11663.0 → 11887.0 → 12161.0 → 12946.0 → 12051.0 → 7800.0 → 13118.0 → 13373.0 → 13268.0 → 11439.0 → 12110.0 → 12463.0 → 12451.0 → 7802.0 → 13627.0 → 12805.0 → 13160.0 → 12719.0 → 13168.0 → 12945.0 → 11649.0 → 13690.0 → 11787.0 → 7798.0 → 11582.0 → 12191.0 → 7797.0 → 11556.0 → 12830.0 → 11447.0 → 11793.0 → 11944.0 → 13696.0 → 13628.0 → 11729.0 → 12139.0 → 13524.0 → 12471.0 → 12615.0 → 13138.0 → 12657.0 → 11922.0,198
6372.0,,11730.0 → 11842.0 → 12869.0 → 12879.0 → 13194.0 → 13327.0 → 13339.0 → 12968.0 → 13533.0 → 7628.0 → 13606.0 → 13546.0 → 13735.0 → 13531.0 → 6406.0 → 13830.0 → 13589.0 → 13867.0 → 13443.0 → 13741.0 → 13411.0 → 12560.0 → 14057.0 → 12136.0 → 6425.0 → 11652.0 → 12673.0 → 14055.0 → 11972.0 → 13338.0 → 12257.0 → 13408.0 → 11750.0 → 11851.0 → 11928.0 → 13116.0 → 12573.0 → 11694.0 → 11782.0 → 13833.0 → 12735.0 → 12828.0 → 12361.0 → 13677.0 → 12664.0 → 12951.0 → 12785.0 → 13228.0 → 12666.0 → 14047.0 → 13033.0 → 13662.0 → 13099.0 → 14044.0 → 7713.0 → 13969.0 → 6941.0 → 7729.0 → 14027.0 → 12792.0 → 12931.0 → 11889.0 → 6940.0 → 6914.0 → 14070.0 → 13995.0 → 11512.0 → 12132.0 → 12088.0 → 12337.0 → 13910.0 → 13813.0 → 13558.0 → 12556.0 → 6377.0 → 12942.0 → 12981.0 → 7544.0 → 13013.0 → 7590.0 → 13560.0 → 13462.0 → 13921.0 → 7517.0 → 13310.0 → 13750.0 → 12402.0 → 12950.0 → 12597.0 → 7513.0 → 13222.0 → 11918.0 → 13221.0 → 13795.0 → 13716.0 → 13436.0 → 11554.0 → 13981.0 → 11774.0 → 13360.0 → 13255.0 → 13949.0 → 12775.0 → 13773.0 → 13744.0 → 13918.0 → 13574.0 → 12619.0 → 12819.0 → 13876.0 → 6343.0 → 6381.0 → 6401.0 → 13042.0 → 6424.0 → 13964.0 → 13959.0 → 13599.0 → 13270.0 → 13837.0 → 13906.0 → 13454.0 → 13149.0 → 13344.0 → 13903.0 → 13819.0 → 12978.0 → 14059.0 → 12341.0 → 13005.0 → 13970.0 → 14058.0 → 13694.0 → 6392.0 → 13008.0 → 12638.0 → 7631.0 → 14069.0 → 7670.0 → 13420.0 → 6415.0 → 13676.0 → 6429.0 → 12947.0 → 13723.0 → 13475.0 → 13093.0 → 14052.0 → 6431.0 → 13375.0 → 12937.0 → 12356.0 → 13210.0 → 6451.0 → 13568.0 → 13567.0 → 13041.0 → 13847.0 → 13120.0 → 14068.0 → 13480.0 → 15571.0 → 6378.0 → 13070.0 → 6383.0 → 7656.0 → 13706.0 → 13337.0 → 13905.0 → 6400.0 → 7658.0 → 7646.0 → 14042.0 → 7660.0 → 7651.0 → 7663.0 → 7717.0 → 7661.0 → 15707.0 → 7678.0 → 7882.0 → 7669.0 → 15709.0,183
6004.0,6099.0,5997.0 → 16113.0 → 5989.0 → 16116.0 → 5975.0 → 15913.0 → 5929.0 → 15909.0 → 15910.0 → 5893.0 → 15911.0 → 15908.0 → 5953.0 → 15923.0 → 15921.0 → 5947.0 → 15922.0 → 5922.0 → 15919.0 → 15918.0 → 5911.0 → 15915.0 → 15917.0 → 5938.0 → 15901.0 → 15897.0 → 5928.0 → 15907.0 → 5902.0 → 15900.0 → 15899.0 → 15898.0 → 5920.0 → 15903.0 → 5908.0 → 5898.0 → 5892.0 → 15904.0 → 15906.0 → 5901.0 → 15931.0 → 15896.0 → 15924.0 → 15925.0 → 5825.0 → 5848.0 → 15927.0 → 5840.0 → 15926.0 → 15928.0 → 5873.0 → 5865.0 → 5852.0 → 5841.0 → 5838.0 → 15893.0 → 15894.0 → 5792.0 → 5846.0 → 5839.0 → 5981.0 → 15993.0 → 5995.0 → 15992.0 → 5969.0 → 15990.0 → 5957.0 → 15989.0 → 15988.0 → 5965.0 → 15980.0 → 15981.0 → 5968.0 → 5963.0 → 15984.0 → 15985.0 → 5974.0 → 15987.0 → 5970.0 → 5980.0 → 15986.0 → 5960.0 → 15995.0 → 5942.0 → 15996.0 → 5946.0 → 5950.0 → 15979.0 → 15977.0 → 15978.0 → 5924.0 → 15997.0 → 5923.0 → 5913.0 → 5912.0 → 15968.0 → 15967.0 → 5917.0 → 16000.0 → 5909.0 → 5927.0 → 5896.0 → 5887.0 → 15976.0 → 15971.0 → 5899.0 → 5921.0 → 5939.0 → 5936.0 → 15974.0 → 5952.0 → 15972.0 → 5914.0 → 15961.0 → 15964.0 → 15949.0 → 15950.0 → 15960.0 → 15956.0 → 15965.0 → 15966.0 → 15963.0 → 15962.0 → 5801.0 → 15951.0 → 15952.0 → 15953.0 → 5829.0 → 15954.0 → 5815.0 → 5882.0 → 5856.0 → 5768.0 → 5802.0 → 15948.0 → 5862.0 → 5861.0 → 15957.0 → 5885.0 → 5879.0 → 5874.0 → 5859.0 → 5836.0 → 5819.0 → 5849.0 → 5853.0 → 5847.0 → 15955.0 → 5857.0 → 5871.0 → 5766.0 → 15947.0 → 15936.0 → 5799.0 → 5813.0 → 15944.0 → 15945.0 → 5844.0 → 15946.0 → 5752.0 → 15943.0 → 15933.0 → 5780.0 → 5798.0 → 15942.0 → 5751.0 → 5741.0 → 15937.0 → 15938.0 → 5755.0 → 15939.0 → 15940.0 → 5759.0 → 15941.0 → 5807.0 → 5812.0 → 5817.0,177
5997.0,6004.0,16113.0 → 5989.0 → 16116.0 → 5975.0 → 15913.0 → 5929.0 → 15909.0 → 15910.0 → 5893.0 → 15911.0 → 15908.0 → 5953.0 → 15923.0 → 15921.0 → 5947.0 → 15922.0 → 5922.0 → 15919.0 → 15918.0 → 5911.0 → 15915.0 → 15917.0 → 5938.0 → 15901.0 → 15897.0 → 5928.0 → 15907.0 → 5902.0 → 15900.0 → 15899.0 → 15898.0 → 5920.0 → 15903.0 → 5908.0 → 5898.0 → 5892.0 → 15904.0 → 15906.0 → 5901.0 → 15931.0 → 15896.0 → 15924.0 → 15925.0 → 5825.0 → 5848.0 → 15927.0 → 5840.0 → 15926.0 → 15928.0 → 5873.0 → 5865.0 → 5852.0 → 5841.0 → 5838.0 → 15893.0 → 15894.0 → 5792.0 → 5846.0 → 5839.0 → 5981.0 → 15993.0 → 5995.0 → 15992.0 → 5969.0 → 15990.0 → 5957.0 → 15989.0 → 15988.0 → 5965.0 → 15980.0 → 15981.0 → 5968.0 → 5963.0 → 15984.0 → 15985.0 → 5974.0 → 15987.0 → 5970.0 → 5980.0 → 15986.0 → 5960.0 → 15995.0 → 5942.0 → 15996.0 → 5946.0 → 5950.0 → 15979.0 → 15977.0 → 15978.0 → 5924.0 → 15997.0 → 5923.0 → 5913.0 → 5912.0 → 15968.0 → 15967.0 → 5917.0 → 16000.0 → 5909.0 → 5927.0 → 5896.0 → 5887.0 → 15976.0 → 15971.0 → 5899.0 → 5921.0 → 5939.0 → 5936.0 → 15974.0 → 5952.0 → 15972.0 → 5914.0 → 15961.0 → 15964.0 → 15949.0 → 15950.0 → 15960.0 → 15956.0 → 15965.0 → 15966.0 → 15963.0 → 15962.0 → 5801.0 → 15951.0 → 15952.0 → 15953.0 → 5829.0 → 15954.0 → 5815.0 → 5882.0 → 5856.0 → 5768.0 → 5802.0 → 15948.0 → 5862.0 → 5861.0 → 15957.0 → 5885.0 → 5879.0 → 5874.0 → 5859.0 → 5836.0 → 5819.0 → 5849.0 → 5853.0 → 5847.0 → 15955.0 → 5857.0 → 5871.0 → 5766.0 → 15947.0 → 15936.0 → 5799.0 → 5813.0 → 15944.0 → 15945.0 → 5844.0 → 15946.0 → 5752.0 → 15943.0 → 15933.0 → 5780.0 → 5798.0 → 15942.0 → 5751.0 → 5741.0 → 15937.0 → 15938.0 → 5755.0 → 15939.0 → 15940.0 → 5759.0 → 15941.0 → 5807.0 → 5812.0 → 5817.0,176
5422.0,,16492.0 → 16494.0 → 5448.0 → 5447.0 → 16509.0 → 16551.0 → 16561.0 → 16500.0 → 16517.0 → 5470.0 → 16549.0 → 5484.0 → 7048.0 → 16511.0 → 16510.0 → 5459.0 → 5443.0 → 5494.0 → 16562.0 → 16557.0 → 16601.0 → 16570.0 → 16567.0 → 16552.0 → 16558.0 → 5483.0 → 5468.0 → 5478.0 → 5507.0 → 5512.0 → 16602.0 → 5479.0 → 5510.0 → 16588.0 → 5531.0 → 16596.0 → 5542.0 → 5514.0 → 16586.0 → 16581.0 → 16584.0 → 16560.0 → 5496.0 → 16522.0 → 5502.0 → 16519.0 → 5497.0 → 5518.0 → 16556.0 → 5538.0 → 16544.0 → 5539.0 → 16578.0 → 16577.0 → 5524.0 → 16540.0 → 16528.0 → 16554.0 → 16553.0 → 5528.0 → 16527.0 → 16537.0 → 16532.0 → 5527.0 → 16531.0 → 5534.0 → 5526.0 → 16526.0 → 5522.0 → 16533.0 → 16530.0 → 5520.0 → 16542.0 → 5517.0 → 5521.0 → 16817.0 → 16821.0 → 16750.0 → 16820.0 → 5532.0 → 5536.0 → 16813.0 → 5549.0 → 16773.0 → 16704.0 → 16786.0 → 5571.0 → 16761.0 → 16712.0 → 16758.0 → 5573.0 → 16764.0 → 16763.0 → 5575.0 → 16768.0 → 16767.0 → 5618.0 → 16716.0 → 16718.0 → 16736.0 → 16805.0 → 5622.0 → 16723.0 → 16705.0 → 16810.0 → 5608.0 → 16729.0 → 16733.0 → 16726.0 → 5626.0 → 16710.0 → 16783.0 → 16790.0 → 5533.0 → 16503.0 → 16501.0 → 5556.0 → 5581.0 → 5546.0 → 16504.0 → 16744.0 → 16649.0 → 16497.0 → 5585.0 → 16644.0 → 16490.0 → 16622.0 → 16605.0 → 16612.0 → 16668.0 → 16604.0 → 16487.0 → 16643.0 → 16611.0 → 16640.0 → 16616.0 → 16613.0 → 16645.0 → 16609.0 → 16634.0 → 16603.0 → 16635.0 → 5598.0 → 16626.0 → 16623.0 → 16624.0 → 5583.0 → 16620.0 → 5567.0 → 16608.0 → 5600.0 → 16594.0 → 16661.0 → 16660.0 → 16663.0 → 16667.0 → 5606.0 → 16665.0 → 5612.0 → 16671.0 → 16670.0,161
5447.0,5422.0,16509.0 → 16551.0 → 16561.0 → 16500.0 → 16517.0 → 5470.0 → 16549.0 → 5484.0 → 7048.0 → 16511.0 → 16510.0 → 5459.0 → 5443.0 → 5494.0 → 16562.0 → 16557.0 → 16601.0 → 16570.0 → 16567.0 → 16552.0 → 16558.0 → 5483.0 → 5468.0 → 5478.0 → 5507.0 → 5512.0 → 16602.0 → 5479.0 → 5510.0 → 16588.0 → 5531.0 → 16596.0 → 5542.0 → 5514.0 → 16586.0 → 16581.0 → 16584.0 → 16560.0 → 5496.0 → 16522.0 → 5502.0 → 16519.0 → 5497.0 → 5518.0 → 16556.0 → 5538.0 → 16544.0 → 5539.0 → 16578.0 → 16577.0 → 5524.0 → 16540.0 → 16528.0 → 16554.0 → 16553.0 → 5528.0 → 16527.0 → 16537.0 → 16532.0 → 5527.0 → 16531.0 → 5534.0 → 5526.0 → 16526.0 → 5522.0 → 16533.0 → 16530.0 → 5520.0 → 16542.0 → 5517.0 → 5521.0 → 16817.0 → 16821.0 → 16750.0 → 16820.0 → 5532.0 → 5536.0 → 16813.0 → 5549.0 → 16773.0 → 16704.0 → 16786.0 → 5571.0 → 16761.0 → 16712.0 → 16758.0 → 5573.0 → 16764.0 → 16763.0 → 5575.0 → 16768.0 → 16767.0 → 5618.0 → 16716.0 → 16718.0 → 16736.0 → 16805.0 → 5622.0 → 16723.0 → 16705.0 → 16810.0 → 5608.0 → 16729.0 → 16733.0 → 16726.0 → 5626.0 → 16710.0 → 16783.0 → 16790.0 → 5533.0 → 16503.0 → 16501.0 → 5556.0 → 5581.0 → 5546.0 → 16504.0 → 16744.0 → 16649.0 → 16497.0 → 5585.0 → 16644.0 → 16490.0 → 16622.0 → 16605.0 → 16612.0 → 16668.0 → 16604.0 → 16487.0 → 16643.0 → 16611.0 → 16640.0 → 16616.0 → 16613.0 → 16645.0 → 16609.0 → 16634.0 → 16603.0 → 16635.0 → 5598.0 → 16626.0 → 16623.0 → 16624.0 → 5583.0 → 16620.0 → 5567.0 → 16608.0 → 5600.0 → 16594.0 → 16661.0 → 16660.0 → 16663.0 → 16667.0 → 5606.0 → 16665.0 → 5612.0 → 16671.0 → 16670.0,157
5494.0,5447.0,16562.0 → 16557.0 → 16601.0 → 16570.0 → 16567.0 → 16552.0 → 16558.0 → 5483.0 → 5468.0 → 5478.0 → 5507.0 → 5512.0 → 16602.0 → 5479.0 → 5510.0 → 16588.0 → 5531.0 → 16596.0 → 5542.0 → 5514.0 → 16586.0 → 16581.0 → 16584.0 → 16560.0 → 5496.0 → 16522.0 → 5502.0 → 16519.0 → 5497.0 → 5518.0 → 16556.0 → 5538.0 → 16544.0 → 5539.0 → 16578.0 → 16577.0 → 5524.0 → 16540.0 → 16528.0 → 16554.0 → 16553.0 → 5528.0 → 16527.0 → 16537.0 → 16532.0 → 5527.0 → 16531.0 → 5534.0 → 5526.0 → 16526.0 → 5522.0 → 16533.0 → 16530.0 → 5520.0 → 16542.0 → 5517.0 → 5521.0 → 16817.0 → 16821.0 → 16750.0 → 16820.0 → 5532.0 → 5536.0 → 16813.0 → 5549.0 → 16773.0 → 16704.0 → 16786.0 → 5571.0 → 16761.0 → 16712.0 → 16758.0 → 5573.0 → 16764.0 → 16763.0 → 5575.0 → 16768.0 → 16767.0 → 5618.0 → 16716.0 → 16718.0 → 16736.0 → 16805.0 → 5622.0 → 16723.0 → 16705.0 → 16810.0 → 5608.0 → 16729.0 → 16733.0 → 16726.0 → 5626.0 → 16710.0 → 16783.0 → 16790.0 → 5533.0 → 16503.0 → 16501.0 → 5556.0 → 5581.0 → 5546.0 → 16504.0 → 16744.0 → 16649.0 → 16497.0 → 5585.0 → 16644.0 → 16490.0 → 16622.0 → 16605.0 → 16612.0 → 16668.0 → 16604.0 → 16487.0 → 16643.0 → 16611.0 → 16640.0 → 16616.0 → 16613.0 → 16645.0 → 16609.0 → 16634.0 → 16603.0 → 16635.0 → 5598.0 → 16626.0 → 16623.0 → 16624.0 → 5583.0 → 16620.0 → 5567.0 → 16608.0 → 5600.0 → 16594.0 → 16661.0 → 16660.0 → 16663.0 → 16667.0 → 5606.0 → 16665.0 → 5612.0 → 16671.0 → 16670.0,143
5591.0,,5597.0 → 16963.0 → 5617.0 → 16982.0 → 16985.0 → 16936.0 → 16981.0 → 16980.0 → 7145.0 → 7146.0 → 16899.0 → 16900.0 → 5662.0 → 16905.0 → 16949.0 → 7147.0 → 5647.0 → 5648.0 → 16947.0 → 5687.0 → 16986.0 → 5693.0 → 17042.0 → 16881.0 → 16997.0 → 17012.0 → 16932.0 → 17015.0 → 17014.0 → 5708.0 → 5733.0 → 15807.0 → 17002.0 → 17005.0 → 5744.0 → 17003.0 → 15808.0 → 16975.0 → 5718.0 → 16976.0 → 5722.0 → 15791.0 → 15792.0 → 15789.0 → 15790.0 → 15796.0 → 15800.0 → 15793.0 → 15798.0 → 16888.0 → 5788.0 → 15795.0 → 5763.0 → 15905.0 → 5704.0 → 5712.0 → 5716.0 → 16962.0 → 16961.0 → 16907.0 → 5725.0 → 5739.0 → 5749.0 → 15805.0 → 5727.0 → 15804.0 → 5703.0 → 16950.0 → 16952.0 → 5668.0 → 16957.0 → 17018.0 → 5688.0 → 16934.0 → 16892.0 → 5679.0 → 5683.0 → 16933.0 → 16890.0 → 16891.0 → 16927.0 → 5631.0 → 16939.0 → 17010.0 → 5634.0 → 16945.0 → 16946.0 → 5642.0 → 16971.0 → 5649.0 → 16931.0 → 17000.0 → 16938.0 → 16885.0 → 16883.0 → 5637.0 → 16898.0 → 5635.0 → 5655.0 → 16845.0 → 16857.0 → 5646.0 → 16929.0 → 16917.0 → 16916.0 → 16956.0 → 17004.0 → 16843.0 → 5670.0 → 16878.0 → 5669.0 → 5656.0 → 5667.0 → 16877.0 → 5698.0 → 5697.0 → 5681.0 → 5677.0 → 16858.0 → 16874.0 → 16872.0 → 16848.0 → 17008.0 → 16850.0 → 5701.0 → 16854.0 → 16973.0 → 5711.0 → 16867.0 → 16840.0 → 16868.0 → 16863.0,132
5617.0,5591.0,16982.0 → 16985.0 → 16936.0 → 16981.0 → 16980.0 → 7145.0 → 7146.0 → 16899.0 → 16900.0 → 5662.0 → 16905.0 → 16949.0 → 7147.0 → 5647.0 → 5648.0 → 16947.0 → 5687.0 → 16986.0 → 5693.0 → 17042.0 → 16881.0 → 16997.0 → 17012.0 → 16932.0 → 17015.0 → 17014.0 → 5708.0 → 5733.0 → 15807.0 → 17002.0 → 17005.0 → 5744.0 → 17003.0 → 15808.0 → 16975.0 → 5718.0 → 16976.0 → 5722.0 → 15791.0 → 15792.0 → 15789.0 → 15790.0 → 15796.0 → 15800.0 → 15793.0 → 15798.0 → 16888.0 → 5788.0 → 15795.0 → 5763.0 → 15905.0 → 5704.0 → 5712.0 → 5716.0 → 16962.0 → 16961.0 → 16907.0 → 5725.0 → 5739.0 → 5749.0 → 15805.0 → 5727.0 → 15804.0 → 5703.0 → 16950.0 → 16952.0 → 5668.0 → 16957.0 → 17018.0 → 5688.0 → 16934.0 → 16892.0 → 5679.0 → 5683.0 → 16933.0 → 16890.0 → 16891.0 → 16927.0 → 5631.0 → 16939.0 → 17010.0 → 5634.0 → 16945.0 → 16946.0 → 5642.0 → 16971.0 → 5649.0 → 16931.0 → 17000.0 → 16938.0 → 16885.0 → 16883.0 → 5637.0 → 16898.0 → 5635.0 → 5655.0 → 16845.0 → 16857.0 → 5646.0 → 16929.0 → 16917.0 → 16916.0 → 16956.0 → 17004.0 → 16843.0 → 5670.0 → 16878.0 → 5669.0 → 5656.0 → 5667.0 → 16877.0 → 5698.0 → 5697.0 → 5681.0 → 5677.0 → 16858.0 → 16874.0 → 16872.0 → 16848.0 → 17008.0 → 16850.0 → 5701.0 → 16854.0 → 16973.0 → 5711.0 → 16867.0 → 16840.0 → 16868.0 → 16863.0,129
5981.0,5997.0,15993.0 → 5995.0 → 15992.0 → 5969.0 → 15990.0 → 5957.0 → 15989.0 → 15988.0 → 5965.0 → 15980.0 → 15981.0 → 5968.0 → 5963.0 → 15984.0 → 15985.0 → 5974.0 → 15987.0 → 5970.0 → 5980.0 → 15986.0 → 5960.0 → 15995.0 → 5942.0 → 15996.0 → 5946.0 → 5950.0 → 15979.0 → 15977.0 → 15978.0 → 5924.0 → 15997.0 → 5923.0 → 5913.0 → 5912.0 → 15968.0 → 15967.0 → 5917.0 → 16000.0 → 5909.0 → 5927.0 → 5896.0 → 5887.0 → 15976.0 → 15971.0 → 5899.0 → 5921.0 → 5939.0 → 5936.0 → 15974.0 → 5952.0 → 15972.0 → 5914.0 → 15961.0 → 15964.0 → 15949.0 → 15950.0 → 15960.0 → 15956.0 → 15965.0 → 15966.0 → 15963.0 → 15962.0 → 5801.0 → 15951.0 → 15952.0 → 15953.0 → 5829.0 → 15954.0 → 5815.0 → 5882.0 → 5856.0 → 5768.0 → 5802.0 → 15948.0 → 5862.0 → 5861.0 → 15957.0 → 5885.0 → 5879.0 → 5874.0 → 5859.0 → 5836.0 → 5819.0 → 5849.0 → 5853.0 → 5847.0 → 15955.0 → 5857.0 → 5871.0 → 5766.0 → 15947.0 → 15936.0 → 5799.0 → 5813.0 → 15944.0 → 15945.0 → 5844.0 → 15946.0 → 5752.0 → 15943.0 → 15933.0 → 5780.0 → 5798.0 → 15942.0 → 5751.0 → 5741.0 → 15937.0 → 15938.0 → 5755.0 → 15939.0 → 15940.0 → 5759.0 → 15941.0 → 5807.0 → 5812.0 → 5817.0,116
5969.0,5981.0,15990.0 → 5957.0 → 15989.0 → 15988.0 → 5965.0 → 15980.0 → 15981.0 → 5968.0 → 5963.0 → 15984.0 → 15985.0 → 5974.0 → 15987.0 → 5970.0 → 5980.0 → 15986.0 → 5960.0 → 15995.0 → 5942.0 → 15996.0 → 5946.0 → 5950.0 → 15979.0 → 15977.0 → 15978.0 → 5924.0 → 15997.0 → 5923.0 → 5913.0 → 5912.0 → 15968.0 → 15967.0 → 5917.0 → 16000.0 → 5909.0 → 5927.0 → 5896.0 → 5887.0 → 15976.0 → 15971.0 → 5899.0 → 5921.0 → 5939.0 → 5936.0 → 15974.0 → 5952.0 → 15972.0 → 5914.0 → 15961.0 → 15964.0 → 15949.0 → 15950.0 → 15960.0 → 15956.0 → 15965.0 → 15966.0 → 15963.0 → 15962.0 → 5801.0 → 15951.0 → 15952.0 → 15953.0 → 5829.0 → 15954.0 → 5815.0 → 5882.0 → 5856.0 → 5768.0 → 5802.0 → 15948.0 → 5862.0 → 5861.0 → 15957.0 → 5885.0 → 5879.0 → 5874.0 → 5859.0 → 5836.0 → 5819.0 → 5849.0 → 5853.0 → 5847.0 → 15955.0 → 5857.0 → 5871.0 → 5766.0 → 15947.0 → 15936.0 → 5799.0 → 5813.0 → 15944.0 → 15945.0 → 5844.0 → 15946.0 → 5752.0 → 15943.0 → 15933.0 → 5780.0 → 5798.0 → 15942.0 → 5751.0 → 5741.0 → 15937.0 → 15938.0 → 5755.0 → 15939.0 → 15940.0 → 5759.0 → 15941.0 → 5807.0 → 5812.0 → 5817.0,112
870.0,798.0,261.0 → 863.0 → 860.0 → 858.0 → 1697.0 → 95.0 → 213.0 → 200.0 → 2147.0 → 202.0 → 857.0 → 4532.0 → 96.0 → 1308.0 → 164.0 → 192.0 → 195.0 → 173.0 → 165.0 → 187.0 → 175.0 → 176.0 → 228.0 → 2028.0 → 2208.0 → 692.0 → 4441.0 → 284.0 → 4439.0 → 283.0 → 282.0 → 4437.0 → 4436.0 → 279.0 → 4430.0 → 278.0 → 4426.0 → 277.0 → 4425.0 → 274.0 → 281.0 → 715.0 → 190.0 → 696.0 → 817.0 → 699.0 → 273.0 → 4422.0 → 272.0 → 3025.0 → 576.0 → 17521.0 → 574.0 → 17518.0 → 17517.0 → 581.0 → 17550.0 → 17552.0 → 17547.0 → 578.0 → 214.0 → 17533.0 → 579.0 → 17545.0 → 17542.0 → 161.0 → 159.0 → 188.0 → 158.0 → 221.0 → 216.0 → 155.0 → 169.0 → 168.0 → 160.0 → 156.0 → 474.0 → 457.0 → 904.0 → 2182.0 → 1967.0 → 487.0 → 461.0 → 207.0 → 212.0 → 489.0 → 223.0 → 180.0 → 183.0 → 332.0 → 886.0 → 460.0 → 465.0 → 903.0 → 462.0 → 900.0 → 477.0 → 488.0 → 471.0 → 469.0 → 467.0 → 895.0 → 189.0 → 458.0 → 463.0 → 876.0 → 892.0 → 2773.0,108
6377.0,6372.0,12942.0 → 12981.0 → 7544.0 → 13013.0 → 7590.0 → 13560.0 → 13462.0 → 13921.0 → 7517.0 → 13310.0 → 13750.0 → 12402.0 → 12950.0 → 12597.0 → 7513.0 → 13222.0 → 11918.0 → 13221.0 → 13795.0 → 13716.0 → 13436.0 → 11554.0 → 13981.0 → 11774.0 → 13360.0 → 13255.0 → 13949.0 → 12775.0 → 13773.0 → 13744.0 → 13918.0 → 13574.0 → 12619.0 → 12819.0 → 13876.0 → 6343.0 → 6381.0 → 6401.0 → 13042.0 → 6424.0 → 13964.0 → 13959.0 → 13599.0 → 13270.0 → 13837.0 → 13906.0 → 13454.0 → 13149.0 → 13344.0 → 13903.0 → 13819.0 → 12978.0 → 14059.0 → 12341.0 → 13005.0 → 13970.0 → 14058.0 → 13694.0 → 6392.0 → 13008.0 → 12638.0 → 7631.0 → 14069.0 → 7670.0 → 13420.0 → 6415.0 → 13676.0 → 6429.0 → 12947.0 → 13723.0 → 13475.0 → 13093.0 → 14052.0 → 6431.0 → 13375.0 → 12937.0 → 12356.0 → 13210.0 → 6451.0 → 13568.0 → 13567.0 → 13041.0 → 13847.0 → 13120.0 → 14068.0 → 13480.0 → 15571.0 → 6378.0 → 13070.0 → 6383.0 → 7656.0 → 13706.0 → 13337.0 → 13905.0 → 6400.0 → 7658.0 → 7646.0 → 14042.0 → 7660.0 → 7651.0 → 7663.0 → 7717.0 → 7661.0 → 15707.0 → 7678.0 → 7882.0 → 7669.0 → 15709.0,108
5965.0,5969.0,15980.0 → 15981.0 → 5968.0 → 5963.0 → 15984.0 → 15985.0 → 5974.0 → 15987.0 → 5970.0 → 5980.0 → 15986.0 → 5960.0 → 15995.0 → 5942.0 → 15996.0 → 5946.0 → 5950.0 → 15979.0 → 15977.0 → 15978.0 → 5924.0 → 15997.0 → 5923.0 → 5913.0 → 5912.0 → 15968.0 → 15967.0 → 5917.0 → 16000.0 → 5909.0 → 5927.0 → 5896.0 → 5887.0 → 15976.0 → 15971.0 → 5899.0 → 5921.0 → 5939.0 → 5936.0 → 15974.0 → 5952.0 → 15972.0 → 5914.0 → 15961.0 → 15964.0 → 15949.0 → 15950.0 → 15960.0 → 15956.0 → 15965.0 → 15966.0 → 15963.0 → 15962.0 → 5801.0 → 15951.0 → 15952.0 → 15953.0 → 5829.0 → 15954.0 → 5815.0 → 5882.0 → 5856.0 → 5768.0 → 5802.0 → 15948.0 → 5862.0 → 5861.0 → 15957.0 → 5885.0 → 5879.0 → 5874.0 → 5859.0 → 5836.0 → 5819.0 → 5849.0 → 5853.0 → 5847.0 → 15955.0 → 5857.0 → 5871.0 → 5766.0 → 15947.0 → 15936.0 → 5799.0 → 5813.0 → 15944.0 → 15945.0 → 5844.0 → 15946.0 → 5752.0 → 15943.0 → 15933.0 → 5780.0 → 5798.0 → 15942.0 → 5751.0 → 5741.0 → 15937.0 → 15938.0 → 5755.0 → 15939.0 → 15940.0 → 5759.0 → 15941.0 → 5807.0 → 5812.0 → 5817.0,107
261.0,870.0,863.0 → 860.0 → 858.0 → 1697.0 → 95.0 → 213.0 → 200.0 → 2147.0 → 202.0 → 857.0 → 4532.0 → 96.0 → 1308.0 → 164.0 → 192.0 → 195.0 → 173.0 → 165.0 → 187.0 → 175.0 → 176.0 → 228.0 → 2028.0 → 2208.0 → 692.0 → 4441.0 → 284.0 → 4439.0 → 283.0 → 282.0 → 4437.0 → 4436.0 → 279.0 → 4430.0 → 278.0 → 4426.0 → 277.0 → 4425.0 → 274.0 → 281.0 → 715.0 → 190.0 → 696.0 → 817.0 → 699.0 → 273.0 → 4422.0 → 272.0 → 3025.0 → 576.0 → 17521.0 → 574.0 → 17518.0 → 17517.0 → 581.0 → 17550.0 → 17552.0 → 17547.0 → 578.0 → 214.0 → 17533.0 → 579.0 → 17545.0 → 17542.0 → 161.0 → 159.0 → 188.0 → 158.0 → 221.0 → 216.0 → 155.0 → 169.0 → 168.0 → 160.0 → 156.0 → 474.0 → 457.0 → 904.0 → 2182.0 → 1967.0 → 487.0 → 461.0 → 207.0 → 212.0 → 489.0 → 223.0 → 180.0 → 183.0 → 332.0 → 886.0 → 460.0 → 465.0 → 903.0 → 462.0 → 900.0 → 477.0 → 488.0 → 471.0 → 469.0 → 467.0 → 895.0 → 189.0 → 458.0 → 463.0 → 876.0 → 892.0 → 2773.0,107
5950.0,5965.0,15979.0 → 15977.0 → 15978.0 → 5924.0 → 15997.0 → 5923.0 → 5913.0 → 5912.0 → 15968.0 → 15967.0 → 5917.0 → 16000.0 → 5909.0 → 5927.0 → 5896.0 → 5887.0 → 15976.0 → 15971.0 → 5899.0 → 5921.0 → 5939.0 → 5936.0 → 15974.0 → 5952.0 → 15972.0 → 5914.0 → 15961.0 → 15964.0 → 15949.0 → 15950.0 → 15960.0 → 15956.0 → 15965.0 → 15966.0 → 15963.0 → 15962.0 → 5801.0 → 15951.0 → 15952.0 → 15953.0 → 5829.0 → 15954.0 → 5815.0 → 5882.0 → 5856.0 → 5768.0 → 5802.0 → 15948.0 → 5862.0 → 5861.0 → 15957.0 → 5885.0 → 5879.0 → 5874.0 → 5859.0 → 5836.0 → 5819.0 → 5849.0 → 5853.0 → 5847.0 → 15955.0 → 5857.0 → 5871.0 → 5766.0 → 15947.0 → 15936.0 → 5799.0 → 5813.0 → 15944.0 → 15945.0 → 5844.0 → 15946.0 → 5752.0 → 15943.0 → 15933.0 → 5780.0 → 5798.0 → 15942.0 → 5751.0 → 5741.0 → 15937.0 → 15938.0 → 5755.0 → 15939.0 → 15940.0 → 5759.0 → 15941.0 → 5807.0 → 5812.0 → 5817.0,90
5521.0,5494.0,16817.0 → 16821.0 → 16750.0 → 16820.0 → 5532.0 → 5536.0 → 16813.0 → 5549.0 → 16773.0 → 16704.0 → 16786.0 → 5571.0 → 16761.0 → 16712.0 → 16758.0 → 5573.0 → 16764.0 → 16763.0 → 5575.0 → 16768.0 → 16767.0 → 5618.0 → 16716.0 → 16718.0 → 16736.0 → 16805.0 → 5622.0 → 16723.0 → 16705.0 → 16810.0 → 5608.0 → 16729.0 → 16733.0 → 16726.0 → 5626.0 → 16710.0 → 16783.0 → 16790.0 → 5533.0 → 16503.0 → 16501.0 → 5556.0 → 5581.0 → 5546.0 → 16504.0 → 16744.0 → 16649.0 → 16497.0 → 5585.0 → 16644.0 → 16490.0 → 16622.0 → 16605.0 → 16612.0 → 16668.0 → 16604.0 → 16487.0 → 16643.0 → 16611.0 → 16640.0 → 16616.0 → 16613.0 → 16645.0 → 16609.0 → 16634.0 → 16603.0 → 16635.0 → 5598.0 → 16626.0 → 16623.0 → 16624.0 → 5583.0 → 16620.0 → 5567.0 → 16608.0 → 5600.0 → 16594.0 → 16661.0 → 16660.0 → 16663.0 → 16667.0 → 5606.0 → 16665.0 → 5612.0 → 16671.0 → 16670.0,86
228.0,261.0,2028.0 → 2208.0 → 692.0 → 4441.0 → 284.0 → 4439.0 → 283.0 → 282.0 → 4437.0 → 4436.0 → 279.0 → 4430.0 → 278.0 → 4426.0 → 277.0 → 4425.0 → 274.0 → 281.0 → 715.0 → 190.0 → 696.0 → 817.0 → 699.0 → 273.0 → 4422.0 → 272.0 → 3025.0 → 576.0 → 17521.0 → 574.0 → 17518.0 → 17517.0 → 581.0 → 17550.0 → 17552.0 → 17547.0 → 578.0 → 214.0 → 17533.0 → 579.0 → 17545.0 → 17542.0 → 161.0 → 159.0 → 188.0 → 158.0 → 221.0 → 216.0 → 155.0 → 169.0 → 168.0 → 160.0 → 156.0 → 474.0 → 457.0 → 904.0 → 2182.0 → 1967.0 → 487.0 → 461.0 → 207.0 → 212.0 → 489.0 → 223.0 → 180.0 → 183.0 → 332.0 → 886.0 → 460.0 → 465.0 → 903.0 → 462.0 → 900.0 → 477.0 → 488.0 → 471.0 → 469.0 → 467.0 → 895.0 → 189.0 → 458.0 → 463.0 → 876.0 → 892.0 → 2773.0,85
14020.0,,12590.0 → 12652.0 → 13021.0 → 12578.0 → 13857.0 → 13554.0 → 13393.0 → 12275.0 → 13037.0 → 7722.0 → 12429.0 → 12804.0 → 12867.0 → 11812.0 → 12920.0 → 13000.0 → 13079.0 → 12495.0 → 13996.0 → 13334.0 → 13991.0 → 12796.0 → 13987.0 → 12016.0 → 12359.0 → 12725.0 → 12934.0 → 13193.0 → 13048.0 → 13976.0 → 7734.0 → 12423.0 → 12955.0 → 12972.0 → 13638.0 → 11496.0 → 13311.0 → 11772.0 → 12660.0 → 13951.0 → 13577.0 → 12407.0 → 13289.0 → 12561.0 → 12587.0 → 7751.0 → 13758.0 → 12793.0 → 7762.0 → 11602.0 → 14092.0 → 12159.0 → 7763.0 → 12269.0 → 12316.0 → 12623.0 → 7759.0 → 11464.0 → 11837.0 → 12032.0 → 12389.0 → 12761.0 → 12782.0 → 13147.0 → 11510.0 → 11593.0 → 13277.0 → 12150.0 → 12252.0 → 12446.0 → 7788.0 → 11509.0 → 12852.0 → 11667.0 → 13612.0 → 11472.0 → 12091.0 → 12343.0 → 12739.0 → 13250.0 → 11501.0 → 11550.0 → 11598.0 → 12143.0,84
6408.0,,13722.0 → 13027.0 → 13983.0 → 11936.0 → 12447.0 → 12511.0 → 12884.0 → 7699.0 → 12581.0 → 12757.0 → 13966.0 → 13190.0 → 13298.0 → 13495.0 → 13946.0 → 13383.0 → 13143.0 → 13397.0 → 13239.0 → 12237.0 → 13485.0 → 13322.0 → 13746.0 → 13643.0 → 12522.0 → 13559.0 → 11868.0 → 12699.0 → 13056.0 → 11469.0 → 13849.0 → 11769.0 → 12168.0 → 12833.0 → 13699.0 → 13271.0 → 13502.0 → 13245.0 → 12303.0 → 12687.0 → 14003.0 → 12137.0 → 14001.0 → 11718.0 → 11949.0 → 12114.0 → 12156.0 → 12240.0 → 12644.0 → 13993.0 → 12189.0 → 13001.0 → 13708.0 → 12089.0 → 13117.0 → 13169.0 → 13014.0 → 13961.0 → 13950.0 → 13243.0 → 13829.0 → 13757.0 → 13601.0 → 13486.0 → 12900.0 → 13914.0 → 13500.0 → 13142.0 → 13893.0 → 12243.0 → 13877.0 → 12338.0 → 12613.0 → 12912.0 → 13295.0 → 12061.0 → 13004.0 → 13713.0 → 12909.0 → 13503.0 → 12235.0 → 13257.0 → 12349.0,83
692.0,228.0,4441.0 → 284.0 → 4439.0 → 283.0 → 282.0 → 4437.0 → 4436.0 → 279.0 → 4430.0 → 278.0 → 4426.0 → 277.0 → 4425.0 → 274.0 → 281.0 → 715.0 → 190.0 → 696.0 → 817.0 → 699.0 → 273.0 → 4422.0 → 272.0 → 3025.0 → 576.0 → 17521.0 → 574.0 → 17518.0 → 17517.0 → 581.0 → 17550.0 → 17552.0 → 17547.0 → 578.0 → 214.0 → 17533.0 → 579.0 → 17545.0 → 17542.0 → 161.0 → 159.0 → 188.0 → 158.0 → 221.0 → 216.0 → 155.0 → 169.0 → 168.0 → 160.0 → 156.0 → 474.0 → 457.0 → 904.0 → 2182.0 → 1967.0 → 487.0 → 461.0 → 207.0 → 212.0 → 489.0 → 223.0 → 180.0 → 183.0 → 332.0 → 886.0 → 460.0 → 465.0 → 903.0 → 462.0 → 900.0 → 477.0 → 488.0 → 471.0 → 469.0 → 467.0 → 895.0 → 189.0 → 458.0 → 463.0 → 876.0 → 892.0 → 2773.0,82
5806.0,,15815.0 → 15809.0 → 15811.0 → 5822.0 → 5837.0 → 15812.0 → 15814.0 → 5818.0 → 15827.0 → 15825.0 → 5804.0 → 15828.0 → 5820.0 → 5843.0 → 15817.0 → 15818.0 → 15819.0 → 5816.0 → 15830.0 → 5850.0 → 15820.0 → 5790.0 → 15822.0 → 5758.0 → 15823.0 → 15834.0 → 15833.0 → 5761.0 → 5767.0 → 15842.0 → 15839.0 → 15840.0 → 5746.0 → 7157.0 → 15832.0 → 5723.0 → 5724.0 → 5773.0 → 15835.0 → 15836.0 → 5776.0 → 15843.0 → 15844.0 → 5783.0 → 15838.0 → 15837.0 → 5721.0 → 7169.0 → 5726.0 → 5715.0 → 5805.0 → 15850.0 → 15851.0 → 5796.0 → 15854.0 → 5794.0 → 15856.0 → 5809.0 → 15845.0 → 5814.0 → 5828.0 → 15860.0 → 15857.0 → 15858.0 → 5855.0 → 15865.0 → 5860.0 → 15873.0 → 5880.0 → 15871.0 → 5872.0 → 15877.0 → 15861.0 → 15862.0 → 5868.0 → 15848.0 → 15849.0,77
8712.0,,6669.0 → 7819.0 → 7826.0 → 6660.0 → 6657.0 → 7811.0 → 7812.0 → 7809.0 → 17091.0 → 17089.0 → 6673.0 → 6792.0 → 6794.0 → 17098.0 → 17097.0 → 6650.0 → 8706.0 → 8703.0 → 8707.0 → 8704.0 → 8705.0 → 6797.0 → 8709.0 → 6800.0 → 8708.0 → 6802.0 → 8680.0 → 8699.0 → 6848.0 → 6853.0 → 14465.0 → 8694.0 → 8695.0 → 6821.0 → 6823.0 → 8641.0 → 8639.0 → 6841.0 → 8645.0 → 8646.0 → 8681.0 → 8683.0 → 8686.0 → 6865.0 → 14476.0 → 8690.0 → 6804.0 → 6829.0 → 8633.0 → 6805.0 → 6807.0 → 8615.0 → 8616.0 → 8635.0 → 8634.0 → 6810.0 → 8648.0 → 8654.0 → 8621.0 → 6812.0 → 8603.0 → 8657.0 → 8655.0 → 6815.0 → 8597.0 → 8593.0 → 8605.0 → 6846.0 → 8595.0 → 8596.0 → 6845.0 → 6866.0 → 8675.0 → 8661.0 → 8659.0 → 8672.0,76
4436.0,692.0,279.0 → 4430.0 → 278.0 → 4426.0 → 277.0 → 4425.0 → 274.0 → 281.0 → 715.0 → 190.0 → 696.0 → 817.0 → 699.0 → 273.0 → 4422.0 → 272.0 → 3025.0 → 576.0 → 17521.0 → 574.0 → 17518.0 → 17517.0 → 581.0 → 17550.0 → 17552.0 → 17547.0 → 578.0 → 214.0 → 17533.0 → 579.0 → 17545.0 → 17542.0 → 161.0 → 159.0 → 188.0 → 158.0 → 221.0 → 216.0 → 155.0 → 169.0 → 168.0 → 160.0 → 156.0 → 474.0 → 457.0 → 904.0 → 2182.0 → 1967.0 → 487.0 → 461.0 → 207.0 → 212.0 → 489.0 → 223.0 → 180.0 → 183.0 → 332.0 → 886.0 → 460.0 → 465.0 → 903.0 → 462.0 → 900.0 → 477.0 → 488.0 → 471.0 → 469.0 → 467.0 → 895.0 → 189.0 → 458.0 → 463.0 → 876.0 → 892.0 → 2773.0,75
5435.0,,6775.0 → 6774.0 → 5505.0 → 6770.0 → 6769.0 → 6767.0 → 6768.0 → 5547.0 → 6765.0 → 5576.0 → 15420.0 → 5560.0 → 6766.0 → 5632.0 → 15418.0 → 15417.0 → 6763.0 → 6764.0 → 6762.0 → 5506.0 → 15426.0 → 5548.0 → 15422.0 → 6773.0 → 5569.0 → 18985.0 → 18959.0 → 19218.0 → 18975.0 → 18957.0 → 18977.0 → 18976.0 → 18974.0 → 18956.0 → 18955.0 → 18954.0 → 18966.0 → 18953.0 → 18972.0 → 18971.0 → 18967.0 → 5574.0 → 18999.0 → 19003.0 → 18991.0 → 18998.0 → 19004.0 → 15421.0 → 19000.0 → 5614.0 → 6772.0 → 18987.0 → 18988.0 → 18898.0 → 18907.0 → 18933.0 → 18923.0 → 18986.0 → 18912.0 → 18904.0 → 18903.0 → 18930.0 → 18908.0 → 18938.0 → 18936.0 → 18917.0 → 18916.0 → 18921.0 → 18915.0 → 5756.0 → 19217.0,71
6381.0,6377.0,6401.0 → 13042.0 → 6424.0 → 13964.0 → 13959.0 → 13599.0 → 13270.0 → 13837.0 → 13906.0 → 13454.0 → 13149.0 → 13344.0 → 13903.0 → 13819.0 → 12978.0 → 14059.0 → 12341.0 → 13005.0 → 13970.0 → 14058.0 → 13694.0 → 6392.0 → 13008.0 → 12638.0 → 7631.0 → 14069.0 → 7670.0 → 13420.0 → 6415.0 → 13676.0 → 6429.0 → 12947.0 → 13723.0 → 13475.0 → 13093.0 → 14052.0 → 6431.0 → 13375.0 → 12937.0 → 12356.0 → 13210.0 → 6451.0 → 13568.0 → 13567.0 → 13041.0 → 13847.0 → 13120.0 → 14068.0 → 13480.0 → 15571.0 → 6378.0 → 13070.0 → 6383.0 → 7656.0 → 13706.0 → 13337.0 → 13905.0 → 6400.0 → 7658.0 → 7646.0 → 14042.0 → 7660.0 → 7651.0 → 7663.0 → 7717.0 → 7661.0 → 15707.0 → 7678.0 → 7882.0 → 7669.0 → 15709.0,71
153.0,,47.0 → 934.0 → 58.0 → 40.0 → 62.0 → 4417.0 → 4418.0 → 42.0 → 27.0 → 120.0 → 38.0 → 4419.0 → 1970.0 → 3106.0 → 4388.0 → 109.0 → 4385.0 → 60.0 → 51.0 → 3108.0 → 3105.0 → 3103.0 → 3101.0 → 3100.0 → 3099.0 → 36.0 → 114.0 → 113.0 → 117.0 → 31.0 → 118.0 → 59.0 → 490.0 → 472.0 → 486.0 → 476.0 → 928.0 → 2929.0 → 468.0 → 480.0 → 45.0 → 933.0 → 2151.0 → 931.0 → 33.0 → 63.0 → 28.0 → 2946.0 → 2150.0 → 833.0 → 353.0 → 358.0 → 348.0 → 349.0 → 351.0 → 350.0 → 337.0 → 338.0 → 336.0 → 335.0 → 357.0 → 361.0 → 2562.0 → 356.0 → 2965.0 → 2964.0 → 225.0 → 226.0 → 355.0 → 345.0,70
5818.0,5806.0,15827.0 → 15825.0 → 5804.0 → 15828.0 → 5820.0 → 5843.0 → 15817.0 → 15818.0 → 15819.0 → 5816.0 → 15830.0 → 5850.0 → 15820.0 → 5790.0 → 15822.0 → 5758.0 → 15823.0 → 15834.0 → 15833.0 → 5761.0 → 5767.0 → 15842.0 → 15839.0 → 15840.0 → 5746.0 → 7157.0 → 15832.0 → 5723.0 → 5724.0 → 5773.0 → 15835.0 → 15836.0 → 5776.0 → 15843.0 → 15844.0 → 5783.0 → 15838.0 → 15837.0 → 5721.0 → 7169.0 → 5726.0 → 5715.0 → 5805.0 → 15850.0 → 15851.0 → 5796.0 → 15854.0 → 5794.0 → 15856.0 → 5809.0 → 15845.0 → 5814.0 → 5828.0 → 15860.0 → 15857.0 → 15858.0 → 5855.0 → 15865.0 → 5860.0 → 15873.0 → 5880.0 → 15871.0 → 5872.0 → 15877.0 → 15861.0 → 15862.0 → 5868.0 → 15848.0 → 15849.0,69
47.0,153.0,934.0 → 58.0 → 40.0 → 62.0 → 4417.0 → 4418.0 → 42.0 → 27.0 → 120.0 → 38.0 → 4419.0 → 1970.0 → 3106.0 → 4388.0 → 109.0 → 4385.0 → 60.0 → 51.0 → 3108.0 → 3105.0 → 3103.0 → 3101.0 → 3100.0 → 3099.0 → 36.0 → 114.0 → 113.0 → 117.0 → 31.0 → 118.0 → 59.0 → 490.0 → 472.0 → 486.0 → 476.0 → 928.0 → 2929.0 → 468.0 → 480.0 → 45.0 → 933.0 → 2151.0 → 931.0 → 33.0 → 63.0 → 28.0 → 2946.0 → 2150.0 → 833.0 → 353.0 → 358.0 → 348.0 → 349.0 → 351.0 → 350.0 → 337.0 → 338.0 → 336.0 → 335.0 → 357.0 → 361.0 → 2562.0 → 356.0 → 2965.0 → 2964.0 → 225.0 → 226.0 → 355.0 → 345.0,69
5505.0,5435.0,6770.0 → 6769.0 → 6767.0 → 6768.0 → 5547.0 → 6765.0 → 5576.0 → 15420.0 → 5560.0 → 6766.0 → 5632.0 → 15418.0 → 15417.0 → 6763.0 → 6764.0 → 6762.0 → 5506.0 → 15426.0 → 5548.0 → 15422.0 → 6773.0 → 5569.0 → 18985.0 → 18959.0 → 19218.0 → 18975.0 → 18957.0 → 18977.0 → 18976.0 → 18974.0 → 18956.0 → 18955.0 → 18954.0 → 18966.0 → 18953.0 → 18972.0 → 18971.0 → 18967.0 → 5574.0 → 18999.0 → 19003.0 → 18991.0 → 18998.0 → 19004.0 → 15421.0 → 19000.0 → 5614.0 → 6772.0 → 18987.0 → 18988.0 → 18898.0 → 18907.0 → 18933.0 → 18923.0 → 18986.0 → 18912.0 → 18904.0 → 18903.0 → 18930.0 → 18908.0 → 18938.0 → 18936.0 → 18917.0 → 18916.0 → 18921.0 → 18915.0 → 5756.0 → 19217.0,68
281.0,4436.0,715.0 → 190.0 → 696.0 → 817.0 → 699.0 → 273.0 → 4422.0 → 272.0 → 3025.0 → 576.0 → 17521.0 → 574.0 → 17518.0 → 17517.0 → 581.0 → 17550.0 → 17552.0 → 17547.0 → 578.0 → 214.0 → 17533.0 → 579.0 → 17545.0 → 17542.0 → 161.0 → 159.0 → 188.0 → 158.0 → 221.0 → 216.0 → 155.0 → 169.0 → 168.0 → 160.0 → 156.0 → 474.0 → 457.0 → 904.0 → 2182.0 → 1967.0 → 487.0 → 461.0 → 207.0 → 212.0 → 489.0 → 223.0 → 180.0 → 183.0 → 332.0 → 886.0 → 460.0 → 465.0 → 903.0 → 462.0 → 900.0 → 477.0 → 488.0 → 471.0 → 469.0 → 467.0 → 895.0 → 189.0 → 458.0 → 463.0 → 876.0 → 892.0 → 2773.0,67
58.0,47.0,40.0 → 62.0 → 4417.0 → 4418.0 → 42.0 → 27.0 → 120.0 → 38.0 → 4419.0 → 1970.0 → 3106.0 → 4388.0 → 109.0 → 4385.0 → 60.0 → 51.0 → 3108.0 → 3105.0 → 3103.0 → 3101.0 → 3100.0 → 3099.0 → 36.0 → 114.0 → 113.0 → 117.0 → 31.0 → 118.0 → 59.0 → 490.0 → 472.0 → 486.0 → 476.0 → 928.0 → 2929.0 → 468.0 → 480.0 → 45.0 → 933.0 → 2151.0 → 931.0 → 33.0 → 63.0 → 28.0 → 2946.0 → 2150.0 → 833.0 → 353.0 → 358.0 → 348.0 → 349.0 → 351.0 → 350.0 → 337.0 → 338.0 → 336.0 → 335.0 → 357.0 → 361.0 → 2562.0 → 356.0 → 2965.0 → 2964.0 → 225.0 → 226.0 → 355.0 → 345.0,67
6005.0,6099.0,16010.0 → 16023.0 → 16027.0 → 16022.0 → 16006.0 → 16009.0 → 16005.0 → 16008.0 → 6026.0 → 16004.0 → 16002.0 → 16003.0 → 5988.0 → 16013.0 → 5935.0 → 16011.0 → 16012.0 → 5987.0 → 5973.0 → 16016.0 → 5983.0 → 16041.0 → 16018.0 → 16017.0 → 16021.0 → 16020.0 → 6049.0 → 6060.0 → 6050.0 → 16058.0 → 16062.0 → 16059.0 → 16057.0 → 5990.0 → 16067.0 → 16031.0 → 16032.0 → 16040.0 → 16026.0 → 16063.0 → 16030.0 → 16039.0 → 16066.0 → 16065.0 → 16029.0 → 16024.0 → 16025.0 → 5962.0 → 5956.0 → 5993.0 → 16036.0 → 16038.0 → 16033.0 → 16035.0 → 5948.0 → 16050.0 → 16042.0 → 16048.0 → 16045.0 → 16043.0 → 16044.0 → 5932.0 → 16054.0 → 16053.0 → 16051.0 → 16052.0,66
40.0,58.0,62.0 → 4417.0 → 4418.0 → 42.0 → 27.0 → 120.0 → 38.0 → 4419.0 → 1970.0 → 3106.0 → 4388.0 → 109.0 → 4385.0 → 60.0 → 51.0 → 3108.0 → 3105.0 → 3103.0 → 3101.0 → 3100.0 → 3099.0 → 36.0 → 114.0 → 113.0 → 117.0 → 31.0 → 118.0 → 59.0 → 490.0 → 472.0 → 486.0 → 476.0 → 928.0 → 2929.0 → 468.0 → 480.0 → 45.0 → 933.0 → 2151.0 → 931.0 → 33.0 → 63.0 → 28.0 → 2946.0 → 2150.0 → 833.0 → 353.0 → 358.0 → 348.0 → 349.0 → 351.0 → 350.0 → 337.0 → 338.0 → 336.0 → 335.0 → 357.0 → 361.0 → 2562.0 → 356.0 → 2965.0 → 2964.0 → 225.0 → 226.0 → 355.0 → 345.0,66
6673.0,8712.0,6792.0 → 6794.0 → 17098.0 → 17097.0 → 6650.0 → 8706.0 → 8703.0 → 8707.0 → 8704.0 → 8705.0 → 6797.0 → 8709.0 → 6800.0 → 8708.0 → 6802.0 → 8680.0 → 8699.0 → 6848.0 → 6853.0 → 14465.0 → 8694.0 → 8695.0 → 6821.0 → 6823.0 → 8641.0 → 8639.0 → 6841.0 → 8645.0 → 8646.0 → 8681.0 → 8683.0 → 8686.0 → 6865.0 → 14476.0 → 8690.0 → 6804.0 → 6829.0 → 8633.0 → 6805.0 → 6807.0 → 8615.0 → 8616.0 → 8635.0 → 8634.0 → 6810.0 → 8648.0 → 8654.0 → 8621.0 → 6812.0 → 8603.0 → 8657.0 → 8655.0 → 6815.0 → 8597.0 → 8593.0 → 8605.0 → 6846.0 → 8595.0 → 8596.0 → 6845.0 → 6866.0 → 8675.0 → 8661.0 → 8659.0 → 8672.0,65
62.0,40.0,4417.0 → 4418.0 → 42.0 → 27.0 → 120.0 → 38.0 → 4419.0 → 1970.0 → 3106.0 → 4388.0 → 109.0 → 4385.0 → 60.0 → 51.0 → 3108.0 → 3105.0 → 3103.0 → 3101.0 → 3100.0 → 3099.0 → 36.0 → 114.0 → 113.0 → 117.0 → 31.0 → 118.0 → 59.0 → 490.0 → 472.0 → 486.0 → 476.0 → 928.0 → 2929.0 → 468.0 → 480.0 → 45.0 → 933.0 → 2151.0 → 931.0 → 33.0 → 63.0 → 28.0 → 2946.0 → 2150.0 → 833.0 → 353.0 → 358.0 → 348.0 → 349.0 → 351.0 → 350.0 → 337.0 → 338.0 → 336.0 → 335.0 → 357.0 → 361.0 → 2562.0 → 356.0 → 2965.0 → 2964.0 → 225.0 → 226.0 → 355.0 → 345.0,65
13996.0,14020.0,13334.0 → 13991.0 → 12796.0 → 13987.0 → 12016.0 → 12359.0 → 12725.0 → 12934.0 → 13193.0 → 13048.0 → 13976.0 → 7734.0 → 12423.0 → 12955.0 → 12972.0 → 13638.0 → 11496.0 → 13311.0 → 11772.0 → 12660.0 → 13951.0 → 13577.0 → 12407.0 → 13289.0 → 12561.0 → 12587.0 → 7751.0 → 13758.0 → 12793.0 → 7762.0 → 11602.0 → 14092.0 → 12159.0 → 7763.0 → 12269.0 → 12316.0 → 12623.0 → 7759.0 → 11464.0 → 11837.0 → 12032.0 → 12389.0 → 12761.0 → 12782.0 → 13147.0 → 11510.0 → 11593.0 → 13277.0 → 12150.0 → 12252.0 → 12446.0 → 7788.0 → 11509.0 → 12852.0 → 11667.0 → 13612.0 → 11472.0 → 12091.0 → 12343.0 → 12739.0 → 13250.0 → 11501.0 → 11550.0 → 11598.0 → 12143.0,65
5914.0,5950.0,15961.0 → 15964.0 → 15949.0 → 15950.0 → 15960.0 → 15956.0 → 15965.0 → 15966.0 → 15963.0 → 15962.0 → 5801.0 → 15951.0 → 15952.0 → 15953.0 → 5829.0 → 15954.0 → 5815.0 → 5882.0 → 5856.0 → 5768.0 → 5802.0 → 15948.0 → 5862.0 → 5861.0 → 15957.0 → 5885.0 → 5879.0 → 5874.0 → 5859.0 → 5836.0 → 5819.0 → 5849.0 → 5853.0 → 5847.0 → 15955.0 → 5857.0 → 5871.0 → 5766.0 → 15947.0 → 15936.0 → 5799.0 → 5813.0 → 15944.0 → 15945.0 → 5844.0 → 15946.0 → 5752.0 → 15943.0 → 15933.0 → 5780.0 → 5798.0 → 15942.0 → 5751.0 → 5741.0 → 15937.0 → 15938.0 → 5755.0 → 15939.0 → 15940.0 → 5759.0 → 15941.0 → 5807.0 → 5812.0 → 5817.0,64
6792.0,6673.0,6794.0 → 17098.0 → 17097.0 → 6650.0 → 8706.0 → 8703.0 → 8707.0 → 8704.0 → 8705.0 → 6797.0 → 8709.0 → 6800.0 → 8708.0 → 6802.0 → 8680.0 → 8699.0 → 6848.0 → 6853.0 → 14465.0 → 8694.0 → 8695.0 → 6821.0 → 6823.0 → 8641.0 → 8639.0 → 6841.0 → 8645.0 → 8646.0 → 8681.0 → 8683.0 → 8686.0 → 6865.0 → 14476.0 → 8690.0 → 6804.0 → 6829.0 → 8633.0 → 6805.0 → 6807.0 → 8615.0 → 8616.0 → 8635.0 → 8634.0 → 6810.0 → 8648.0 → 8654.0 → 8621.0 → 6812.0 → 8603.0 → 8657.0 → 8655.0 → 6815.0 → 8597.0 → 8593.0 → 8605.0 → 6846.0 → 8595.0 → 8596.0 → 6845.0 → 6866.0 → 8675.0 → 8661.0 → 8659.0 → 8672.0,64
1883.0,,1882.0 → 1880.0 → 1879.0 → 1805.0 → 1878.0 → 773.0 → 511.0 → 4457.0 → 1820.0 → 517.0 → 518.0 → 519.0 → 520.0 → 516.0 → 521.0 → 1798.0 → 512.0 → 1859.0 → 4456.0 → 508.0 → 774.0 → 1620.0 → 1850.0 → 1836.0 → 1834.0 → 1826.0 → 1343.0 → 1344.0 → 1869.0 → 4455.0 → 772.0 → 1824.0 → 1818.0 → 509.0 → 510.0 → 1817.0 → 1866.0 → 507.0 → 1861.0 → 504.0 → 1842.0 → 497.0 → 1833.0 → 505.0 → 1823.0 → 496.0 → 4453.0 → 503.0 → 1854.0 → 506.0 → 502.0 → 493.0 → 491.0 → 492.0 → 1806.0 → 4452.0 → 494.0 → 1832.0 → 495.0 → 1825.0 → 500.0 → 4450.0 → 498.0,63
6794.0,6792.0,17098.0 → 17097.0 → 6650.0 → 8706.0 → 8703.0 → 8707.0 → 8704.0 → 8705.0 → 6797.0 → 8709.0 → 6800.0 → 8708.0 → 6802.0 → 8680.0 → 8699.0 → 6848.0 → 6853.0 → 14465.0 → 8694.0 → 8695.0 → 6821.0 → 6823.0 → 8641.0 → 8639.0 → 6841.0 → 8645.0 → 8646.0 → 8681.0 → 8683.0 → 8686.0 → 6865.0 → 14476.0 → 8690.0 → 6804.0 → 6829.0 → 8633.0 → 6805.0 → 6807.0 → 8615.0 → 8616.0 → 8635.0 → 8634.0 → 6810.0 → 8648.0 → 8654.0 → 8621.0 → 6812.0 → 8603.0 → 8657.0 → 8655.0 → 6815.0 → 8597.0 → 8593.0 → 8605.0 → 6846.0 → 8595.0 → 8596.0 → 6845.0 → 6866.0 → 8675.0 → 8661.0 → 8659.0 → 8672.0,63
13991.0,13996.0,12796.0 → 13987.0 → 12016.0 → 12359.0 → 12725.0 → 12934.0 → 13193.0 → 13048.0 → 13976.0 → 7734.0 → 12423.0 → 12955.0 → 12972.0 → 13638.0 → 11496.0 → 13311.0 → 11772.0 → 12660.0 → 13951.0 → 13577.0 → 12407.0 → 13289.0 → 12561.0 → 12587.0 → 7751.0 → 13758.0 → 12793.0 → 7762.0 → 11602.0 → 14092.0 → 12159.0 → 7763.0 → 12269.0 → 12316.0 → 12623.0 → 7759.0 → 11464.0 → 11837.0 → 12032.0 → 12389.0 → 12761.0 → 12782.0 → 13147.0 → 11510.0 → 11593.0 → 13277.0 → 12150.0 → 12252.0 → 12446.0 → 7788.0 → 11509.0 → 12852.0 → 11667.0 → 13612.0 → 11472.0 → 12091.0 → 12343.0 → 12739.0 → 13250.0 → 11501.0 → 11550.0 → 11598.0 → 12143.0,63
1882.0,1883.0,1880.0 → 1879.0 → 1805.0 → 1878.0 → 773.0 → 511.0 → 4457.0 → 1820.0 → 517.0 → 518.0 → 519.0 → 520.0 → 516.0 → 521.0 → 1798.0 → 512.0 → 1859.0 → 4456.0 → 508.0 → 774.0 → 1620.0 → 1850.0 → 1836.0 → 1834.0 → 1826.0 → 1343.0 → 1344.0 → 1869.0 → 4455.0 → 772.0 → 1824.0 → 1818.0 → 509.0 → 510.0 → 1817.0 → 1866.0 → 507.0 → 1861.0 → 504.0 → 1842.0 → 497.0 → 1833.0 → 505.0 → 1823.0 → 496.0 → 4453.0 → 503.0 → 1854.0 → 506.0 → 502.0 → 493.0 → 491.0 → 492.0 → 1806.0 → 4452.0 → 494.0 → 1832.0 → 495.0 → 1825.0 → 500.0 → 4450.0 → 498.0,62
273.0,281.0,4422.0 → 272.0 → 3025.0 → 576.0 → 17521.0 → 574.0 → 17518.0 → 17517.0 → 581.0 → 17550.0 → 17552.0 → 17547.0 → 578.0 → 214.0 → 17533.0 → 579.0 → 17545.0 → 17542.0 → 161.0 → 159.0 → 188.0 → 158.0 → 221.0 → 216.0 → 155.0 → 169.0 → 168.0 → 160.0 → 156.0 → 474.0 → 457.0 → 904.0 → 2182.0 → 1967.0 → 487.0 → 461.0 → 207.0 → 212.0 → 489.0 → 223.0 → 180.0 → 183.0 → 332.0 → 886.0 → 460.0 → 465.0 → 903.0 → 462.0 → 900.0 → 477.0 → 488.0 → 471.0 → 469.0 → 467.0 → 895.0 → 189.0 → 458.0 → 463.0 → 876.0 → 892.0 → 2773.0,61
13987.0,13991.0,12016.0 → 12359.0 → 12725.0 → 12934.0 → 13193.0 → 13048.0 → 13976.0 → 7734.0 → 12423.0 → 12955.0 → 12972.0 → 13638.0 → 11496.0 → 13311.0 → 11772.0 → 12660.0 → 13951.0 → 13577.0 → 12407.0 → 13289.0 → 12561.0 → 12587.0 → 7751.0 → 13758.0 → 12793.0 → 7762.0 → 11602.0 → 14092.0 → 12159.0 → 7763.0 → 12269.0 → 12316.0 → 12623.0 → 7759.0 → 11464.0 → 11837.0 → 12032.0 → 12389.0 → 12761.0 → 12782.0 → 13147.0 → 11510.0 → 11593.0 → 13277.0 → 12150.0 → 12252.0 → 12446.0 → 7788.0 → 11509.0 → 12852.0 → 11667.0 → 13612.0 → 11472.0 → 12091.0 → 12343.0 → 12739.0 → 13250.0 → 11501.0 → 11550.0 → 11598.0 → 12143.0,61
1880.0,1882.0,1879.0 → 1805.0 → 1878.0 → 773.0 → 511.0 → 4457.0 → 1820.0 → 517.0 → 518.0 → 519.0 → 520.0 → 516.0 → 521.0 → 1798.0 → 512.0 → 1859.0 → 4456.0 → 508.0 → 774.0 → 1620.0 → 1850.0 → 1836.0 → 1834.0 → 1826.0 → 1343.0 → 1344.0 → 1869.0 → 4455.0 → 772.0 → 1824.0 → 1818.0 → 509.0 → 510.0 → 1817.0 → 1866.0 → 507.0 → 1861.0 → 504.0 → 1842.0 → 497.0 → 1833.0 → 505.0 → 1823.0 → 496.0 → 4453.0 → 503.0 → 1854.0 → 506.0 → 502.0 → 493.0 → 491.0 → 492.0 → 1806.0 → 4452.0 → 494.0 → 1832.0 → 495.0 → 1825.0 → 500.0 → 4450.0 → 498.0,61
1879.0,1880.0,1805.0 → 1878.0 → 773.0 → 511.0 → 4457.0 → 1820.0 → 517.0 → 518.0 → 519.0 → 520.0 → 516.0 → 521.0 → 1798.0 → 512.0 → 1859.0 → 4456.0 → 508.0 → 774.0 → 1620.0 → 1850.0 → 1836.0 → 1834.0 → 1826.0 → 1343.0 → 1344.0 → 1869.0 → 4455.0 → 772.0 → 1824.0 → 1818.0 → 509.0 → 510.0 → 1817.0 → 1866.0 → 507.0 → 1861.0 → 504.0 → 1842.0 → 497.0 → 1833.0 → 505.0 → 1823.0 → 496.0 → 4453.0 → 503.0 → 1854.0 → 506.0 → 502.0 → 493.0 → 491.0 → 492.0 → 1806.0 → 4452.0 → 494.0 → 1832.0 → 495.0 → 1825.0 → 500.0 → 4450.0 → 498.0,60
7769.0,,14554.0 → 15014.0 → 7700.0 → 14991.0 → 15004.0 → 15008.0 → 14679.0 → 14673.0 → 15009.0 → 15011.0 → 14995.0 → 7724.0 → 6523.0 → 6493.0 → 7688.0 → 15003.0 → 7752.0 → 14665.0 → 14651.0 → 14664.0 → 6560.0 → 14646.0 → 14643.0 → 14653.0 → 6605.0 → 14648.0 → 6590.0 → 14663.0 → 14659.0 → 14662.0 → 7768.0 → 14654.0 → 14660.0 → 14661.0 → 6556.0 → 7738.0 → 6569.0 → 6559.0 → 7747.0 → 6554.0 → 14770.0 → 6539.0 → 14769.0 → 6547.0 → 6545.0 → 14776.0 → 14777.0 → 6537.0 → 6530.0 → 7745.0 → 6528.0 → 7736.0 → 14781.0 → 6589.0 → 6577.0 → 6555.0 → 6544.0 → 6535.0 → 14768.0 → 6531.0,60
6647.0,,6916.0 → 8586.0 → 8587.0 → 8589.0 → 8575.0 → 6851.0 → 8581.0 → 8584.0 → 6814.0 → 8557.0 → 8565.0 → 8553.0 → 8574.0 → 6828.0 → 8552.0 → 8549.0 → 8529.0 → 8528.0 → 8544.0 → 8536.0 → 6917.0 → 8521.0 → 14719.0 → 8520.0 → 8514.0 → 8511.0 → 8512.0 → 14707.0 → 14582.0 → 14581.0 → 14711.0 → 14710.0 → 14585.0 → 14586.0 → 14714.0 → 6629.0 → 14584.0 → 6844.0 → 6858.0 → 8507.0 → 6809.0 → 8498.0 → 14589.0 → 7803.0 → 8492.0 → 14590.0 → 14591.0 → 8496.0 → 8493.0 → 8489.0 → 6825.0 → 6835.0 → 8485.0 → 9088.0 → 8484.0 → 8466.0 → 8460.0 → 8475.0 → 8458.0 → 8457.0,60
6406.0,6372.0,13830.0 → 13589.0 → 13867.0 → 13443.0 → 13741.0 → 13411.0 → 12560.0 → 14057.0 → 12136.0 → 6425.0 → 11652.0 → 12673.0 → 14055.0 → 11972.0 → 13338.0 → 12257.0 → 13408.0 → 11750.0 → 11851.0 → 11928.0 → 13116.0 → 12573.0 → 11694.0 → 11782.0 → 13833.0 → 12735.0 → 12828.0 → 12361.0 → 13677.0 → 12664.0 → 12951.0 → 12785.0 → 13228.0 → 12666.0 → 14047.0 → 13033.0 → 13662.0 → 13099.0 → 14044.0 → 7713.0 → 13969.0 → 6941.0 → 7729.0 → 14027.0 → 12792.0 → 12931.0 → 11889.0 → 6940.0 → 6914.0 → 14070.0 → 13995.0 → 11512.0 → 12132.0 → 12088.0 → 12337.0 → 13910.0 → 13813.0 → 13558.0 → 12556.0,59
6916.0,6647.0,8586.0 → 8587.0 → 8589.0 → 8575.0 → 6851.0 → 8581.0 → 8584.0 → 6814.0 → 8557.0 → 8565.0 → 8553.0 → 8574.0 → 6828.0 → 8552.0 → 8549.0 → 8529.0 → 8528.0 → 8544.0 → 8536.0 → 6917.0 → 8521.0 → 14719.0 → 8520.0 → 8514.0 → 8511.0 → 8512.0 → 14707.0 → 14582.0 → 14581.0 → 14711.0 → 14710.0 → 14585.0 → 14586.0 → 14714.0 → 6629.0 → 14584.0 → 6844.0 → 6858.0 → 8507.0 → 6809.0 → 8498.0 → 14589.0 → 7803.0 → 8492.0 → 14590.0 → 14591.0 → 8496.0 → 8493.0 → 8489.0 → 6825.0 → 6835.0 → 8485.0 → 9088.0 → 8484.0 → 8466.0 → 8460.0 → 8475.0 → 8458.0 → 8457.0,59
13967.0,,7104.0 → 7095.0 → 13362.0 → 12816.0 → 13947.0 → 13763.0 → 12958.0 → 11955.0 → 12595.0 → 13622.0 → 11799.0 → 11985.0 → 12413.0 → 12510.0 → 13304.0 → 11519.0 → 12971.0 → 13928.0 → 12690.0 → 12075.0 → 13913.0 → 11728.0 → 11946.0 → 12399.0 → 12903.0 → 12611.0 → 13188.0 → 11545.0 → 11725.0 → 12293.0 → 12370.0 → 7808.0 → 11543.0 → 11727.0 → 12141.0 → 12326.0 → 12354.0 → 12916.0 → 13839.0 → 11768.0 → 11951.0 → 12129.0 → 12176.0 → 12684.0 → 12888.0 → 12322.0 → 12980.0 → 11960.0 → 12519.0 → 13124.0 → 11612.0 → 11658.0 → 11865.0 → 12261.0 → 7824.0 → 12686.0 → 12824.0 → 12319.0 → 11864.0,59
19.0,,6.0 → 14.0 → 17.0 → 17306.0 → 9.0 → 17305.0 → 2177.0 → 17300.0 → 9521.0 → 93.0 → 941.0 → 12.0 → 4.0 → 83.0 → 5066.0 → 79.0 → 75.0 → 73.0 → 11.0 → 18.0 → 85.0 → 81.0 → 2804.0 → 2174.0 → 1937.0 → 5.0 → 9526.0 → 17315.0 → 78.0 → 89.0 → 17481.0 → 17487.0 → 569.0 → 568.0 → 567.0 → 17470.0 → 17384.0 → 17368.0 → 17382.0 → 557.0 → 17361.0 → 556.0 → 17347.0 → 17329.0 → 17469.0 → 564.0 → 561.0 → 17410.0 → 559.0 → 562.0 → 17436.0 → 17427.0 → 560.0 → 17398.0 → 17464.0 → 17453.0 → 17444.0 → 17449.0,58
1878.0,1879.0,773.0 → 511.0 → 4457.0 → 1820.0 → 517.0 → 518.0 → 519.0 → 520.0 → 516.0 → 521.0 → 1798.0 → 512.0 → 1859.0 → 4456.0 → 508.0 → 774.0 → 1620.0 → 1850.0 → 1836.0 → 1834.0 → 1826.0 → 1343.0 → 1344.0 → 1869.0 → 4455.0 → 772.0 → 1824.0 → 1818.0 → 509.0 → 510.0 → 1817.0 → 1866.0 → 507.0 → 1861.0 → 504.0 → 1842.0 → 497.0 → 1833.0 → 505.0 → 1823.0 → 496.0 → 4453.0 → 503.0 → 1854.0 → 506.0 → 502.0 → 493.0 → 491.0 → 492.0 → 1806.0 → 4452.0 → 494.0 → 1832.0 → 495.0 → 1825.0 → 500.0 → 4450.0 → 498.0,58
773.0,1878.0,511.0 → 4457.0 → 1820.0 → 517.0 → 518.0 → 519.0 → 520.0 → 516.0 → 521.0 → 1798.0 → 512.0 → 1859.0 → 4456.0 → 508.0 → 774.0 → 1620.0 → 1850.0 → 1836.0 → 1834.0 → 1826.0 → 1343.0 → 1344.0 → 1869.0 → 4455.0 → 772.0 → 1824.0 → 1818.0 → 509.0 → 510.0 → 1817.0 → 1866.0 → 507.0 → 1861.0 → 504.0 → 1842.0 → 497.0 → 1833.0 → 505.0 → 1823.0 → 496.0 → 4453.0 → 503.0 → 1854.0 → 506.0 → 502.0 → 493.0 → 491.0 → 492.0 → 1806.0 → 4452.0 → 494.0 → 1832.0 → 495.0 → 1825.0 → 500.0 → 4450.0 → 498.0,57
14.0,19.0,17.0 → 17306.0 → 9.0 → 17305.0 → 2177.0 → 17300.0 → 9521.0 → 93.0 → 941.0 → 12.0 → 4.0 → 83.0 → 5066.0 → 79.0 → 75.0 → 73.0 → 11.0 → 18.0 → 85.0 → 81.0 → 2804.0 → 2174.0 → 1937.0 → 5.0 → 9526.0 → 17315.0 → 78.0 → 89.0 → 17481.0 → 17487.0 → 569.0 → 568.0 → 567.0 → 17470.0 → 17384.0 → 17368.0 → 17382.0 → 557.0 → 17361.0 → 556.0 → 17347.0 → 17329.0 → 17469.0 → 564.0 → 561.0 → 17410.0 → 559.0 → 562.0 → 17436.0 → 17427.0 → 560.0 → 17398.0 → 17464.0 → 17453.0 → 17444.0 → 17449.0,56
5975.0,5997.0,15913.0 → 5929.0 → 15909.0 → 15910.0 → 5893.0 → 15911.0 → 15908.0 → 5953.0 → 15923.0 → 15921.0 → 5947.0 → 15922.0 → 5922.0 → 15919.0 → 15918.0 → 5911.0 → 15915.0 → 15917.0 → 5938.0 → 15901.0 → 15897.0 → 5928.0 → 15907.0 → 5902.0 → 15900.0 → 15899.0 → 15898.0 → 5920.0 → 15903.0 → 5908.0 → 5898.0 → 5892.0 → 15904.0 → 15906.0 → 5901.0 → 15931.0 → 15896.0 → 15924.0 → 15925.0 → 5825.0 → 5848.0 → 15927.0 → 5840.0 → 15926.0 → 15928.0 → 5873.0 → 5865.0 → 5852.0 → 5841.0 → 5838.0 → 15893.0 → 15894.0 → 5792.0 → 5846.0 → 5839.0,55
6797.0,6794.0,8709.0 → 6800.0 → 8708.0 → 6802.0 → 8680.0 → 8699.0 → 6848.0 → 6853.0 → 14465.0 → 8694.0 → 8695.0 → 6821.0 → 6823.0 → 8641.0 → 8639.0 → 6841.0 → 8645.0 → 8646.0 → 8681.0 → 8683.0 → 8686.0 → 6865.0 → 14476.0 → 8690.0 → 6804.0 → 6829.0 → 8633.0 → 6805.0 → 6807.0 → 8615.0 → 8616.0 → 8635.0 → 8634.0 → 6810.0 → 8648.0 → 8654.0 → 8621.0 → 6812.0 → 8603.0 → 8657.0 → 8655.0 → 6815.0 → 8597.0 → 8593.0 → 8605.0 → 6846.0 → 8595.0 → 8596.0 → 6845.0 → 6866.0 → 8675.0 → 8661.0 → 8659.0 → 8672.0,54
13976.0,13987.0,7734.0 → 12423.0 → 12955.0 → 12972.0 → 13638.0 → 11496.0 → 13311.0 → 11772.0 → 12660.0 → 13951.0 → 13577.0 → 12407.0 → 13289.0 → 12561.0 → 12587.0 → 7751.0 → 13758.0 → 12793.0 → 7762.0 → 11602.0 → 14092.0 → 12159.0 → 7763.0 → 12269.0 → 12316.0 → 12623.0 → 7759.0 → 11464.0 → 11837.0 → 12032.0 → 12389.0 → 12761.0 → 12782.0 → 13147.0 → 11510.0 → 11593.0 → 13277.0 → 12150.0 → 12252.0 → 12446.0 → 7788.0 → 11509.0 → 12852.0 → 11667.0 → 13612.0 → 11472.0 → 12091.0 → 12343.0 → 12739.0 → 13250.0 → 11501.0 → 11550.0 → 11598.0 → 12143.0,54
13947.0,13967.0,13763.0 → 12958.0 → 11955.0 → 12595.0 → 13622.0 → 11799.0 → 11985.0 → 12413.0 → 12510.0 → 13304.0 → 11519.0 → 12971.0 → 13928.0 → 12690.0 → 12075.0 → 13913.0 → 11728.0 → 11946.0 → 12399.0 → 12903.0 → 12611.0 → 13188.0 → 11545.0 → 11725.0 → 12293.0 → 12370.0 → 7808.0 → 11543.0 → 11727.0 → 12141.0 → 12326.0 → 12354.0 → 12916.0 → 13839.0 → 11768.0 → 11951.0 → 12129.0 → 12176.0 → 12684.0 → 12888.0 → 12322.0 → 12980.0 → 11960.0 → 12519.0 → 13124.0 → 11612.0 → 11658.0 → 11865.0 → 12261.0 → 7824.0 → 12686.0 → 12824.0 → 12319.0 → 11864.0,54
5824.0,,5821.0 → 7174.0 → 7173.0 → 5800.0 → 5834.0 → 16170.0 → 16169.0 → 16168.0 → 16165.0 → 16166.0 → 5866.0 → 5875.0 → 16164.0 → 16163.0 → 16162.0 → 16156.0 → 16159.0 → 5905.0 → 16157.0 → 16158.0 → 7178.0 → 16161.0 → 7161.0 → 15932.0 → 16132.0 → 16155.0 → 16135.0 → 16137.0 → 16133.0 → 16148.0 → 16147.0 → 16141.0 → 16142.0 → 16134.0 → 16144.0 → 16145.0 → 16138.0 → 16140.0 → 5827.0 → 5878.0 → 16146.0 → 5810.0 → 5869.0 → 16153.0 → 16151.0 → 16149.0 → 16150.0 → 5793.0 → 16127.0 → 16126.0 → 16129.0 → 16131.0 → 16130.0 → 16128.0,54
6922.0,,6301.0 → 7444.0 → 6923.0 → 7435.0 → 6295.0 → 7415.0 → 7306.0 → 7417.0 → 6947.0 → 7443.0 → 7425.0 → 6269.0 → 6262.0 → 7391.0 → 6919.0 → 6260.0 → 7289.0 → 6918.0 → 6246.0 → 14451.0 → 6225.0 → 7374.0 → 6222.0 → 7363.0 → 7372.0 → 7314.0 → 6209.0 → 7260.0 → 18223.0 → 6185.0 → 18222.0 → 6901.0 → 6219.0 → 7377.0 → 6268.0 → 7312.0 → 7238.0 → 7340.0 → 6281.0 → 7311.0 → 6223.0 → 7347.0 → 7407.0 → 7324.0 → 7307.0 → 7304.0 → 6264.0 → 14837.0 → 7296.0 → 7218.0 → 7292.0 → 18196.0 → 7325.0,53
8709.0,6797.0,6800.0 → 8708.0 → 6802.0 → 8680.0 → 8699.0 → 6848.0 → 6853.0 → 14465.0 → 8694.0 → 8695.0 → 6821.0 → 6823.0 → 8641.0 → 8639.0 → 6841.0 → 8645.0 → 8646.0 → 8681.0 → 8683.0 → 8686.0 → 6865.0 → 14476.0 → 8690.0 → 6804.0 → 6829.0 → 8633.0 → 6805.0 → 6807.0 → 8615.0 → 8616.0 → 8635.0 → 8634.0 → 6810.0 → 8648.0 → 8654.0 → 8621.0 → 6812.0 → 8603.0 → 8657.0 → 8655.0 → 6815.0 → 8597.0 → 8593.0 → 8605.0 → 6846.0 → 8595.0 → 8596.0 → 6845.0 → 6866.0 → 8675.0 → 8661.0 → 8659.0 → 8672.0,53
7734.0,13976.0,12423.0 → 12955.0 → 12972.0 → 13638.0 → 11496.0 → 13311.0 → 11772.0 → 12660.0 → 13951.0 → 13577.0 → 12407.0 → 13289.0 → 12561.0 → 12587.0 → 7751.0 → 13758.0 → 12793.0 → 7762.0 → 11602.0 → 14092.0 → 12159.0 → 7763.0 → 12269.0 → 12316.0 → 12623.0 → 7759.0 → 11464.0 → 11837.0 → 12032.0 → 12389.0 → 12761.0 → 12782.0 → 13147.0 → 11510.0 → 11593.0 → 13277.0 → 12150.0 → 12252.0 → 12446.0 → 7788.0 → 11509.0 → 12852.0 → 11667.0 → 13612.0 → 11472.0 → 12091.0 → 12343.0 → 12739.0 → 13250.0 → 11501.0 → 11550.0 → 11598.0 → 12143.0,53
6800.0,8709.0,8708.0 → 6802.0 → 8680.0 → 8699.0 → 6848.0 → 6853.0 → 14465.0 → 8694.0 → 8695.0 → 6821.0 → 6823.0 → 8641.0 → 8639.0 → 6841.0 → 8645.0 → 8646.0 → 8681.0 → 8683.0 → 8686.0 → 6865.0 → 14476.0 → 8690.0 → 6804.0 → 6829.0 → 8633.0 → 6805.0 → 6807.0 → 8615.0 → 8616.0 → 8635.0 → 8634.0 → 6810.0 → 8648.0 → 8654.0 → 8621.0 → 6812.0 → 8603.0 → 8657.0 → 8655.0 → 6815.0 → 8597.0 → 8593.0 → 8605.0 → 6846.0 → 8595.0 → 8596.0 → 6845.0 → 6866.0 → 8675.0 → 8661.0 → 8659.0 → 8672.0,52
6301.0,6922.0,7444.0 → 6923.0 → 7435.0 → 6295.0 → 7415.0 → 7306.0 → 7417.0 → 6947.0 → 7443.0 → 7425.0 → 6269.0 → 6262.0 → 7391.0 → 6919.0 → 6260.0 → 7289.0 → 6918.0 → 6246.0 → 14451.0 → 6225.0 → 7374.0 → 6222.0 → 7363.0 → 7372.0 → 7314.0 → 6209.0 → 7260.0 → 18223.0 → 6185.0 → 18222.0 → 6901.0 → 6219.0 → 7377.0 → 6268.0 → 7312.0 → 7238.0 → 7340.0 → 6281.0 → 7311.0 → 6223.0 → 7347.0 → 7407.0 → 7324.0 → 7307.0 → 7304.0 → 6264.0 → 14837.0 → 7296.0 → 7218.0 → 7292.0 → 18196.0 → 7325.0,52
14057.0,6406.0,12136.0 → 6425.0 → 11652.0 → 12673.0 → 14055.0 → 11972.0 → 13338.0 → 12257.0 → 13408.0 → 11750.0 → 11851.0 → 11928.0 → 13116.0 → 12573.0 → 11694.0 → 11782.0 → 13833.0 → 12735.0 → 12828.0 → 12361.0 → 13677.0 → 12664.0 → 12951.0 → 12785.0 → 13228.0 → 12666.0 → 14047.0 → 13033.0 → 13662.0 → 13099.0 → 14044.0 → 7713.0 → 13969.0 → 6941.0 → 7729.0 → 14027.0 → 12792.0 → 12931.0 → 11889.0 → 6940.0 → 6914.0 → 14070.0 → 13995.0 → 11512.0 → 12132.0 → 12088.0 → 12337.0 → 13910.0 → 13813.0 → 13558.0 → 12556.0,51
6224.0,,15122.0 → 6243.0 → 6248.0 → 6204.0 → 15179.0 → 6192.0 → 6201.0 → 15492.0 → 6202.0 → 15478.0 → 6198.0 → 15502.0 → 15501.0 → 6196.0 → 6190.0 → 6183.0 → 15488.0 → 15469.0 → 15472.0 → 6188.0 → 15474.0 → 6199.0 → 6186.0 → 15163.0 → 6181.0 → 15524.0 → 15476.0 → 15161.0 → 6177.0 → 15470.0 → 15170.0 → 15164.0 → 15159.0 → 6168.0 → 15158.0 → 6173.0 → 6171.0 → 6172.0 → 15523.0 → 15467.0 → 15514.0 → 6159.0 → 15177.0 → 15465.0 → 15466.0 → 15183.0 → 15456.0 → 15454.0 → 6156.0 → 6157.0 → 15461.0,51
5506.0,5505.0,15426.0 → 5548.0 → 15422.0 → 6773.0 → 5569.0 → 18985.0 → 18959.0 → 19218.0 → 18975.0 → 18957.0 → 18977.0 → 18976.0 → 18974.0 → 18956.0 → 18955.0 → 18954.0 → 18966.0 → 18953.0 → 18972.0 → 18971.0 → 18967.0 → 5574.0 → 18999.0 → 19003.0 → 18991.0 → 18998.0 → 19004.0 → 15421.0 → 19000.0 → 5614.0 → 6772.0 → 18987.0 → 18988.0 → 18898.0 → 18907.0 → 18933.0 → 18923.0 → 18986.0 → 18912.0 → 18904.0 → 18903.0 → 18930.0 → 18908.0 → 18938.0 → 18936.0 → 18917.0 → 18916.0 → 18921.0 → 18915.0 → 5756.0 → 19217.0,51
8708.0,6800.0,6802.0 → 8680.0 → 8699.0 → 6848.0 → 6853.0 → 14465.0 → 8694.0 → 8695.0 → 6821.0 → 6823.0 → 8641.0 → 8639.0 → 6841.0 → 8645.0 → 8646.0 → 8681.0 → 8683.0 → 8686.0 → 6865.0 → 14476.0 → 8690.0 → 6804.0 → 6829.0 → 8633.0 → 6805.0 → 6807.0 → 8615.0 → 8616.0 → 8635.0 → 8634.0 → 6810.0 → 8648.0 → 8654.0 → 8621.0 → 6812.0 → 8603.0 → 8657.0 → 8655.0 → 6815.0 → 8597.0 → 8593.0 → 8605.0 → 6846.0 → 8595.0 → 8596.0 → 6845.0 → 6866.0 → 8675.0 → 8661.0 → 8659.0 → 8672.0,51
5631.0,5617.0,16939.0 → 17010.0 → 5634.0 → 16945.0 → 16946.0 → 5642.0 → 16971.0 → 5649.0 → 16931.0 → 17000.0 → 16938.0 → 16885.0 → 16883.0 → 5637.0 → 16898.0 → 5635.0 → 5655.0 → 16845.0 → 16857.0 → 5646.0 → 16929.0 → 16917.0 → 16916.0 → 16956.0 → 17004.0 → 16843.0 → 5670.0 → 16878.0 → 5669.0 → 5656.0 → 5667.0 → 16877.0 → 5698.0 → 5697.0 → 5681.0 → 5677.0 → 16858.0 → 16874.0 → 16872.0 → 16848.0 → 17008.0 → 16850.0 → 5701.0 → 16854.0 → 16973.0 → 5711.0 → 16867.0 → 16840.0 → 16868.0 → 16863.0,50
6802.0,8708.0,8680.0 → 8699.0 → 6848.0 → 6853.0 → 14465.0 → 8694.0 → 8695.0 → 6821.0 → 6823.0 → 8641.0 → 8639.0 → 6841.0 → 8645.0 → 8646.0 → 8681.0 → 8683.0 → 8686.0 → 6865.0 → 14476.0 → 8690.0 → 6804.0 → 6829.0 → 8633.0 → 6805.0 → 6807.0 → 8615.0 → 8616.0 → 8635.0 → 8634.0 → 6810.0 → 8648.0 → 8654.0 → 8621.0 → 6812.0 → 8603.0 → 8657.0 → 8655.0 → 6815.0 → 8597.0 → 8593.0 → 8605.0 → 6846.0 → 8595.0 → 8596.0 → 6845.0 → 6866.0 → 8675.0 → 8661.0 → 8659.0 → 8672.0,50
5548.0,5506.0,15422.0 → 6773.0 → 5569.0 → 18985.0 → 18959.0 → 19218.0 → 18975.0 → 18957.0 → 18977.0 → 18976.0 → 18974.0 → 18956.0 → 18955.0 → 18954.0 → 18966.0 → 18953.0 → 18972.0 → 18971.0 → 18967.0 → 5574.0 → 18999.0 → 19003.0 → 18991.0 → 18998.0 → 19004.0 → 15421.0 → 19000.0 → 5614.0 → 6772.0 → 18987.0 → 18988.0 → 18898.0 → 18907.0 → 18933.0 → 18923.0 → 18986.0 → 18912.0 → 18904.0 → 18903.0 → 18930.0 → 18908.0 → 18938.0 → 18936.0 → 18917.0 → 18916.0 → 18921.0 → 18915.0 → 5756.0 → 19217.0,49
5834.0,5824.0,16170.0 → 16169.0 → 16168.0 → 16165.0 → 16166.0 → 5866.0 → 5875.0 → 16164.0 → 16163.0 → 16162.0 → 16156.0 → 16159.0 → 5905.0 → 16157.0 → 16158.0 → 7178.0 → 16161.0 → 7161.0 → 15932.0 → 16132.0 → 16155.0 → 16135.0 → 16137.0 → 16133.0 → 16148.0 → 16147.0 → 16141.0 → 16142.0 → 16134.0 → 16144.0 → 16145.0 → 16138.0 → 16140.0 → 5827.0 → 5878.0 → 16146.0 → 5810.0 → 5869.0 → 16153.0 → 16151.0 → 16149.0 → 16150.0 → 5793.0 → 16127.0 → 16126.0 → 16129.0 → 16131.0 → 16130.0 → 16128.0,49
6392.0,6381.0,13008.0 → 12638.0 → 7631.0 → 14069.0 → 7670.0 → 13420.0 → 6415.0 → 13676.0 → 6429.0 → 12947.0 → 13723.0 → 13475.0 → 13093.0 → 14052.0 → 6431.0 → 13375.0 → 12937.0 → 12356.0 → 13210.0 → 6451.0 → 13568.0 → 13567.0 → 13041.0 → 13847.0 → 13120.0 → 14068.0 → 13480.0 → 15571.0 → 6378.0 → 13070.0 → 6383.0 → 7656.0 → 13706.0 → 13337.0 → 13905.0 → 6400.0 → 7658.0 → 7646.0 → 14042.0 → 7660.0 → 7651.0 → 7663.0 → 7717.0 → 7661.0 → 15707.0 → 7678.0 → 7882.0 → 7669.0 → 15709.0,49
5492.0,,15759.0 → 15751.0 → 15756.0 → 15757.0 → 5460.0 → 15768.0 → 15771.0 → 5454.0 → 15764.0 → 15773.0 → 5475.0 → 5439.0 → 15753.0 → 15776.0 → 5424.0 → 5417.0 → 5423.0 → 16401.0 → 16402.0 → 5456.0 → 16414.0 → 16409.0 → 16410.0 → 5491.0 → 5464.0 → 5477.0 → 16405.0 → 5474.0 → 16426.0 → 7050.0 → 16419.0 → 5481.0 → 5480.0 → 5488.0 → 16425.0 → 5490.0 → 16420.0 → 5515.0 → 16443.0 → 16436.0 → 16434.0 → 5501.0 → 16444.0 → 5511.0 → 16431.0 → 16442.0 → 16428.0 → 16439.0,48
6911.0,14060.0,15662.0 → 7805.0 → 7103.0 → 7096.0 → 15687.0 → 12540.0 → 13236.0 → 15664.0 → 14023.0 → 11813.0 → 13999.0 → 12523.0 → 13410.0 → 7790.0 → 13425.0 → 13264.0 → 12999.0 → 13617.0 → 12998.0 → 7781.0 → 13209.0 → 6913.0 → 12538.0 → 13785.0 → 12940.0 → 13671.0 → 12672.0 → 13114.0 → 12911.0 → 13180.0 → 7765.0 → 13565.0 → 12230.0 → 12377.0 → 12704.0 → 13040.0 → 12610.0 → 13573.0 → 11994.0 → 12462.0 → 12534.0 → 12779.0 → 7767.0 → 13569.0 → 12484.0 → 12902.0 → 12539.0,47
6204.0,6224.0,15179.0 → 6192.0 → 6201.0 → 15492.0 → 6202.0 → 15478.0 → 6198.0 → 15502.0 → 15501.0 → 6196.0 → 6190.0 → 6183.0 → 15488.0 → 15469.0 → 15472.0 → 6188.0 → 15474.0 → 6199.0 → 6186.0 → 15163.0 → 6181.0 → 15524.0 → 15476.0 → 15161.0 → 6177.0 → 15470.0 → 15170.0 → 15164.0 → 15159.0 → 6168.0 → 15158.0 → 6173.0 → 6171.0 → 6172.0 → 15523.0 → 15467.0 → 15514.0 → 6159.0 → 15177.0 → 15465.0 → 15466.0 → 15183.0 → 15456.0 → 15454.0 → 6156.0 → 6157.0 → 15461.0,47
5533.0,5521.0,16503.0 → 16501.0 → 5556.0 → 5581.0 → 5546.0 → 16504.0 → 16744.0 → 16649.0 → 16497.0 → 5585.0 → 16644.0 → 16490.0 → 16622.0 → 16605.0 → 16612.0 → 16668.0 → 16604.0 → 16487.0 → 16643.0 → 16611.0 → 16640.0 → 16616.0 → 16613.0 → 16645.0 → 16609.0 → 16634.0 → 16603.0 → 16635.0 → 5598.0 → 16626.0 → 16623.0 → 16624.0 → 5583.0 → 16620.0 → 5567.0 → 16608.0 → 5600.0 → 16594.0 → 16661.0 → 16660.0 → 16663.0 → 16667.0 → 5606.0 → 16665.0 → 5612.0 → 16671.0 → 16670.0,47
14055.0,14057.0,11972.0 → 13338.0 → 12257.0 → 13408.0 → 11750.0 → 11851.0 → 11928.0 → 13116.0 → 12573.0 → 11694.0 → 11782.0 → 13833.0 → 12735.0 → 12828.0 → 12361.0 → 13677.0 → 12664.0 → 12951.0 → 12785.0 → 13228.0 → 12666.0 → 14047.0 → 13033.0 → 13662.0 → 13099.0 → 14044.0 → 7713.0 → 13969.0 → 6941.0 → 7729.0 → 14027.0 → 12792.0 → 12931.0 → 11889.0 → 6940.0 → 6914.0 → 14070.0 → 13995.0 → 11512.0 → 12132.0 → 12088.0 → 12337.0 → 13910.0 → 13813.0 → 13558.0 → 12556.0,46
12.0,14.0,4.0 → 83.0 → 5066.0 → 79.0 → 75.0 → 73.0 → 11.0 → 18.0 → 85.0 → 81.0 → 2804.0 → 2174.0 → 1937.0 → 5.0 → 9526.0 → 17315.0 → 78.0 → 89.0 → 17481.0 → 17487.0 → 569.0 → 568.0 → 567.0 → 17470.0 → 17384.0 → 17368.0 → 17382.0 → 557.0 → 17361.0 → 556.0 → 17347.0 → 17329.0 → 17469.0 → 564.0 → 561.0 → 17410.0 → 559.0 → 562.0 → 17436.0 → 17427.0 → 560.0 → 17398.0 → 17464.0 → 17453.0 → 17444.0 → 17449.0,46
4.0,12.0,83.0 → 5066.0 → 79.0 → 75.0 → 73.0 → 11.0 → 18.0 → 85.0 → 81.0 → 2804.0 → 2174.0 → 1937.0 → 5.0 → 9526.0 → 17315.0 → 78.0 → 89.0 → 17481.0 → 17487.0 → 569.0 → 568.0 → 567.0 → 17470.0 → 17384.0 → 17368.0 → 17382.0 → 557.0 → 17361.0 → 556.0 → 17347.0 → 17329.0 → 17469.0 → 564.0 → 561.0 → 17410.0 → 559.0 → 562.0 → 17436.0 → 17427.0 → 560.0 → 17398.0 → 17464.0 → 17453.0 → 17444.0 → 17449.0,45
13951.0,7734.0,13577.0 → 12407.0 → 13289.0 → 12561.0 → 12587.0 → 7751.0 → 13758.0 → 12793.0 → 7762.0 → 11602.0 → 14092.0 → 12159.0 → 7763.0 → 12269.0 → 12316.0 → 12623.0 → 7759.0 → 11464.0 → 11837.0 → 12032.0 → 12389.0 → 12761.0 → 12782.0 → 13147.0 → 11510.0 → 11593.0 → 13277.0 → 12150.0 → 12252.0 → 12446.0 → 7788.0 → 11509.0 → 12852.0 → 11667.0 → 13612.0 → 11472.0 → 12091.0 → 12343.0 → 12739.0 → 13250.0 → 11501.0 → 11550.0 → 11598.0 → 12143.0,44
36.0,62.0,114.0 → 113.0 → 117.0 → 31.0 → 118.0 → 59.0 → 490.0 → 472.0 → 486.0 → 476.0 → 928.0 → 2929.0 → 468.0 → 480.0 → 45.0 → 933.0 → 2151.0 → 931.0 → 33.0 → 63.0 → 28.0 → 2946.0 → 2150.0 → 833.0 → 353.0 → 358.0 → 348.0 → 349.0 → 351.0 → 350.0 → 337.0 → 338.0 → 336.0 → 335.0 → 357.0 → 361.0 → 2562.0 → 356.0 → 2965.0 → 2964.0 → 225.0 → 226.0 → 355.0 → 345.0,44
2770.0,,3204.0 → 1991.0 → 3203.0 → 3202.0 → 3189.0 → 3201.0 → 2948.0 → 3198.0 → 3194.0 → 3193.0 → 3191.0 → 3190.0 → 3197.0 → 3196.0 → 2922.0 → 3188.0 → 3180.0 → 3187.0 → 3185.0 → 3184.0 → 3183.0 → 3182.0 → 3181.0 → 1908.0 → 3179.0 → 3178.0 → 3177.0 → 3175.0 → 2957.0 → 3174.0 → 3173.0 → 3171.0 → 3169.0 → 2941.0 → 3166.0 → 3164.0 → 3163.0 → 3162.0 → 3161.0 → 3160.0 → 3157.0 → 3155.0 → 1905.0 → 3154.0,44
7752.0,7769.0,14665.0 → 14651.0 → 14664.0 → 6560.0 → 14646.0 → 14643.0 → 14653.0 → 6605.0 → 14648.0 → 6590.0 → 14663.0 → 14659.0 → 14662.0 → 7768.0 → 14654.0 → 14660.0 → 14661.0 → 6556.0 → 7738.0 → 6569.0 → 6559.0 → 7747.0 → 6554.0 → 14770.0 → 6539.0 → 14769.0 → 6547.0 → 6545.0 → 14776.0 → 14777.0 → 6537.0 → 6530.0 → 7745.0 → 6528.0 → 7736.0 → 14781.0 → 6589.0 → 6577.0 → 6555.0 → 6544.0 → 6535.0 → 14768.0 → 6531.0,43
7443.0,6301.0,7425.0 → 6269.0 → 6262.0 → 7391.0 → 6919.0 → 6260.0 → 7289.0 → 6918.0 → 6246.0 → 14451.0 → 6225.0 → 7374.0 → 6222.0 → 7363.0 → 7372.0 → 7314.0 → 6209.0 → 7260.0 → 18223.0 → 6185.0 → 18222.0 → 6901.0 → 6219.0 → 7377.0 → 6268.0 → 7312.0 → 7238.0 → 7340.0 → 6281.0 → 7311.0 → 6223.0 → 7347.0 → 7407.0 → 7324.0 → 7307.0 → 7304.0 → 6264.0 → 14837.0 → 7296.0 → 7218.0 → 7292.0 → 18196.0 → 7325.0,43
16975.0,5617.0,5718.0 → 16976.0 → 5722.0 → 15791.0 → 15792.0 → 15789.0 → 15790.0 → 15796.0 → 15800.0 → 15793.0 → 15798.0 → 16888.0 → 5788.0 → 15795.0 → 5763.0 → 15905.0 → 5704.0 → 5712.0 → 5716.0 → 16962.0 → 16961.0 → 16907.0 → 5725.0 → 5739.0 → 5749.0 → 15805.0 → 5727.0 → 15804.0 → 5703.0 → 16950.0 → 16952.0 → 5668.0 → 16957.0 → 17018.0 → 5688.0 → 16934.0 → 16892.0 → 5679.0 → 5683.0 → 16933.0 → 16890.0 → 16891.0 → 16927.0,43
1894.0,798.0,684.0 → 682.0 → 693.0 → 780.0 → 660.0 → 779.0 → 800.0 → 778.0 → 686.0 → 783.0 → 2032.0 → 782.0 → 784.0 → 2738.0 → 2737.0 → 2736.0 → 785.0 → 2031.0 → 700.0 → 677.0 → 674.0 → 678.0 → 703.0 → 4447.0 → 288.0 → 289.0 → 286.0 → 2210.0 → 285.0 → 670.0 → 4449.0 → 293.0 → 1324.0 → 290.0 → 1321.0 → 707.0 → 657.0 → 701.0 → 1311.0 → 775.0 → 665.0 → 777.0,42
5546.0,5533.0,16504.0 → 16744.0 → 16649.0 → 16497.0 → 5585.0 → 16644.0 → 16490.0 → 16622.0 → 16605.0 → 16612.0 → 16668.0 → 16604.0 → 16487.0 → 16643.0 → 16611.0 → 16640.0 → 16616.0 → 16613.0 → 16645.0 → 16609.0 → 16634.0 → 16603.0 → 16635.0 → 5598.0 → 16626.0 → 16623.0 → 16624.0 → 5583.0 → 16620.0 → 5567.0 → 16608.0 → 5600.0 → 16594.0 → 16661.0 → 16660.0 → 16663.0 → 16667.0 → 5606.0 → 16665.0 → 5612.0 → 16671.0 → 16670.0,42
161.0,273.0,159.0 → 188.0 → 158.0 → 221.0 → 216.0 → 155.0 → 169.0 → 168.0 → 160.0 → 156.0 → 474.0 → 457.0 → 904.0 → 2182.0 → 1967.0 → 487.0 → 461.0 → 207.0 → 212.0 → 489.0 → 223.0 → 180.0 → 183.0 → 332.0 → 886.0 → 460.0 → 465.0 → 903.0 → 462.0 → 900.0 → 477.0 → 488.0 → 471.0 → 469.0 → 467.0 → 895.0 → 189.0 → 458.0 → 463.0 → 876.0 → 892.0 → 2773.0,42
15687.0,6911.0,12540.0 → 13236.0 → 15664.0 → 14023.0 → 11813.0 → 13999.0 → 12523.0 → 13410.0 → 7790.0 → 13425.0 → 13264.0 → 12999.0 → 13617.0 → 12998.0 → 7781.0 → 13209.0 → 6913.0 → 12538.0 → 13785.0 → 12940.0 → 13671.0 → 12672.0 → 13114.0 → 12911.0 → 13180.0 → 7765.0 → 13565.0 → 12230.0 → 12377.0 → 12704.0 → 13040.0 → 12610.0 → 13573.0 → 11994.0 → 12462.0 → 12534.0 → 12779.0 → 7767.0 → 13569.0 → 12484.0 → 12902.0 → 12539.0,42
14003.0,6408.0,12137.0 → 14001.0 → 11718.0 → 11949.0 → 12114.0 → 12156.0 → 12240.0 → 12644.0 → 13993.0 → 12189.0 → 13001.0 → 13708.0 → 12089.0 → 13117.0 → 13169.0 → 13014.0 → 13961.0 → 13950.0 → 13243.0 → 13829.0 → 13757.0 → 13601.0 → 13486.0 → 12900.0 → 13914.0 → 13500.0 → 13142.0 → 13893.0 → 12243.0 → 13877.0 → 12338.0 → 12613.0 → 12912.0 → 13295.0 → 12061.0 → 13004.0 → 13713.0 → 12909.0 → 13503.0 → 12235.0 → 13257.0 → 12349.0,42
5875.0,5834.0,16164.0 → 16163.0 → 16162.0 → 16156.0 → 16159.0 → 5905.0 → 16157.0 → 16158.0 → 7178.0 → 16161.0 → 7161.0 → 15932.0 → 16132.0 → 16155.0 → 16135.0 → 16137.0 → 16133.0 → 16148.0 → 16147.0 → 16141.0 → 16142.0 → 16134.0 → 16144.0 → 16145.0 → 16138.0 → 16140.0 → 5827.0 → 5878.0 → 16146.0 → 5810.0 → 5869.0 → 16153.0 → 16151.0 → 16149.0 → 16150.0 → 5793.0 → 16127.0 → 16126.0 → 16129.0 → 16131.0 → 16130.0 → 16128.0,42
159.0,161.0,188.0 → 158.0 → 221.0 → 216.0 → 155.0 → 169.0 → 168.0 → 160.0 → 156.0 → 474.0 → 457.0 → 904.0 → 2182.0 → 1967.0 → 487.0 → 461.0 → 207.0 → 212.0 → 489.0 → 223.0 → 180.0 → 183.0 → 332.0 → 886.0 → 460.0 → 465.0 → 903.0 → 462.0 → 900.0 → 477.0 → 488.0 → 471.0 → 469.0 → 467.0 → 895.0 → 189.0 → 458.0 → 463.0 → 876.0 → 892.0 → 2773.0,41
13928.0,13947.0,12690.0 → 12075.0 → 13913.0 → 11728.0 → 11946.0 → 12399.0 → 12903.0 → 12611.0 → 13188.0 → 11545.0 → 11725.0 → 12293.0 → 12370.0 → 7808.0 → 11543.0 → 11727.0 → 12141.0 → 12326.0 → 12354.0 → 12916.0 → 13839.0 → 11768.0 → 11951.0 → 12129.0 → 12176.0 → 12684.0 → 12888.0 → 12322.0 → 12980.0 → 11960.0 → 12519.0 → 13124.0 → 11612.0 → 11658.0 → 11865.0 → 12261.0 → 7824.0 → 12686.0 → 12824.0 → 12319.0 → 11864.0,41
6269.0,7443.0,6262.0 → 7391.0 → 6919.0 → 6260.0 → 7289.0 → 6918.0 → 6246.0 → 14451.0 → 6225.0 → 7374.0 → 6222.0 → 7363.0 → 7372.0 → 7314.0 → 6209.0 → 7260.0 → 18223.0 → 6185.0 → 18222.0 → 6901.0 → 6219.0 → 7377.0 → 6268.0 → 7312.0 → 7238.0 → 7340.0 → 6281.0 → 7311.0 → 6223.0 → 7347.0 → 7407.0 → 7324.0 → 7307.0 → 7304.0 → 6264.0 → 14837.0 → 7296.0 → 7218.0 → 7292.0 → 18196.0 → 7325.0,41
3202.0,2770.0,3189.0 → 3201.0 → 2948.0 → 3198.0 → 3194.0 → 3193.0 → 3191.0 → 3190.0 → 3197.0 → 3196.0 → 2922.0 → 3188.0 → 3180.0 → 3187.0 → 3185.0 → 3184.0 → 3183.0 → 3182.0 → 3181.0 → 1908.0 → 3179.0 → 3178.0 → 3177.0 → 3175.0 → 2957.0 → 3174.0 → 3173.0 → 3171.0 → 3169.0 → 2941.0 → 3166.0 → 3164.0 → 3163.0 → 3162.0 → 3161.0 → 3160.0 → 3157.0 → 3155.0 → 1905.0 → 3154.0,40
235.0,798.0,2978.0 → 236.0 → 2036.0 → 2977.0 → 3021.0 → 1744.0 → 234.0 → 3093.0 → 856.0 → 1742.0 → 1740.0 → 2764.0 → 1741.0 → 1743.0 → 854.0 → 4530.0 → 5214.0 → 5219.0 → 2975.0 → 851.0 → 4528.0 → 4523.0 → 4526.0 → 4527.0 → 840.0 → 4522.0 → 2969.0 → 4236.0 → 842.0 → 1733.0 → 1730.0 → 845.0 → 4216.0 → 4232.0 → 98.0 → 4525.0 → 107.0 → 4257.0 → 106.0 → 4247.0,40
14001.0,14003.0,11718.0 → 11949.0 → 12114.0 → 12156.0 → 12240.0 → 12644.0 → 13993.0 → 12189.0 → 13001.0 → 13708.0 → 12089.0 → 13117.0 → 13169.0 → 13014.0 → 13961.0 → 13950.0 → 13243.0 → 13829.0 → 13757.0 → 13601.0 → 13486.0 → 12900.0 → 13914.0 → 13500.0 → 13142.0 → 13893.0 → 12243.0 → 13877.0 → 12338.0 → 12613.0 → 12912.0 → 13295.0 → 12061.0 → 13004.0 → 13713.0 → 12909.0 → 13503.0 → 12235.0 → 13257.0 → 12349.0,40
158.0,159.0,221.0 → 216.0 → 155.0 → 169.0 → 168.0 → 160.0 → 156.0 → 474.0 → 457.0 → 904.0 → 2182.0 → 1967.0 → 487.0 → 461.0 → 207.0 → 212.0 → 489.0 → 223.0 → 180.0 → 183.0 → 332.0 → 886.0 → 460.0 → 465.0 → 903.0 → 462.0 → 900.0 → 477.0 → 488.0 → 471.0 → 469.0 → 467.0 → 895.0 → 189.0 → 458.0 → 463.0 → 876.0 → 892.0 → 2773.0,39
6917.0,6916.0,8521.0 → 14719.0 → 8520.0 → 8514.0 → 8511.0 → 8512.0 → 14707.0 → 14582.0 → 14581.0 → 14711.0 → 14710.0 → 14585.0 → 14586.0 → 14714.0 → 6629.0 → 14584.0 → 6844.0 → 6858.0 → 8507.0 → 6809.0 → 8498.0 → 14589.0 → 7803.0 → 8492.0 → 14590.0 → 14591.0 → 8496.0 → 8493.0 → 8489.0 → 6825.0 → 6835.0 → 8485.0 → 9088.0 → 8484.0 → 8466.0 → 8460.0 → 8475.0 → 8458.0 → 8457.0,39
7751.0,13951.0,13758.0 → 12793.0 → 7762.0 → 11602.0 → 14092.0 → 12159.0 → 7763.0 → 12269.0 → 12316.0 → 12623.0 → 7759.0 → 11464.0 → 11837.0 → 12032.0 → 12389.0 → 12761.0 → 12782.0 → 13147.0 → 11510.0 → 11593.0 → 13277.0 → 12150.0 → 12252.0 → 12446.0 → 7788.0 → 11509.0 → 12852.0 → 11667.0 → 13612.0 → 11472.0 → 12091.0 → 12343.0 → 12739.0 → 13250.0 → 11501.0 → 11550.0 → 11598.0 → 12143.0,38
14023.0,15687.0,11813.0 → 13999.0 → 12523.0 → 13410.0 → 7790.0 → 13425.0 → 13264.0 → 12999.0 → 13617.0 → 12998.0 → 7781.0 → 13209.0 → 6913.0 → 12538.0 → 13785.0 → 12940.0 → 13671.0 → 12672.0 → 13114.0 → 12911.0 → 13180.0 → 7765.0 → 13565.0 → 12230.0 → 12377.0 → 12704.0 → 13040.0 → 12610.0 → 13573.0 → 11994.0 → 12462.0 → 12534.0 → 12779.0 → 7767.0 → 13569.0 → 12484.0 → 12902.0 → 12539.0,38
13913.0,13928.0,11728.0 → 11946.0 → 12399.0 → 12903.0 → 12611.0 → 13188.0 → 11545.0 → 11725.0 → 12293.0 → 12370.0 → 7808.0 → 11543.0 → 11727.0 → 12141.0 → 12326.0 → 12354.0 → 12916.0 → 13839.0 → 11768.0 → 11951.0 → 12129.0 → 12176.0 → 12684.0 → 12888.0 → 12322.0 → 12980.0 → 11960.0 → 12519.0 → 13124.0 → 11612.0 → 11658.0 → 11865.0 → 12261.0 → 7824.0 → 12686.0 → 12824.0 → 12319.0 → 11864.0,38
6927.0,,7318.0 → 17982.0 → 6926.0 → 6925.0 → 7303.0 → 7301.0 → 18034.0 → 17666.0 → 17659.0 → 17998.0 → 17586.0 → 17740.0 → 17904.0 → 7302.0 → 17675.0 → 17635.0 → 18065.0 → 7287.0 → 7288.0 → 6933.0 → 17639.0 → 7281.0 → 7273.0 → 17891.0 → 17729.0 → 7276.0 → 17851.0 → 17764.0 → 7280.0 → 18060.0 → 17970.0 → 17955.0 → 6932.0 → 17953.0 → 17817.0 → 17777.0 → 17984.0 → 17956.0,38
1873.0,,26.0 → 544.0 → 549.0 → 554.0 → 1835.0 → 4460.0 → 553.0 → 1857.0 → 548.0 → 552.0 → 4459.0 → 547.0 → 550.0 → 555.0 → 1807.0 → 545.0 → 543.0 → 151.0 → 17316.0 → 94.0 → 536.0 → 1809.0 → 1799.0 → 533.0 → 1858.0 → 524.0 → 535.0 → 537.0 → 1853.0 → 526.0 → 542.0 → 534.0 → 538.0 → 17498.0 → 573.0 → 570.0 → 571.0,37
6260.0,6269.0,7289.0 → 6918.0 → 6246.0 → 14451.0 → 6225.0 → 7374.0 → 6222.0 → 7363.0 → 7372.0 → 7314.0 → 6209.0 → 7260.0 → 18223.0 → 6185.0 → 18222.0 → 6901.0 → 6219.0 → 7377.0 → 6268.0 → 7312.0 → 7238.0 → 7340.0 → 6281.0 → 7311.0 → 6223.0 → 7347.0 → 7407.0 → 7324.0 → 7307.0 → 7304.0 → 6264.0 → 14837.0 → 7296.0 → 7218.0 → 7292.0 → 18196.0 → 7325.0,37
5585.0,5546.0,16644.0 → 16490.0 → 16622.0 → 16605.0 → 16612.0 → 16668.0 → 16604.0 → 16487.0 → 16643.0 → 16611.0 → 16640.0 → 16616.0 → 16613.0 → 16645.0 → 16609.0 → 16634.0 → 16603.0 → 16635.0 → 5598.0 → 16626.0 → 16623.0 → 16624.0 → 5583.0 → 16620.0 → 5567.0 → 16608.0 → 5600.0 → 16594.0 → 16661.0 → 16660.0 → 16663.0 → 16667.0 → 5606.0 → 16665.0 → 5612.0 → 16671.0 → 16670.0,37
13983.0,6408.0,11936.0 → 12447.0 → 12511.0 → 12884.0 → 7699.0 → 12581.0 → 12757.0 → 13966.0 → 13190.0 → 13298.0 → 13495.0 → 13946.0 → 13383.0 → 13143.0 → 13397.0 → 13239.0 → 12237.0 → 13485.0 → 13322.0 → 13746.0 → 13643.0 → 12522.0 → 13559.0 → 11868.0 → 12699.0 → 13056.0 → 11469.0 → 13849.0 → 11769.0 → 12168.0 → 12833.0 → 13699.0 → 13271.0 → 13502.0 → 13245.0 → 12303.0 → 12687.0,37
26.0,1873.0,544.0 → 549.0 → 554.0 → 1835.0 → 4460.0 → 553.0 → 1857.0 → 548.0 → 552.0 → 4459.0 → 547.0 → 550.0 → 555.0 → 1807.0 → 545.0 → 543.0 → 151.0 → 17316.0 → 94.0 → 536.0 → 1809.0 → 1799.0 → 533.0 → 1858.0 → 524.0 → 535.0 → 537.0 → 1853.0 → 526.0 → 542.0 → 534.0 → 538.0 → 17498.0 → 573.0 → 570.0 → 571.0,36
5439.0,5492.0,15753.0 → 15776.0 → 5424.0 → 5417.0 → 5423.0 → 16401.0 → 16402.0 → 5456.0 → 16414.0 → 16409.0 → 16410.0 → 5491.0 → 5464.0 → 5477.0 → 16405.0 → 5474.0 → 16426.0 → 7050.0 → 16419.0 → 5481.0 → 5480.0 → 5488.0 → 16425.0 → 5490.0 → 16420.0 → 5515.0 → 16443.0 → 16436.0 → 16434.0 → 5501.0 → 16444.0 → 5511.0 → 16431.0 → 16442.0 → 16428.0 → 16439.0,36
13999.0,14023.0,12523.0 → 13410.0 → 7790.0 → 13425.0 → 13264.0 → 12999.0 → 13617.0 → 12998.0 → 7781.0 → 13209.0 → 6913.0 → 12538.0 → 13785.0 → 12940.0 → 13671.0 → 12672.0 → 13114.0 → 12911.0 → 13180.0 → 7765.0 → 13565.0 → 12230.0 → 12377.0 → 12704.0 → 13040.0 → 12610.0 → 13573.0 → 11994.0 → 12462.0 → 12534.0 → 12779.0 → 7767.0 → 13569.0 → 12484.0 → 12902.0 → 12539.0,36
5938.0,5975.0,15901.0 → 15897.0 → 5928.0 → 15907.0 → 5902.0 → 15900.0 → 15899.0 → 15898.0 → 5920.0 → 15903.0 → 5908.0 → 5898.0 → 5892.0 → 15904.0 → 15906.0 → 5901.0 → 15931.0 → 15896.0 → 15924.0 → 15925.0 → 5825.0 → 5848.0 → 15927.0 → 5840.0 → 15926.0 → 15928.0 → 5873.0 → 5865.0 → 5852.0 → 5841.0 → 5838.0 → 15893.0 → 15894.0 → 5792.0 → 5846.0 → 5839.0,36
606.0,,636.0 → 607.0 → 608.0 → 642.0 → 602.0 → 614.0 → 603.0 → 2806.0 → 640.0 → 2812.0 → 622.0 → 605.0 → 2813.0 → 2852.0 → 629.0 → 604.0 → 600.0 → 643.0 → 653.0 → 618.0 → 646.0 → 613.0 → 595.0 → 2809.0 → 649.0 → 639.0 → 596.0 → 615.0 → 597.0 → 631.0 → 647.0 → 611.0 → 648.0 → 635.0 → 621.0 → 620.0,36
636.0,606.0,607.0 → 608.0 → 642.0 → 602.0 → 614.0 → 603.0 → 2806.0 → 640.0 → 2812.0 → 622.0 → 605.0 → 2813.0 → 2852.0 → 629.0 → 604.0 → 600.0 → 643.0 → 653.0 → 618.0 → 646.0 → 613.0 → 595.0 → 2809.0 → 649.0 → 639.0 → 596.0 → 615.0 → 597.0 → 631.0 → 647.0 → 611.0 → 648.0 → 635.0 → 621.0 → 620.0,35
6926.0,6927.0,6925.0 → 7303.0 → 7301.0 → 18034.0 → 17666.0 → 17659.0 → 17998.0 → 17586.0 → 17740.0 → 17904.0 → 7302.0 → 17675.0 → 17635.0 → 18065.0 → 7287.0 → 7288.0 → 6933.0 → 17639.0 → 7281.0 → 7273.0 → 17891.0 → 17729.0 → 7276.0 → 17851.0 → 17764.0 → 7280.0 → 18060.0 → 17970.0 → 17955.0 → 6932.0 → 17953.0 → 17817.0 → 17777.0 → 17984.0 → 17956.0,35
13985.0,,13798.0 → 12547.0 → 7687.0 → 7685.0 → 12880.0 → 13523.0 → 11458.0 → 11875.0 → 13279.0 → 7679.0 → 13963.0 → 13223.0 → 7698.0 → 12851.0 → 7695.0 → 12208.0 → 12268.0 → 12365.0 → 13170.0 → 7697.0 → 13605.0 → 12489.0 → 13354.0 → 7692.0 → 13742.0 → 13658.0 → 13561.0 → 11664.0 → 13054.0 → 7690.0 → 13631.0 → 13002.0 → 13052.0 → 13150.0 → 13695.0,35
544.0,26.0,549.0 → 554.0 → 1835.0 → 4460.0 → 553.0 → 1857.0 → 548.0 → 552.0 → 4459.0 → 547.0 → 550.0 → 555.0 → 1807.0 → 545.0 → 543.0 → 151.0 → 17316.0 → 94.0 → 536.0 → 1809.0 → 1799.0 → 533.0 → 1858.0 → 524.0 → 535.0 → 537.0 → 1853.0 → 526.0 → 542.0 → 534.0 → 538.0 → 17498.0 → 573.0 → 570.0 → 571.0,35
7891.0,,7892.0 → 7420.0 → 26914.0 → 7603.0 → 6878.0 → 7584.0 → 7607.0 → 7612.0 → 15540.0 → 26907.0 → 6938.0 → 26906.0 → 26905.0 → 6873.0 → 7486.0 → 26904.0 → 26913.0 → 26903.0 → 15558.0 → 26901.0 → 26902.0 → 6877.0 → 6897.0 → 26912.0 → 26898.0 → 6874.0 → 7460.0 → 15550.0 → 15551.0 → 7898.0 → 26894.0 → 7899.0 → 7524.0 → 15547.0,34
6246.0,6260.0,14451.0 → 6225.0 → 7374.0 → 6222.0 → 7363.0 → 7372.0 → 7314.0 → 6209.0 → 7260.0 → 18223.0 → 6185.0 → 18222.0 → 6901.0 → 6219.0 → 7377.0 → 6268.0 → 7312.0 → 7238.0 → 7340.0 → 6281.0 → 7311.0 → 6223.0 → 7347.0 → 7407.0 → 7324.0 → 7307.0 → 7304.0 → 6264.0 → 14837.0 → 7296.0 → 7218.0 → 7292.0 → 18196.0 → 7325.0,34
6925.0,6926.0,7303.0 → 7301.0 → 18034.0 → 17666.0 → 17659.0 → 17998.0 → 17586.0 → 17740.0 → 17904.0 → 7302.0 → 17675.0 → 17635.0 → 18065.0 → 7287.0 → 7288.0 → 6933.0 → 17639.0 → 7281.0 → 7273.0 → 17891.0 → 17729.0 → 7276.0 → 17851.0 → 17764.0 → 7280.0 → 18060.0 → 17970.0 → 17955.0 → 6932.0 → 17953.0 → 17817.0 → 17777.0 → 17984.0 → 17956.0,34
1869.0,773.0,4455.0 → 772.0 → 1824.0 → 1818.0 → 509.0 → 510.0 → 1817.0 → 1866.0 → 507.0 → 1861.0 → 504.0 → 1842.0 → 497.0 → 1833.0 → 505.0 → 1823.0 → 496.0 → 4453.0 → 503.0 → 1854.0 → 506.0 → 502.0 → 493.0 → 491.0 → 492.0 → 1806.0 → 4452.0 → 494.0 → 1832.0 → 495.0 → 1825.0 → 500.0 → 4450.0 → 498.0,34
7892.0,7891.0,7420.0 → 26914.0 → 7603.0 → 6878.0 → 7584.0 → 7607.0 → 7612.0 → 15540.0 → 26907.0 → 6938.0 → 26906.0 → 26905.0 → 6873.0 → 7486.0 → 26904.0 → 26913.0 → 26903.0 → 15558.0 → 26901.0 → 26902.0 → 6877.0 → 6897.0 → 26912.0 → 26898.0 → 6874.0 → 7460.0 → 15550.0 → 15551.0 → 7898.0 → 26894.0 → 7899.0 → 7524.0 → 15547.0,33
160.0,158.0,156.0 → 474.0 → 457.0 → 904.0 → 2182.0 → 1967.0 → 487.0 → 461.0 → 207.0 → 212.0 → 489.0 → 223.0 → 180.0 → 183.0 → 332.0 → 886.0 → 460.0 → 465.0 → 903.0 → 462.0 → 900.0 → 477.0 → 488.0 → 471.0 → 469.0 → 467.0 → 895.0 → 189.0 → 458.0 → 463.0 → 876.0 → 892.0 → 2773.0,33
7178.0,5875.0,16161.0 → 7161.0 → 15932.0 → 16132.0 → 16155.0 → 16135.0 → 16137.0 → 16133.0 → 16148.0 → 16147.0 → 16141.0 → 16142.0 → 16134.0 → 16144.0 → 16145.0 → 16138.0 → 16140.0 → 5827.0 → 5878.0 → 16146.0 → 5810.0 → 5869.0 → 16153.0 → 16151.0 → 16149.0 → 16150.0 → 5793.0 → 16127.0 → 16126.0 → 16129.0 → 16131.0 → 16130.0 → 16128.0,33
8512.0,6917.0,14707.0 → 14582.0 → 14581.0 → 14711.0 → 14710.0 → 14585.0 → 14586.0 → 14714.0 → 6629.0 → 14584.0 → 6844.0 → 6858.0 → 8507.0 → 6809.0 → 8498.0 → 14589.0 → 7803.0 → 8492.0 → 14590.0 → 14591.0 → 8496.0 → 8493.0 → 8489.0 → 6825.0 → 6835.0 → 8485.0 → 9088.0 → 8484.0 → 8466.0 → 8460.0 → 8475.0 → 8458.0 → 8457.0,33
13993.0,14001.0,12189.0 → 13001.0 → 13708.0 → 12089.0 → 13117.0 → 13169.0 → 13014.0 → 13961.0 → 13950.0 → 13243.0 → 13829.0 → 13757.0 → 13601.0 → 13486.0 → 12900.0 → 13914.0 → 13500.0 → 13142.0 → 13893.0 → 12243.0 → 13877.0 → 12338.0 → 12613.0 → 12912.0 → 13295.0 → 12061.0 → 13004.0 → 13713.0 → 12909.0 → 13503.0 → 12235.0 → 13257.0 → 12349.0,33
234.0,235.0,3093.0 → 856.0 → 1742.0 → 1740.0 → 2764.0 → 1741.0 → 1743.0 → 854.0 → 4530.0 → 5214.0 → 5219.0 → 2975.0 → 851.0 → 4528.0 → 4523.0 → 4526.0 → 4527.0 → 840.0 → 4522.0 → 2969.0 → 4236.0 → 842.0 → 1733.0 → 1730.0 → 845.0 → 4216.0 → 4232.0 → 98.0 → 4525.0 → 107.0 → 4257.0 → 106.0 → 4247.0,33
7420.0,7892.0,26914.0 → 7603.0 → 6878.0 → 7584.0 → 7607.0 → 7612.0 → 15540.0 → 26907.0 → 6938.0 → 26906.0 → 26905.0 → 6873.0 → 7486.0 → 26904.0 → 26913.0 → 26903.0 → 15558.0 → 26901.0 → 26902.0 → 6877.0 → 6897.0 → 26912.0 → 26898.0 → 6874.0 → 7460.0 → 15550.0 → 15551.0 → 7898.0 → 26894.0 → 7899.0 → 7524.0 → 15547.0,32
3093.0,234.0,856.0 → 1742.0 → 1740.0 → 2764.0 → 1741.0 → 1743.0 → 854.0 → 4530.0 → 5214.0 → 5219.0 → 2975.0 → 851.0 → 4528.0 → 4523.0 → 4526.0 → 4527.0 → 840.0 → 4522.0 → 2969.0 → 4236.0 → 842.0 → 1733.0 → 1730.0 → 845.0 → 4216.0 → 4232.0 → 98.0 → 4525.0 → 107.0 → 4257.0 → 106.0 → 4247.0,32
5990.0,6005.0,16067.0 → 16031.0 → 16032.0 → 16040.0 → 16026.0 → 16063.0 → 16030.0 → 16039.0 → 16066.0 → 16065.0 → 16029.0 → 16024.0 → 16025.0 → 5962.0 → 5956.0 → 5993.0 → 16036.0 → 16038.0 → 16033.0 → 16035.0 → 5948.0 → 16050.0 → 16042.0 → 16048.0 → 16045.0 → 16043.0 → 16044.0 → 5932.0 → 16054.0 → 16053.0 → 16051.0 → 16052.0,32
156.0,160.0,474.0 → 457.0 → 904.0 → 2182.0 → 1967.0 → 487.0 → 461.0 → 207.0 → 212.0 → 489.0 → 223.0 → 180.0 → 183.0 → 332.0 → 886.0 → 460.0 → 465.0 → 903.0 → 462.0 → 900.0 → 477.0 → 488.0 → 471.0 → 469.0 → 467.0 → 895.0 → 189.0 → 458.0 → 463.0 → 876.0 → 892.0 → 2773.0,32
772.0,1869.0,1824.0 → 1818.0 → 509.0 → 510.0 → 1817.0 → 1866.0 → 507.0 → 1861.0 → 504.0 → 1842.0 → 497.0 → 1833.0 → 505.0 → 1823.0 → 496.0 → 4453.0 → 503.0 → 1854.0 → 506.0 → 502.0 → 493.0 → 491.0 → 492.0 → 1806.0 → 4452.0 → 494.0 → 1832.0 → 495.0 → 1825.0 → 500.0 → 4450.0 → 498.0,32
5.0,4.0,9526.0 → 17315.0 → 78.0 → 89.0 → 17481.0 → 17487.0 → 569.0 → 568.0 → 567.0 → 17470.0 → 17384.0 → 17368.0 → 17382.0 → 557.0 → 17361.0 → 556.0 → 17347.0 → 17329.0 → 17469.0 → 564.0 → 561.0 → 17410.0 → 559.0 → 562.0 → 17436.0 → 17427.0 → 560.0 → 17398.0 → 17464.0 → 17453.0 → 17444.0 → 17449.0,32
6609.0,,11796.0 → 11873.0 → 13878.0 → 11673.0 → 11779.0 → 12219.0 → 12307.0 → 12363.0 → 12601.0 → 11687.0 → 13144.0 → 11964.0 → 12086.0 → 13213.0 → 11555.0 → 12460.0 → 13235.0 → 12001.0 → 12134.0 → 12753.0 → 11843.0 → 13583.0 → 11756.0 → 12569.0 → 11956.0 → 13431.0 → 11757.0 → 12058.0 → 12329.0 → 12986.0 → 11919.0 → 12082.0,32
6225.0,6246.0,7374.0 → 6222.0 → 7363.0 → 7372.0 → 7314.0 → 6209.0 → 7260.0 → 18223.0 → 6185.0 → 18222.0 → 6901.0 → 6219.0 → 7377.0 → 6268.0 → 7312.0 → 7238.0 → 7340.0 → 6281.0 → 7311.0 → 6223.0 → 7347.0 → 7407.0 → 7324.0 → 7307.0 → 7304.0 → 6264.0 → 14837.0 → 7296.0 → 7218.0 → 7292.0 → 18196.0 → 7325.0,32
7161.0,7178.0,15932.0 → 16132.0 → 16155.0 → 16135.0 → 16137.0 → 16133.0 → 16148.0 → 16147.0 → 16141.0 → 16142.0 → 16134.0 → 16144.0 → 16145.0 → 16138.0 → 16140.0 → 5827.0 → 5878.0 → 16146.0 → 5810.0 → 5869.0 → 16153.0 → 16151.0 → 16149.0 → 16150.0 → 5793.0 → 16127.0 → 16126.0 → 16129.0 → 16131.0 → 16130.0 → 16128.0,31
856.0,3093.0,1742.0 → 1740.0 → 2764.0 → 1741.0 → 1743.0 → 854.0 → 4530.0 → 5214.0 → 5219.0 → 2975.0 → 851.0 → 4528.0 → 4523.0 → 4526.0 → 4527.0 → 840.0 → 4522.0 → 2969.0 → 4236.0 → 842.0 → 1733.0 → 1730.0 → 845.0 → 4216.0 → 4232.0 → 98.0 → 4525.0 → 107.0 → 4257.0 → 106.0 → 4247.0,31
5496.0,5494.0,16522.0 → 5502.0 → 16519.0 → 5497.0 → 5518.0 → 16556.0 → 5538.0 → 16544.0 → 5539.0 → 16578.0 → 16577.0 → 5524.0 → 16540.0 → 16528.0 → 16554.0 → 16553.0 → 5528.0 → 16527.0 → 16537.0 → 16532.0 → 5527.0 → 16531.0 → 5534.0 → 5526.0 → 16526.0 → 5522.0 → 16533.0 → 16530.0 → 5520.0 → 16542.0 → 5517.0,31
5549.0,5521.0,16773.0 → 16704.0 → 16786.0 → 5571.0 → 16761.0 → 16712.0 → 16758.0 → 5573.0 → 16764.0 → 16763.0 → 5575.0 → 16768.0 → 16767.0 → 5618.0 → 16716.0 → 16718.0 → 16736.0 → 16805.0 → 5622.0 → 16723.0 → 16705.0 → 16810.0 → 5608.0 → 16729.0 → 16733.0 → 16726.0 → 5626.0 → 16710.0 → 16783.0 → 16790.0,30
5646.0,5631.0,16929.0 → 16917.0 → 16916.0 → 16956.0 → 17004.0 → 16843.0 → 5670.0 → 16878.0 → 5669.0 → 5656.0 → 5667.0 → 16877.0 → 5698.0 → 5697.0 → 5681.0 → 5677.0 → 16858.0 → 16874.0 → 16872.0 → 16848.0 → 17008.0 → 16850.0 → 5701.0 → 16854.0 → 16973.0 → 5711.0 → 16867.0 → 16840.0 → 16868.0 → 16863.0,30
13878.0,6609.0,11673.0 → 11779.0 → 12219.0 → 12307.0 → 12363.0 → 12601.0 → 11687.0 → 13144.0 → 11964.0 → 12086.0 → 13213.0 → 11555.0 → 12460.0 → 13235.0 → 12001.0 → 12134.0 → 12753.0 → 11843.0 → 13583.0 → 11756.0 → 12569.0 → 11956.0 → 13431.0 → 11757.0 → 12058.0 → 12329.0 → 12986.0 → 11919.0 → 12082.0,29
3253.0,,3252.0 → 1925.0 → 1920.0 → 1011.0 → 3249.0 → 1923.0 → 1919.0 → 3250.0 → 366.0 → 1013.0 → 3251.0 → 371.0 → 372.0 → 3248.0 → 3247.0 → 3245.0 → 3243.0 → 3241.0 → 3237.0 → 3235.0 → 3239.0 → 3233.0 → 1009.0 → 1010.0 → 3230.0 → 3224.0 → 3223.0 → 3228.0 → 3226.0,29
14009.0,,7674.0 → 7691.0 → 14004.0 → 12988.0 → 13998.0 → 13069.0 → 13994.0 → 13930.0 → 13926.0 → 13909.0 → 13885.0 → 12576.0 → 11858.0 → 13254.0 → 13805.0 → 7725.0 → 13698.0 → 12925.0 → 13382.0 → 13256.0 → 13944.0 → 13595.0 → 12580.0 → 13818.0 → 13024.0 → 7711.0 → 7718.0 → 13212.0 → 13719.0,29
13966.0,13983.0,13190.0 → 13298.0 → 13495.0 → 13946.0 → 13383.0 → 13143.0 → 13397.0 → 13239.0 → 12237.0 → 13485.0 → 13322.0 → 13746.0 → 13643.0 → 12522.0 → 13559.0 → 11868.0 → 12699.0 → 13056.0 → 11469.0 → 13849.0 → 11769.0 → 12168.0 → 12833.0 → 13699.0 → 13271.0 → 13502.0 → 13245.0 → 12303.0 → 12687.0,29
6199.0,6204.0,6186.0 → 15163.0 → 6181.0 → 15524.0 → 15476.0 → 15161.0 → 6177.0 → 15470.0 → 15170.0 → 15164.0 → 15159.0 → 6168.0 → 15158.0 → 6173.0 → 6171.0 → 6172.0 → 15523.0 → 15467.0 → 15514.0 → 6159.0 → 15177.0 → 15465.0 → 15466.0 → 15183.0 → 15456.0 → 15454.0 → 6156.0 → 6157.0 → 15461.0,29
6804.0,6802.0,6829.0 → 8633.0 → 6805.0 → 6807.0 → 8615.0 → 8616.0 → 8635.0 → 8634.0 → 6810.0 → 8648.0 → 8654.0 → 8621.0 → 6812.0 → 8603.0 → 8657.0 → 8655.0 → 6815.0 → 8597.0 → 8593.0 → 8605.0 → 6846.0 → 8595.0 → 8596.0 → 6845.0 → 6866.0 → 8675.0 → 8661.0 → 8659.0 → 8672.0,29
45.0,36.0,933.0 → 2151.0 → 931.0 → 33.0 → 63.0 → 28.0 → 2946.0 → 2150.0 → 833.0 → 353.0 → 358.0 → 348.0 → 349.0 → 351.0 → 350.0 → 337.0 → 338.0 → 336.0 → 335.0 → 357.0 → 361.0 → 2562.0 → 356.0 → 2965.0 → 2964.0 → 225.0 → 226.0 → 355.0 → 345.0,29
78.0,5.0,89.0 → 17481.0 → 17487.0 → 569.0 → 568.0 → 567.0 → 17470.0 → 17384.0 → 17368.0 → 17382.0 → 557.0 → 17361.0 → 556.0 → 17347.0 → 17329.0 → 17469.0 → 564.0 → 561.0 → 17410.0 → 559.0 → 562.0 → 17436.0 → 17427.0 → 560.0 → 17398.0 → 17464.0 → 17453.0 → 17444.0 → 17449.0,29
5790.0,5818.0,15822.0 → 5758.0 → 15823.0 → 15834.0 → 15833.0 → 5761.0 → 5767.0 → 15842.0 → 15839.0 → 15840.0 → 5746.0 → 7157.0 → 15832.0 → 5723.0 → 5724.0 → 5773.0 → 15835.0 → 15836.0 → 5776.0 → 15843.0 → 15844.0 → 5783.0 → 15838.0 → 15837.0 → 5721.0 → 7169.0 → 5726.0 → 5715.0,28
5456.0,5439.0,16414.0 → 16409.0 → 16410.0 → 5491.0 → 5464.0 → 5477.0 → 16405.0 → 5474.0 → 16426.0 → 7050.0 → 16419.0 → 5481.0 → 5480.0 → 5488.0 → 16425.0 → 5490.0 → 16420.0 → 5515.0 → 16443.0 → 16436.0 → 16434.0 → 5501.0 → 16444.0 → 5511.0 → 16431.0 → 16442.0 → 16428.0 → 16439.0,28
2791.0,,454.0 → 952.0 → 3321.0 → 428.0 → 380.0 → 3317.0 → 3324.0 → 399.0 → 3314.0 → 3309.0 → 3308.0 → 3320.0 → 398.0 → 2790.0 → 3337.0 → 334.0 → 2789.0 → 2827.0 → 2825.0 → 2826.0 → 2829.0 → 2788.0 → 2830.0 → 2787.0 → 2910.0 → 2823.0 → 2822.0 → 2824.0,28
89.0,78.0,17481.0 → 17487.0 → 569.0 → 568.0 → 567.0 → 17470.0 → 17384.0 → 17368.0 → 17382.0 → 557.0 → 17361.0 → 556.0 → 17347.0 → 17329.0 → 17469.0 → 564.0 → 561.0 → 17410.0 → 559.0 → 562.0 → 17436.0 → 17427.0 → 560.0 → 17398.0 → 17464.0 → 17453.0 → 17444.0 → 17449.0,28
6054.0,6099.0,16071.0 → 16068.0 → 16078.0 → 6025.0 → 6028.0 → 16069.0 → 6012.0 → 6002.0 → 6048.0 → 16083.0 → 6047.0 → 6015.0 → 16082.0 → 6039.0 → 16081.0 → 6030.0 → 16075.0 → 16073.0 → 6036.0 → 6038.0 → 6020.0 → 16074.0 → 6007.0 → 16077.0 → 16086.0 → 5996.0 → 16076.0 → 5991.0,28
3188.0,3202.0,3180.0 → 3187.0 → 3185.0 → 3184.0 → 3183.0 → 3182.0 → 3181.0 → 1908.0 → 3179.0 → 3178.0 → 3177.0 → 3175.0 → 2957.0 → 3174.0 → 3173.0 → 3171.0 → 3169.0 → 2941.0 → 3166.0 → 3164.0 → 3163.0 → 3162.0 → 3161.0 → 3160.0 → 3157.0 → 3155.0 → 1905.0 → 3154.0,28
1935.0,,2914.0 → 3147.0 → 3145.0 → 3150.0 → 3149.0 → 1931.0 → 1930.0 → 3144.0 → 3140.0 → 3143.0 → 3142.0 → 3117.0 → 3116.0 → 3125.0 → 3124.0 → 2918.0 → 3123.0 → 3121.0 → 3115.0 → 3114.0 → 1928.0 → 3127.0 → 3130.0 → 1008.0 → 1007.0 → 1926.0 → 1006.0,27
7759.0,7751.0,11464.0 → 11837.0 → 12032.0 → 12389.0 → 12761.0 → 12782.0 → 13147.0 → 11510.0 → 11593.0 → 13277.0 → 12150.0 → 12252.0 → 12446.0 → 7788.0 → 11509.0 → 12852.0 → 11667.0 → 13612.0 → 11472.0 → 12091.0 → 12343.0 → 12739.0 → 13250.0 → 11501.0 → 11550.0 → 11598.0 → 12143.0,27
7808.0,13913.0,11543.0 → 11727.0 → 12141.0 → 12326.0 → 12354.0 → 12916.0 → 13839.0 → 11768.0 → 11951.0 → 12129.0 → 12176.0 → 12684.0 → 12888.0 → 12322.0 → 12980.0 → 11960.0 → 12519.0 → 13124.0 → 11612.0 → 11658.0 → 11865.0 → 12261.0 → 7824.0 → 12686.0 → 12824.0 → 12319.0 → 11864.0,27
6209.0,6225.0,7260.0 → 18223.0 → 6185.0 → 18222.0 → 6901.0 → 6219.0 → 7377.0 → 6268.0 → 7312.0 → 7238.0 → 7340.0 → 6281.0 → 7311.0 → 6223.0 → 7347.0 → 7407.0 → 7324.0 → 7307.0 → 7304.0 → 6264.0 → 14837.0 → 7296.0 → 7218.0 → 7292.0 → 18196.0 → 7325.0,26
6181.0,6199.0,15524.0 → 15476.0 → 15161.0 → 6177.0 → 15470.0 → 15170.0 → 15164.0 → 15159.0 → 6168.0 → 15158.0 → 6173.0 → 6171.0 → 6172.0 → 15523.0 → 15467.0 → 15514.0 → 6159.0 → 15177.0 → 15465.0 → 15466.0 → 15183.0 → 15456.0 → 15454.0 → 6156.0 → 6157.0 → 15461.0,26
5571.0,5549.0,16761.0 → 16712.0 → 16758.0 → 5573.0 → 16764.0 → 16763.0 → 5575.0 → 16768.0 → 16767.0 → 5618.0 → 16716.0 → 16718.0 → 16736.0 → 16805.0 → 5622.0 → 16723.0 → 16705.0 → 16810.0 → 5608.0 → 16729.0 → 16733.0 → 16726.0 → 5626.0 → 16710.0 → 16783.0 → 16790.0,26
5805.0,5818.0,15850.0 → 15851.0 → 5796.0 → 15854.0 → 5794.0 → 15856.0 → 5809.0 → 15845.0 → 5814.0 → 5828.0 → 15860.0 → 15857.0 → 15858.0 → 5855.0 → 15865.0 → 5860.0 → 15873.0 → 5880.0 → 15871.0 → 5872.0 → 15877.0 → 15861.0 → 15862.0 → 5868.0 → 15848.0 → 15849.0,26
5421.0,,6760.0 → 5441.0 → 15413.0 → 6759.0 → 5498.0 → 6758.0 → 5545.0 → 15411.0 → 15410.0 → 6755.0 → 6757.0 → 6756.0 → 5665.0 → 15412.0 → 5550.0 → 15408.0 → 15402.0 → 6753.0 → 6750.0 → 6749.0 → 5558.0 → 6754.0 → 5660.0 → 6751.0 → 15414.0 → 6752.0,26
5518.0,5496.0,16556.0 → 5538.0 → 16544.0 → 5539.0 → 16578.0 → 16577.0 → 5524.0 → 16540.0 → 16528.0 → 16554.0 → 16553.0 → 5528.0 → 16527.0 → 16537.0 → 16532.0 → 5527.0 → 16531.0 → 5534.0 → 5526.0 → 16526.0 → 5522.0 → 16533.0 → 16530.0 → 5520.0 → 16542.0 → 5517.0,26
6805.0,6804.0,6807.0 → 8615.0 → 8616.0 → 8635.0 → 8634.0 → 6810.0 → 8648.0 → 8654.0 → 8621.0 → 6812.0 → 8603.0 → 8657.0 → 8655.0 → 6815.0 → 8597.0 → 8593.0 → 8605.0 → 6846.0 → 8595.0 → 8596.0 → 6845.0 → 6866.0 → 8675.0 → 8661.0 → 8659.0 → 8672.0,26
14004.0,14009.0,12988.0 → 13998.0 → 13069.0 → 13994.0 → 13930.0 → 13926.0 → 13909.0 → 13885.0 → 12576.0 → 11858.0 → 13254.0 → 13805.0 → 7725.0 → 13698.0 → 12925.0 → 13382.0 → 13256.0 → 13944.0 → 13595.0 → 12580.0 → 13818.0 → 13024.0 → 7711.0 → 7718.0 → 13212.0 → 13719.0,26
1920.0,3253.0,1011.0 → 3249.0 → 1923.0 → 1919.0 → 3250.0 → 366.0 → 1013.0 → 3251.0 → 371.0 → 372.0 → 3248.0 → 3247.0 → 3245.0 → 3243.0 → 3241.0 → 3237.0 → 3235.0 → 3239.0 → 3233.0 → 1009.0 → 1010.0 → 3230.0 → 3224.0 → 3223.0 → 3228.0 → 3226.0,26
6092.0,,16363.0 → 16369.0 → 16359.0 → 16360.0 → 5994.0 → 6076.0 → 6065.0 → 6013.0 → 6069.0 → 6006.0 → 6010.0 → 6016.0 → 5976.0 → 5977.0 → 5979.0 → 16367.0 → 6040.0 → 6056.0 → 5967.0 → 16364.0 → 16365.0 → 16368.0 → 5945.0 → 5894.0 → 5951.0 → 16366.0,26
1866.0,772.0,507.0 → 1861.0 → 504.0 → 1842.0 → 497.0 → 1833.0 → 505.0 → 1823.0 → 496.0 → 4453.0 → 503.0 → 1854.0 → 506.0 → 502.0 → 493.0 → 491.0 → 492.0 → 1806.0 → 4452.0 → 494.0 → 1832.0 → 495.0 → 1825.0 → 500.0 → 4450.0 → 498.0,26
5758.0,5790.0,15823.0 → 15834.0 → 15833.0 → 5761.0 → 5767.0 → 15842.0 → 15839.0 → 15840.0 → 5746.0 → 7157.0 → 15832.0 → 5723.0 → 5724.0 → 5773.0 → 15835.0 → 15836.0 → 5776.0 → 15843.0 → 15844.0 → 5783.0 → 15838.0 → 15837.0 → 5721.0 → 7169.0 → 5726.0 → 5715.0,26
5704.0,16975.0,5712.0 → 5716.0 → 16962.0 → 16961.0 → 16907.0 → 5725.0 → 5739.0 → 5749.0 → 15805.0 → 5727.0 → 15804.0 → 5703.0 → 16950.0 → 16952.0 → 5668.0 → 16957.0 → 17018.0 → 5688.0 → 16934.0 → 16892.0 → 5679.0 → 5683.0 → 16933.0 → 16890.0 → 16891.0 → 16927.0,26
13946.0,13966.0,13383.0 → 13143.0 → 13397.0 → 13239.0 → 12237.0 → 13485.0 → 13322.0 → 13746.0 → 13643.0 → 12522.0 → 13559.0 → 11868.0 → 12699.0 → 13056.0 → 11469.0 → 13849.0 → 11769.0 → 12168.0 → 12833.0 → 13699.0 → 13271.0 → 13502.0 → 13245.0 → 12303.0 → 12687.0,25
5712.0,5704.0,5716.0 → 16962.0 → 16961.0 → 16907.0 → 5725.0 → 5739.0 → 5749.0 → 15805.0 → 5727.0 → 15804.0 → 5703.0 → 16950.0 → 16952.0 → 5668.0 → 16957.0 → 17018.0 → 5688.0 → 16934.0 → 16892.0 → 5679.0 → 5683.0 → 16933.0 → 16890.0 → 16891.0 → 16927.0,25
6913.0,13999.0,12538.0 → 13785.0 → 12940.0 → 13671.0 → 12672.0 → 13114.0 → 12911.0 → 13180.0 → 7765.0 → 13565.0 → 12230.0 → 12377.0 → 12704.0 → 13040.0 → 12610.0 → 13573.0 → 11994.0 → 12462.0 → 12534.0 → 12779.0 → 7767.0 → 13569.0 → 12484.0 → 12902.0 → 12539.0,25
569.0,89.0,568.0 → 567.0 → 17470.0 → 17384.0 → 17368.0 → 17382.0 → 557.0 → 17361.0 → 556.0 → 17347.0 → 17329.0 → 17469.0 → 564.0 → 561.0 → 17410.0 → 559.0 → 562.0 → 17436.0 → 17427.0 → 560.0 → 17398.0 → 17464.0 → 17453.0 → 17444.0 → 17449.0,25
854.0,856.0,4530.0 → 5214.0 → 5219.0 → 2975.0 → 851.0 → 4528.0 → 4523.0 → 4526.0 → 4527.0 → 840.0 → 4522.0 → 2969.0 → 4236.0 → 842.0 → 1733.0 → 1730.0 → 845.0 → 4216.0 → 4232.0 → 98.0 → 4525.0 → 107.0 → 4257.0 → 106.0 → 4247.0,25
7679.0,13985.0,13963.0 → 13223.0 → 7698.0 → 12851.0 → 7695.0 → 12208.0 → 12268.0 → 12365.0 → 13170.0 → 7697.0 → 13605.0 → 12489.0 → 13354.0 → 7692.0 → 13742.0 → 13658.0 → 13561.0 → 11664.0 → 13054.0 → 7690.0 → 13631.0 → 13002.0 → 13052.0 → 13150.0 → 13695.0,25
13961.0,13993.0,13950.0 → 13243.0 → 13829.0 → 13757.0 → 13601.0 → 13486.0 → 12900.0 → 13914.0 → 13500.0 → 13142.0 → 13893.0 → 12243.0 → 13877.0 → 12338.0 → 12613.0 → 12912.0 → 13295.0 → 12061.0 → 13004.0 → 13713.0 → 12909.0 → 13503.0 → 12235.0 → 13257.0 → 12349.0,25
6807.0,6805.0,8615.0 → 8616.0 → 8635.0 → 8634.0 → 6810.0 → 8648.0 → 8654.0 → 8621.0 → 6812.0 → 8603.0 → 8657.0 → 8655.0 → 6815.0 → 8597.0 → 8593.0 → 8605.0 → 6846.0 → 8595.0 → 8596.0 → 6845.0 → 6866.0 → 8675.0 → 8661.0 → 8659.0 → 8672.0,25
13998.0,14004.0,13069.0 → 13994.0 → 13930.0 → 13926.0 → 13909.0 → 13885.0 → 12576.0 → 11858.0 → 13254.0 → 13805.0 → 7725.0 → 13698.0 → 12925.0 → 13382.0 → 13256.0 → 13944.0 → 13595.0 → 12580.0 → 13818.0 → 13024.0 → 7711.0 → 7718.0 → 13212.0 → 13719.0,24
5396.0,,5401.0 → 15386.0 → 15387.0 → 5469.0 → 15384.0 → 5476.0 → 15385.0 → 6743.0 → 6742.0 → 6741.0 → 5561.0 → 5495.0 → 6740.0 → 6739.0 → 6738.0 → 5516.0 → 15383.0 → 6737.0 → 6736.0 → 5525.0 → 5559.0 → 6734.0 → 6735.0 → 5557.0,24
1861.0,1866.0,504.0 → 1842.0 → 497.0 → 1833.0 → 505.0 → 1823.0 → 496.0 → 4453.0 → 503.0 → 1854.0 → 506.0 → 502.0 → 493.0 → 491.0 → 492.0 → 1806.0 → 4452.0 → 494.0 → 1832.0 → 495.0 → 1825.0 → 500.0 → 4450.0 → 498.0,24
6963.0,,6962.0 → 6961.0 → 6966.0 → 6965.0 → 6959.0 → 6970.0 → 6969.0 → 6958.0 → 7017.0 → 7016.0 → 6967.0 → 7555.0 → 7618.0 → 7530.0 → 6786.0 → 7551.0 → 7482.0 → 7556.0 → 7498.0 → 7507.0 → 7521.0 → 7547.0 → 7533.0 → 7534.0,24
18223.0,6209.0,6185.0 → 18222.0 → 6901.0 → 6219.0 → 7377.0 → 6268.0 → 7312.0 → 7238.0 → 7340.0 → 6281.0 → 7311.0 → 6223.0 → 7347.0 → 7407.0 → 7324.0 → 7307.0 → 7304.0 → 6264.0 → 14837.0 → 7296.0 → 7218.0 → 7292.0 → 18196.0 → 7325.0,24
13950.0,13961.0,13243.0 → 13829.0 → 13757.0 → 13601.0 → 13486.0 → 12900.0 → 13914.0 → 13500.0 → 13142.0 → 13893.0 → 12243.0 → 13877.0 → 12338.0 → 12613.0 → 12912.0 → 13295.0 → 12061.0 → 13004.0 → 13713.0 → 12909.0 → 13503.0 → 12235.0 → 13257.0 → 12349.0,24
13963.0,7679.0,13223.0 → 7698.0 → 12851.0 → 7695.0 → 12208.0 → 12268.0 → 12365.0 → 13170.0 → 7697.0 → 13605.0 → 12489.0 → 13354.0 → 7692.0 → 13742.0 → 13658.0 → 13561.0 → 11664.0 → 13054.0 → 7690.0 → 13631.0 → 13002.0 → 13052.0 → 13150.0 → 13695.0,24
14047.0,14055.0,13033.0 → 13662.0 → 13099.0 → 14044.0 → 7713.0 → 13969.0 → 6941.0 → 7729.0 → 14027.0 → 12792.0 → 12931.0 → 11889.0 → 6940.0 → 6914.0 → 14070.0 → 13995.0 → 11512.0 → 12132.0 → 12088.0 → 12337.0 → 13910.0 → 13813.0 → 13558.0 → 12556.0,24
63.0,45.0,28.0 → 2946.0 → 2150.0 → 833.0 → 353.0 → 358.0 → 348.0 → 349.0 → 351.0 → 350.0 → 337.0 → 338.0 → 336.0 → 335.0 → 357.0 → 361.0 → 2562.0 → 356.0 → 2965.0 → 2964.0 → 225.0 → 226.0 → 355.0 → 345.0,24
6962.0,6963.0,6961.0 → 6966.0 → 6965.0 → 6959.0 → 6970.0 → 6969.0 → 6958.0 → 7017.0 → 7016.0 → 6967.0 → 7555.0 → 7618.0 → 7530.0 → 6786.0 → 7551.0 → 7482.0 → 7556.0 → 7498.0 → 7507.0 → 7521.0 → 7547.0 → 7533.0 → 7534.0,23
5401.0,5396.0,15386.0 → 15387.0 → 5469.0 → 15384.0 → 5476.0 → 15385.0 → 6743.0 → 6742.0 → 6741.0 → 5561.0 → 5495.0 → 6740.0 → 6739.0 → 6738.0 → 5516.0 → 15383.0 → 6737.0 → 6736.0 → 5525.0 → 5559.0 → 6734.0 → 6735.0 → 5557.0,23
28.0,63.0,2946.0 → 2150.0 → 833.0 → 353.0 → 358.0 → 348.0 → 349.0 → 351.0 → 350.0 → 337.0 → 338.0 → 336.0 → 335.0 → 357.0 → 361.0 → 2562.0 → 356.0 → 2965.0 → 2964.0 → 225.0 → 226.0 → 355.0 → 345.0,23
504.0,1861.0,1842.0 → 497.0 → 1833.0 → 505.0 → 1823.0 → 496.0 → 4453.0 → 503.0 → 1854.0 → 506.0 → 502.0 → 493.0 → 491.0 → 492.0 → 1806.0 → 4452.0 → 494.0 → 1832.0 → 495.0 → 1825.0 → 500.0 → 4450.0 → 498.0,23
6185.0,18223.0,18222.0 → 6901.0 → 6219.0 → 7377.0 → 6268.0 → 7312.0 → 7238.0 → 7340.0 → 6281.0 → 7311.0 → 6223.0 → 7347.0 → 7407.0 → 7324.0 → 7307.0 → 7304.0 → 6264.0 → 14837.0 → 7296.0 → 7218.0 → 7292.0 → 18196.0 → 7325.0,23
700.0,1894.0,677.0 → 674.0 → 678.0 → 703.0 → 4447.0 → 288.0 → 289.0 → 286.0 → 2210.0 → 285.0 → 670.0 → 4449.0 → 293.0 → 1324.0 → 290.0 → 1321.0 → 707.0 → 657.0 → 701.0 → 1311.0 → 775.0 → 665.0 → 777.0,23
18222.0,6185.0,6901.0 → 6219.0 → 7377.0 → 6268.0 → 7312.0 → 7238.0 → 7340.0 → 6281.0 → 7311.0 → 6223.0 → 7347.0 → 7407.0 → 7324.0 → 7307.0 → 7304.0 → 6264.0 → 14837.0 → 7296.0 → 7218.0 → 7292.0 → 18196.0 → 7325.0,22
13994.0,13998.0,13930.0 → 13926.0 → 13909.0 → 13885.0 → 12576.0 → 11858.0 → 13254.0 → 13805.0 → 7725.0 → 13698.0 → 12925.0 → 13382.0 → 13256.0 → 13944.0 → 13595.0 → 12580.0 → 13818.0 → 13024.0 → 7711.0 → 7718.0 → 13212.0 → 13719.0,22
5719.0,,16469.0 → 5663.0 → 16459.0 → 7152.0 → 5691.0 → 16470.0 → 5680.0 → 7156.0 → 5673.0 → 16465.0 → 5654.0 → 5650.0 → 16460.0 → 5640.0 → 5629.0 → 16463.0 → 16457.0 → 16458.0 → 5630.0 → 7142.0 → 16455.0 → 5623.0,22
6177.0,6181.0,15470.0 → 15170.0 → 15164.0 → 15159.0 → 6168.0 → 15158.0 → 6173.0 → 6171.0 → 6172.0 → 15523.0 → 15467.0 → 15514.0 → 6159.0 → 15177.0 → 15465.0 → 15466.0 → 15183.0 → 15456.0 → 15454.0 → 6156.0 → 6157.0 → 15461.0,22
6961.0,6962.0,6966.0 → 6965.0 → 6959.0 → 6970.0 → 6969.0 → 6958.0 → 7017.0 → 7016.0 → 6967.0 → 7555.0 → 7618.0 → 7530.0 → 6786.0 → 7551.0 → 7482.0 → 7556.0 → 7498.0 → 7507.0 → 7521.0 → 7547.0 → 7533.0 → 7534.0,22
6928.0,,7299.0 → 17774.0 → 17836.0 → 17875.0 → 17672.0 → 7330.0 → 17722.0 → 17626.0 → 17822.0 → 17652.0 → 17731.0 → 7346.0 → 17775.0 → 6929.0 → 7339.0 → 17824.0 → 17604.0 → 17765.0 → 17973.0 → 7332.0 → 17845.0 → 7323.0,22
6656.0,7082.0,11845.0 → 11862.0 → 11915.0 → 12035.0 → 12125.0 → 12220.0 → 12173.0 → 12728.0 → 12390.0 → 13017.0 → 11491.0 → 12193.0 → 12215.0 → 6658.0 → 12473.0 → 13511.0 → 11684.0 → 12317.0 → 12640.0 → 11717.0 → 12973.0 → 12414.0,22
6149.0,,7266.0 → 7249.0 → 7220.0 → 7216.0 → 7226.0 → 15190.0 → 18033.0 → 15192.0 → 7224.0 → 15193.0 → 7180.0 → 7242.0 → 15195.0 → 7182.0 → 6134.0 → 15191.0 → 7214.0 → 7212.0 → 7228.0 → 15197.0 → 15196.0,21
6901.0,18222.0,6219.0 → 7377.0 → 6268.0 → 7312.0 → 7238.0 → 7340.0 → 6281.0 → 7311.0 → 6223.0 → 7347.0 → 7407.0 → 7324.0 → 7307.0 → 7304.0 → 6264.0 → 14837.0 → 7296.0 → 7218.0 → 7292.0 → 18196.0 → 7325.0,21
5614.0,5548.0,6772.0 → 18987.0 → 18988.0 → 18898.0 → 18907.0 → 18933.0 → 18923.0 → 18986.0 → 18912.0 → 18904.0 → 18903.0 → 18930.0 → 18908.0 → 18938.0 → 18936.0 → 18917.0 → 18916.0 → 18921.0 → 18915.0 → 5756.0 → 19217.0,21
5924.0,5950.0,15997.0 → 5923.0 → 5913.0 → 5912.0 → 15968.0 → 15967.0 → 5917.0 → 16000.0 → 5909.0 → 5927.0 → 5896.0 → 5887.0 → 15976.0 → 15971.0 → 5899.0 → 5921.0 → 5939.0 → 5936.0 → 15974.0 → 5952.0 → 15972.0,21
17132.0,,1180.0 → 17119.0 → 17118.0 → 17101.0 → 17100.0 → 17136.0 → 17131.0 → 17134.0 → 17130.0 → 17127.0 → 17126.0 → 1179.0 → 17164.0 → 1175.0 → 1178.0 → 17114.0 → 1174.0 → 1188.0 → 17161.0 → 17184.0 → 17155.0,21
5498.0,5421.0,6758.0 → 5545.0 → 15411.0 → 15410.0 → 6755.0 → 6757.0 → 6756.0 → 5665.0 → 15412.0 → 5550.0 → 15408.0 → 15402.0 → 6753.0 → 6750.0 → 6749.0 → 5558.0 → 6754.0 → 5660.0 → 6751.0 → 15414.0 → 6752.0,21
6155.0,,10498.0 → 10435.0 → 10434.0 → 10495.0 → 10577.0 → 10446.0 → 10447.0 → 10478.0 → 10589.0 → 10445.0 → 10432.0 → 10480.0 → 10414.0 → 10592.0 → 10415.0 → 10410.0 → 10407.0 → 10417.0 → 10416.0 → 10406.0,20
14044.0,14047.0,7713.0 → 13969.0 → 6941.0 → 7729.0 → 14027.0 → 12792.0 → 12931.0 → 11889.0 → 6940.0 → 6914.0 → 14070.0 → 13995.0 → 11512.0 → 12132.0 → 12088.0 → 12337.0 → 13910.0 → 13813.0 → 13558.0 → 12556.0,20
6810.0,6807.0,8648.0 → 8654.0 → 8621.0 → 6812.0 → 8603.0 → 8657.0 → 8655.0 → 6815.0 → 8597.0 → 8593.0 → 8605.0 → 6846.0 → 8595.0 → 8596.0 → 6845.0 → 6866.0 → 8675.0 → 8661.0 → 8659.0 → 8672.0,20
6401.0,6381.0,13042.0 → 6424.0 → 13964.0 → 13959.0 → 13599.0 → 13270.0 → 13837.0 → 13906.0 → 13454.0 → 13149.0 → 13344.0 → 13903.0 → 13819.0 → 12978.0 → 14059.0 → 12341.0 → 13005.0 → 13970.0 → 14058.0 → 13694.0,20
6378.0,6392.0,13070.0 → 6383.0 → 7656.0 → 13706.0 → 13337.0 → 13905.0 → 6400.0 → 7658.0 → 7646.0 → 14042.0 → 7660.0 → 7651.0 → 7663.0 → 7717.0 → 7661.0 → 15707.0 → 7678.0 → 7882.0 → 7669.0 → 15709.0,20
543.0,544.0,151.0 → 17316.0 → 94.0 → 536.0 → 1809.0 → 1799.0 → 533.0 → 1858.0 → 524.0 → 535.0 → 537.0 → 1853.0 → 526.0 → 542.0 → 534.0 → 538.0 → 17498.0 → 573.0 → 570.0 → 571.0,20
851.0,854.0,4528.0 → 4523.0 → 4526.0 → 4527.0 → 840.0 → 4522.0 → 2969.0 → 4236.0 → 842.0 → 1733.0 → 1730.0 → 845.0 → 4216.0 → 4232.0 → 98.0 → 4525.0 → 107.0 → 4257.0 → 106.0 → 4247.0,20
863.0,261.0,860.0 → 858.0 → 1697.0 → 95.0 → 213.0 → 200.0 → 2147.0 → 202.0 → 857.0 → 4532.0 → 96.0 → 1308.0 → 164.0 → 192.0 → 195.0 → 173.0 → 165.0 → 187.0 → 175.0 → 176.0,20
678.0,700.0,703.0 → 4447.0 → 288.0 → 289.0 → 286.0 → 2210.0 → 285.0 → 670.0 → 4449.0 → 293.0 → 1324.0 → 290.0 → 1321.0 → 707.0 → 657.0 → 701.0 → 1311.0 → 775.0 → 665.0 → 777.0,20
5901.0,5938.0,15931.0 → 15896.0 → 15924.0 → 15925.0 → 5825.0 → 5848.0 → 15927.0 → 5840.0 → 15926.0 → 15928.0 → 5873.0 → 5865.0 → 5852.0 → 5841.0 → 5838.0 → 15893.0 → 15894.0 → 5792.0 → 5846.0 → 5839.0,20
1180.0,17132.0,17119.0 → 17118.0 → 17101.0 → 17100.0 → 17136.0 → 17131.0 → 17134.0 → 17130.0 → 17127.0 → 17126.0 → 1179.0 → 17164.0 → 1175.0 → 1178.0 → 17114.0 → 1174.0 → 1188.0 → 17161.0 → 17184.0 → 17155.0,20
13839.0,7808.0,11768.0 → 11951.0 → 12129.0 → 12176.0 → 12684.0 → 12888.0 → 12322.0 → 12980.0 → 11960.0 → 12519.0 → 13124.0 → 11612.0 → 11658.0 → 11865.0 → 12261.0 → 7824.0 → 12686.0 → 12824.0 → 12319.0 → 11864.0,20
6716.0,,6715.0 → 6722.0 → 7848.0 → 6719.0 → 6720.0 → 6724.0 → 6723.0 → 7843.0 → 6713.0 → 6708.0 → 6710.0 → 6672.0 → 6690.0 → 6686.0 → 6674.0 → 6683.0 → 6701.0 → 6684.0 → 6679.0 → 6678.0,20
399.0,2791.0,3314.0 → 3309.0 → 3308.0 → 3320.0 → 398.0 → 2790.0 → 3337.0 → 334.0 → 2789.0 → 2827.0 → 2825.0 → 2826.0 → 2829.0 → 2788.0 → 2830.0 → 2787.0 → 2910.0 → 2823.0 → 2822.0 → 2824.0,20
6873.0,7420.0,7486.0 → 26904.0 → 26913.0 → 26903.0 → 15558.0 → 26901.0 → 26902.0 → 6877.0 → 6897.0 → 26912.0 → 26898.0 → 6874.0 → 7460.0 → 15550.0 → 15551.0 → 7898.0 → 26894.0 → 7899.0 → 7524.0 → 15547.0,20
6715.0,6716.0,6722.0 → 7848.0 → 6719.0 → 6720.0 → 6724.0 → 6723.0 → 7843.0 → 6713.0 → 6708.0 → 6710.0 → 6672.0 → 6690.0 → 6686.0 → 6674.0 → 6683.0 → 6701.0 → 6684.0 → 6679.0 → 6678.0,19
5923.0,5924.0,5913.0 → 5912.0 → 15968.0 → 15967.0 → 5917.0 → 16000.0 → 5909.0 → 5927.0 → 5896.0 → 5887.0 → 15976.0 → 15971.0 → 5899.0 → 5921.0 → 5939.0 → 5936.0 → 15974.0 → 5952.0 → 15972.0,19
703.0,678.0,4447.0 → 288.0 → 289.0 → 286.0 → 2210.0 → 285.0 → 670.0 → 4449.0 → 293.0 → 1324.0 → 290.0 → 1321.0 → 707.0 → 657.0 → 701.0 → 1311.0 → 775.0 → 665.0 → 777.0,19
5809.0,5805.0,15845.0 → 5814.0 → 5828.0 → 15860.0 → 15857.0 → 15858.0 → 5855.0 → 15865.0 → 5860.0 → 15873.0 → 5880.0 → 15871.0 → 5872.0 → 15877.0 → 15861.0 → 15862.0 → 5868.0 → 15848.0 → 15849.0,19
5596.0,,5577.0 → 5588.0 → 17026.0 → 5604.0 → 5568.0 → 17030.0 → 17031.0 → 5602.0 → 17032.0 → 5593.0 → 17033.0 → 17035.0 → 17034.0 → 5616.0 → 17025.0 → 7140.0 → 5625.0 → 5624.0 → 17036.0,19
860.0,863.0,858.0 → 1697.0 → 95.0 → 213.0 → 200.0 → 2147.0 → 202.0 → 857.0 → 4532.0 → 96.0 → 1308.0 → 164.0 → 192.0 → 195.0 → 173.0 → 165.0 → 187.0 → 175.0 → 176.0,19
3179.0,3188.0,3178.0 → 3177.0 → 3175.0 → 2957.0 → 3174.0 → 3173.0 → 3171.0 → 3169.0 → 2941.0 → 3166.0 → 3164.0 → 3163.0 → 3162.0 → 3161.0 → 3160.0 → 3157.0 → 3155.0 → 1905.0 → 3154.0,19
353.0,28.0,358.0 → 348.0 → 349.0 → 351.0 → 350.0 → 337.0 → 338.0 → 336.0 → 335.0 → 357.0 → 361.0 → 2562.0 → 356.0 → 2965.0 → 2964.0 → 225.0 → 226.0 → 355.0 → 345.0,19
600.0,636.0,643.0 → 653.0 → 618.0 → 646.0 → 613.0 → 595.0 → 2809.0 → 649.0 → 639.0 → 596.0 → 615.0 → 597.0 → 631.0 → 647.0 → 611.0 → 648.0 → 635.0 → 621.0 → 620.0,19
5524.0,5518.0,16540.0 → 16528.0 → 16554.0 → 16553.0 → 5528.0 → 16527.0 → 16537.0 → 16532.0 → 5527.0 → 16531.0 → 5534.0 → 5526.0 → 16526.0 → 5522.0 → 16533.0 → 16530.0 → 5520.0 → 16542.0 → 5517.0,19
18987.0,5614.0,18988.0 → 18898.0 → 18907.0 → 18933.0 → 18923.0 → 18986.0 → 18912.0 → 18904.0 → 18903.0 → 18930.0 → 18908.0 → 18938.0 → 18936.0 → 18917.0 → 18916.0 → 18921.0 → 18915.0 → 5756.0 → 19217.0,19
5545.0,5498.0,15411.0 → 15410.0 → 6755.0 → 6757.0 → 6756.0 → 5665.0 → 15412.0 → 5550.0 → 15408.0 → 15402.0 → 6753.0 → 6750.0 → 6749.0 → 5558.0 → 6754.0 → 5660.0 → 6751.0 → 15414.0 → 6752.0,19
14007.0,,13917.0 → 13707.0 → 13499.0 → 11923.0 → 13820.0 → 13979.0 → 13762.0 → 13029.0 → 13957.0 → 12780.0 → 12646.0 → 13157.0 → 13238.0 → 12714.0 → 7728.0 → 11625.0 → 7721.0 → 13294.0 → 12924.0,19
7486.0,6873.0,26904.0 → 26913.0 → 26903.0 → 15558.0 → 26901.0 → 26902.0 → 6877.0 → 6897.0 → 26912.0 → 26898.0 → 6874.0 → 7460.0 → 15550.0 → 15551.0 → 7898.0 → 26894.0 → 7899.0 → 7524.0 → 15547.0,19
6809.0,8512.0,8498.0 → 14589.0 → 7803.0 → 8492.0 → 14590.0 → 14591.0 → 8496.0 → 8493.0 → 8489.0 → 6825.0 → 6835.0 → 8485.0 → 9088.0 → 8484.0 → 8466.0 → 8460.0 → 8475.0 → 8458.0 → 8457.0,19
5577.0,5596.0,5588.0 → 17026.0 → 5604.0 → 5568.0 → 17030.0 → 17031.0 → 5602.0 → 17032.0 → 5593.0 → 17033.0 → 17035.0 → 17034.0 → 5616.0 → 17025.0 → 7140.0 → 5625.0 → 5624.0 → 17036.0,18
13817.0,,11529.0 → 11697.0 → 11937.0 → 11803.0 → 12250.0 → 12579.0 → 12246.0 → 12677.0 → 12392.0 → 13057.0 → 12048.0 → 12483.0 → 13122.0 → 11743.0 → 11699.0 → 12012.0 → 13545.0 → 12296.0,18
358.0,353.0,348.0 → 349.0 → 351.0 → 350.0 → 337.0 → 338.0 → 336.0 → 335.0 → 357.0 → 361.0 → 2562.0 → 356.0 → 2965.0 → 2964.0 → 225.0 → 226.0 → 355.0 → 345.0,18
19133.0,,15093.0 → 19013.0 → 19031.0 → 19030.0 → 15088.0 → 19163.0 → 19154.0 → 19152.0 → 19137.0 → 19136.0 → 19140.0 → 19139.0 → 19138.0 → 19149.0 → 19159.0 → 15138.0 → 15376.0 → 15139.0,18
6145.0,,10607.0 → 10508.0 → 10509.0 → 10375.0 → 10507.0 → 10505.0 → 6141.0 → 6142.0 → 16348.0 → 6061.0 → 16353.0 → 6041.0 → 6024.0 → 16357.0 → 6088.0 → 16351.0 → 16349.0 → 6130.0,18
6383.0,6378.0,7656.0 → 13706.0 → 13337.0 → 13905.0 → 6400.0 → 7658.0 → 7646.0 → 14042.0 → 7660.0 → 7651.0 → 7663.0 → 7717.0 → 7661.0 → 15707.0 → 7678.0 → 7882.0 → 7669.0 → 15709.0,18
26904.0,7486.0,26913.0 → 26903.0 → 15558.0 → 26901.0 → 26902.0 → 6877.0 → 6897.0 → 26912.0 → 26898.0 → 6874.0 → 7460.0 → 15550.0 → 15551.0 → 7898.0 → 26894.0 → 7899.0 → 7524.0 → 15547.0,18
6933.0,6925.0,17639.0 → 7281.0 → 7273.0 → 17891.0 → 17729.0 → 7276.0 → 17851.0 → 17764.0 → 7280.0 → 18060.0 → 17970.0 → 17955.0 → 6932.0 → 17953.0 → 17817.0 → 17777.0 → 17984.0 → 17956.0,18
7050.0,5456.0,16419.0 → 5481.0 → 5480.0 → 5488.0 → 16425.0 → 5490.0 → 16420.0 → 5515.0 → 16443.0 → 16436.0 → 16434.0 → 5501.0 → 16444.0 → 5511.0 → 16431.0 → 16442.0 → 16428.0 → 16439.0,18
858.0,860.0,1697.0 → 95.0 → 213.0 → 200.0 → 2147.0 → 202.0 → 857.0 → 4532.0 → 96.0 → 1308.0 → 164.0 → 192.0 → 195.0 → 173.0 → 165.0 → 187.0 → 175.0 → 176.0,18
18988.0,18987.0,18898.0 → 18907.0 → 18933.0 → 18923.0 → 18986.0 → 18912.0 → 18904.0 → 18903.0 → 18930.0 → 18908.0 → 18938.0 → 18936.0 → 18917.0 → 18916.0 → 18921.0 → 18915.0 → 5756.0 → 19217.0,18
5698.0,5646.0,5697.0 → 5681.0 → 5677.0 → 16858.0 → 16874.0 → 16872.0 → 16848.0 → 17008.0 → 16850.0 → 5701.0 → 16854.0 → 16973.0 → 5711.0 → 16867.0 → 16840.0 → 16868.0 → 16863.0,17
13964.0,6401.0,13959.0 → 13599.0 → 13270.0 → 13837.0 → 13906.0 → 13454.0 → 13149.0 → 13344.0 → 13903.0 → 13819.0 → 12978.0 → 14059.0 → 12341.0 → 13005.0 → 13970.0 → 14058.0 → 13694.0,17
13914.0,13950.0,13500.0 → 13142.0 → 13893.0 → 12243.0 → 13877.0 → 12338.0 → 12613.0 → 12912.0 → 13295.0 → 12061.0 → 13004.0 → 13713.0 → 12909.0 → 13503.0 → 12235.0 → 13257.0 → 12349.0,17
4422.0,273.0,272.0 → 3025.0 → 576.0 → 17521.0 → 574.0 → 17518.0 → 17517.0 → 581.0 → 17550.0 → 17552.0 → 17547.0 → 578.0 → 214.0 → 17533.0 → 579.0 → 17545.0 → 17542.0,17
5752.0,5914.0,15943.0 → 15933.0 → 5780.0 → 5798.0 → 15942.0 → 5751.0 → 5741.0 → 15937.0 → 15938.0 → 5755.0 → 15939.0 → 15940.0 → 5759.0 → 15941.0 → 5807.0 → 5812.0 → 5817.0,17
5588.0,5577.0,17026.0 → 5604.0 → 5568.0 → 17030.0 → 17031.0 → 5602.0 → 17032.0 → 5593.0 → 17033.0 → 17035.0 → 17034.0 → 5616.0 → 17025.0 → 7140.0 → 5625.0 → 5624.0 → 17036.0,17
1002.0,,3212.0 → 2926.0 → 2962.0 → 1901.0 → 2954.0 → 3211.0 → 3210.0 → 3209.0 → 1900.0 → 3208.0 → 2776.0 → 2936.0 → 3207.0 → 3206.0 → 2963.0 → 3205.0 → 2935.0,17
886.0,156.0,460.0 → 465.0 → 903.0 → 462.0 → 900.0 → 477.0 → 488.0 → 471.0 → 469.0 → 467.0 → 895.0 → 189.0 → 458.0 → 463.0 → 876.0 → 892.0 → 2773.0,17
5687.0,5617.0,16986.0 → 5693.0 → 17042.0 → 16881.0 → 16997.0 → 17012.0 → 16932.0 → 17015.0 → 17014.0 → 5708.0 → 5733.0 → 15807.0 → 17002.0 → 17005.0 → 5744.0 → 17003.0 → 15808.0,17
13676.0,6392.0,6429.0 → 12947.0 → 13723.0 → 13475.0 → 13093.0 → 14052.0 → 6431.0 → 13375.0 → 12937.0 → 12356.0 → 13210.0 → 6451.0 → 13568.0 → 13567.0 → 13041.0 → 13847.0 → 13120.0,17
18898.0,18988.0,18907.0 → 18933.0 → 18923.0 → 18986.0 → 18912.0 → 18904.0 → 18903.0 → 18930.0 → 18908.0 → 18938.0 → 18936.0 → 18917.0 → 18916.0 → 18921.0 → 18915.0 → 5756.0 → 19217.0,17
13864.0,,13845.0 → 14103.0 → 12057.0 → 14106.0 → 12276.0 → 12405.0 → 12517.0 → 12562.0 → 12746.0 → 13098.0 → 12018.0 → 13447.0 → 11962.0 → 13266.0 → 11905.0 → 12213.0 → 12525.0,17
19210.0,,19176.0 → 19174.0 → 19186.0 → 19175.0 → 15428.0 → 19194.0 → 19193.0 → 19187.0 → 19208.0 → 19191.0 → 19192.0 → 19185.0 → 19184.0 → 19188.0 → 5666.0 → 19181.0,16
6429.0,13676.0,12947.0 → 13723.0 → 13475.0 → 13093.0 → 14052.0 → 6431.0 → 13375.0 → 12937.0 → 12356.0 → 13210.0 → 6451.0 → 13568.0 → 13567.0 → 13041.0 → 13847.0 → 13120.0,16
5618.0,5571.0,16716.0 → 16718.0 → 16736.0 → 16805.0 → 5622.0 → 16723.0 → 16705.0 → 16810.0 → 5608.0 → 16729.0 → 16733.0 → 16726.0 → 5626.0 → 16710.0 → 16783.0 → 16790.0,16
7330.0,6928.0,17722.0 → 17626.0 → 17822.0 → 17652.0 → 17731.0 → 7346.0 → 17775.0 → 6929.0 → 7339.0 → 17824.0 → 17604.0 → 17765.0 → 17973.0 → 7332.0 → 17845.0 → 7323.0,16
536.0,543.0,1809.0 → 1799.0 → 533.0 → 1858.0 → 524.0 → 535.0 → 537.0 → 1853.0 → 526.0 → 542.0 → 534.0 → 538.0 → 17498.0 → 573.0 → 570.0 → 571.0,16
1981.0,,1041.0 → 1022.0 → 311.0 → 301.0 → 1092.0 → 317.0 → 310.0 → 295.0 → 316.0 → 320.0 → 309.0 → 302.0 → 1031.0 → 315.0 → 296.0 → 2904.0,16
5569.0,5548.0,18985.0 → 18959.0 → 19218.0 → 18975.0 → 18957.0 → 18977.0 → 18976.0 → 18974.0 → 18956.0 → 18955.0 → 18954.0 → 18966.0 → 18953.0 → 18972.0 → 18971.0 → 18967.0,16
1977.0,,2022.0 → 953.0 → 5230.0 → 5223.0 → 5226.0 → 5228.0 → 1360.0 → 5231.0 → 1356.0 → 5225.0 → 5224.0 → 2945.0 → 17293.0 → 3112.0 → 3110.0 → 3109.0,16
13845.0,13864.0,14103.0 → 12057.0 → 14106.0 → 12276.0 → 12405.0 → 12517.0 → 12562.0 → 12746.0 → 13098.0 → 12018.0 → 13447.0 → 11962.0 → 13266.0 → 11905.0 → 12213.0 → 12525.0,16
272.0,4422.0,3025.0 → 576.0 → 17521.0 → 574.0 → 17518.0 → 17517.0 → 581.0 → 17550.0 → 17552.0 → 17547.0 → 578.0 → 214.0 → 17533.0 → 579.0 → 17545.0 → 17542.0,16
7765.0,6913.0,13565.0 → 12230.0 → 12377.0 → 12704.0 → 13040.0 → 12610.0 → 13573.0 → 11994.0 → 12462.0 → 12534.0 → 12779.0 → 7767.0 → 13569.0 → 12484.0 → 12902.0 → 12539.0,16
6569.0,7752.0,6559.0 → 7747.0 → 6554.0 → 14770.0 → 6539.0 → 14769.0 → 6547.0 → 6545.0 → 14776.0 → 14777.0 → 6537.0 → 6530.0 → 7745.0 → 6528.0 → 7736.0 → 14781.0,16
6812.0,6810.0,8603.0 → 8657.0 → 8655.0 → 6815.0 → 8597.0 → 8593.0 → 8605.0 → 6846.0 → 8595.0 → 8596.0 → 6845.0 → 6866.0 → 8675.0 → 8661.0 → 8659.0 → 8672.0,16
13959.0,13964.0,13599.0 → 13270.0 → 13837.0 → 13906.0 → 13454.0 → 13149.0 → 13344.0 → 13903.0 → 13819.0 → 12978.0 → 14059.0 → 12341.0 → 13005.0 → 13970.0 → 14058.0 → 13694.0,16
26903.0,26904.0,15558.0 → 26901.0 → 26902.0 → 6877.0 → 6897.0 → 26912.0 → 26898.0 → 6874.0 → 7460.0 → 15550.0 → 15551.0 → 7898.0 → 26894.0 → 7899.0 → 7524.0 → 15547.0,16
5718.0,16975.0,16976.0 → 5722.0 → 15791.0 → 15792.0 → 15789.0 → 15790.0 → 15796.0 → 15800.0 → 15793.0 → 15798.0 → 16888.0 → 5788.0 → 15795.0 → 5763.0 → 15905.0,15
19176.0,19210.0,19174.0 → 19186.0 → 19175.0 → 15428.0 → 19194.0 → 19193.0 → 19187.0 → 19208.0 → 19191.0 → 19192.0 → 19185.0 → 19184.0 → 19188.0 → 5666.0 → 19181.0,15
5604.0,5588.0,5568.0 → 17030.0 → 17031.0 → 5602.0 → 17032.0 → 5593.0 → 17033.0 → 17035.0 → 17034.0 → 5616.0 → 17025.0 → 7140.0 → 5625.0 → 5624.0 → 17036.0,15
1041.0,1981.0,1022.0 → 311.0 → 301.0 → 1092.0 → 317.0 → 310.0 → 295.0 → 316.0 → 320.0 → 309.0 → 302.0 → 1031.0 → 315.0 → 296.0 → 2904.0,15
5693.0,5687.0,17042.0 → 16881.0 → 16997.0 → 17012.0 → 16932.0 → 17015.0 → 17014.0 → 5708.0 → 5733.0 → 15807.0 → 17002.0 → 17005.0 → 5744.0 → 17003.0 → 15808.0,15
1706.0,,1632.0 → 1635.0 → 1636.0 → 1631.0 → 1634.0 → 1630.0 → 1633.0 → 17062.0 → 1625.0 → 1628.0 → 1627.0 → 1624.0 → 1626.0 → 1623.0 → 1622.0,15
503.0,504.0,1854.0 → 506.0 → 502.0 → 493.0 → 491.0 → 492.0 → 1806.0 → 4452.0 → 494.0 → 1832.0 → 495.0 → 1825.0 → 500.0 → 4450.0 → 498.0,15
14027.0,14044.0,12792.0 → 12931.0 → 11889.0 → 6940.0 → 6914.0 → 14070.0 → 13995.0 → 11512.0 → 12132.0 → 12088.0 → 12337.0 → 13910.0 → 13813.0 → 13558.0 → 12556.0,15
6173.0,6177.0,6171.0 → 6172.0 → 15523.0 → 15467.0 → 15514.0 → 6159.0 → 15177.0 → 15465.0 → 15466.0 → 15183.0 → 15456.0 → 15454.0 → 6156.0 → 6157.0 → 15461.0,15
6128.0,,16108.0 → 6077.0 → 6084.0 → 16100.0 → 6079.0 → 6071.0 → 16102.0 → 16103.0 → 6074.0 → 16104.0 → 16106.0 → 6068.0 → 16112.0 → 6058.0 → 16110.0,15
398.0,399.0,2790.0 → 3337.0 → 334.0 → 2789.0 → 2827.0 → 2825.0 → 2826.0 → 2829.0 → 2788.0 → 2830.0 → 2787.0 → 2910.0 → 2823.0 → 2822.0 → 2824.0,15
6930.0,,7270.0 → 17823.0 → 18003.0 → 7271.0 → 17779.0 → 6931.0 → 7263.0 → 17848.0 → 17990.0 → 7264.0 → 17624.0 → 17746.0 → 17923.0 → 17708.0 → 17805.0,15
3117.0,1935.0,3116.0 → 3125.0 → 3124.0 → 2918.0 → 3123.0 → 3121.0 → 3115.0 → 3114.0 → 1928.0 → 3127.0 → 3130.0 → 1008.0 → 1007.0 → 1926.0 → 1006.0,15
3248.0,1920.0,3247.0 → 3245.0 → 3243.0 → 3241.0 → 3237.0 → 3235.0 → 3239.0 → 3233.0 → 1009.0 → 1010.0 → 3230.0 → 3224.0 → 3223.0 → 3228.0 → 3226.0,15
18985.0,5569.0,18959.0 → 19218.0 → 18975.0 → 18957.0 → 18977.0 → 18976.0 → 18974.0 → 18956.0 → 18955.0 → 18954.0 → 18966.0 → 18953.0 → 18972.0 → 18971.0 → 18967.0,15
38.0,62.0,4419.0 → 1970.0 → 3106.0 → 4388.0 → 109.0 → 4385.0 → 60.0 → 51.0 → 3108.0 → 3105.0 → 3103.0 → 3101.0 → 3100.0 → 3099.0,14
1854.0,503.0,506.0 → 502.0 → 493.0 → 491.0 → 492.0 → 1806.0 → 4452.0 → 494.0 → 1832.0 → 495.0 → 1825.0 → 500.0 → 4450.0 → 498.0,14
13893.0,13914.0,12243.0 → 13877.0 → 12338.0 → 12613.0 → 12912.0 → 13295.0 → 12061.0 → 13004.0 → 13713.0 → 12909.0 → 13503.0 → 12235.0 → 13257.0 → 12349.0,14
13921.0,6377.0,7517.0 → 13310.0 → 13750.0 → 12402.0 → 12950.0 → 12597.0 → 7513.0 → 13222.0 → 11918.0 → 13221.0 → 13795.0 → 13716.0 → 13436.0 → 11554.0,14
6171.0,6173.0,6172.0 → 15523.0 → 15467.0 → 15514.0 → 6159.0 → 15177.0 → 15465.0 → 15466.0 → 15183.0 → 15456.0 → 15454.0 → 6156.0 → 6157.0 → 15461.0,14
3247.0,3248.0,3245.0 → 3243.0 → 3241.0 → 3237.0 → 3235.0 → 3239.0 → 3233.0 → 1009.0 → 1010.0 → 3230.0 → 3224.0 → 3223.0 → 3228.0 → 3226.0,14
5528.0,5524.0,16527.0 → 16537.0 → 16532.0 → 5527.0 → 16531.0 → 5534.0 → 5526.0 → 16526.0 → 5522.0 → 16533.0 → 16530.0 → 5520.0 → 16542.0 → 5517.0,14
6201.0,6204.0,15492.0 → 6202.0 → 15478.0 → 6198.0 → 15502.0 → 15501.0 → 6196.0 → 6190.0 → 6183.0 → 15488.0 → 15469.0 → 15472.0 → 6188.0 → 15474.0,14
18959.0,18985.0,19218.0 → 18975.0 → 18957.0 → 18977.0 → 18976.0 → 18974.0 → 18956.0 → 18955.0 → 18954.0 → 18966.0 → 18953.0 → 18972.0 → 18971.0 → 18967.0,14
10446.0,6155.0,10447.0 → 10478.0 → 10589.0 → 10445.0 → 10432.0 → 10480.0 → 10414.0 → 10592.0 → 10415.0 → 10410.0 → 10407.0 → 10417.0 → 10416.0 → 10406.0,14
2790.0,398.0,3337.0 → 334.0 → 2789.0 → 2827.0 → 2825.0 → 2826.0 → 2829.0 → 2788.0 → 2830.0 → 2787.0 → 2910.0 → 2823.0 → 2822.0 → 2824.0,14
7231.0,,17685.0 → 17924.0 → 7293.0 → 17795.0 → 17723.0 → 17660.0 → 17734.0 → 17975.0 → 17699.0 → 17622.0 → 17629.0 → 17686.0 → 17619.0 → 17869.0,14
13270.0,13959.0,13837.0 → 13906.0 → 13454.0 → 13149.0 → 13344.0 → 13903.0 → 13819.0 → 12978.0 → 14059.0 → 12341.0 → 13005.0 → 13970.0 → 14058.0 → 13694.0,14
953.0,1977.0,5230.0 → 5223.0 → 5226.0 → 5228.0 → 1360.0 → 5231.0 → 1356.0 → 5225.0 → 5224.0 → 2945.0 → 17293.0 → 3112.0 → 3110.0 → 3109.0,14
1938.0,,1615.0 → 1614.0 → 1616.0 → 2635.0 → 1939.0 → 2630.0 → 1990.0 → 1618.0 → 1617.0 → 1611.0 → 1613.0 → 1610.0 → 1612.0 → 1609.0,14
19174.0,19176.0,19186.0 → 19175.0 → 15428.0 → 19194.0 → 19193.0 → 19187.0 → 19208.0 → 19191.0 → 19192.0 → 19185.0 → 19184.0 → 19188.0 → 5666.0 → 19181.0,14
5723.0,5758.0,5724.0 → 5773.0 → 15835.0 → 15836.0 → 5776.0 → 15843.0 → 15844.0 → 5783.0 → 15838.0 → 15837.0 → 5721.0 → 7169.0 → 5726.0 → 5715.0,14
5703.0,5712.0,16950.0 → 16952.0 → 5668.0 → 16957.0 → 17018.0 → 5688.0 → 16934.0 → 16892.0 → 5679.0 → 5683.0 → 16933.0 → 16890.0 → 16891.0 → 16927.0,14
5722.0,5718.0,15791.0 → 15792.0 → 15789.0 → 15790.0 → 15796.0 → 15800.0 → 15793.0 → 15798.0 → 16888.0 → 5788.0 → 15795.0 → 5763.0 → 15905.0,13
6967.0,6961.0,7555.0 → 7618.0 → 7530.0 → 6786.0 → 7551.0 → 7482.0 → 7556.0 → 7498.0 → 7507.0 → 7521.0 → 7547.0 → 7533.0 → 7534.0,13
5642.0,5631.0,16971.0 → 5649.0 → 16931.0 → 17000.0 → 16938.0 → 16885.0 → 16883.0 → 5637.0 → 16898.0 → 5635.0 → 5655.0 → 16845.0 → 16857.0,13
1639.0,,1645.0 → 1647.0 → 1638.0 → 1643.0 → 1644.0 → 1346.0 → 1637.0 → 1642.0 → 1351.0 → 1350.0 → 1349.0 → 1354.0 → 1353.0,13
6554.0,6569.0,14770.0 → 6539.0 → 14769.0 → 6547.0 → 6545.0 → 14776.0 → 14777.0 → 6537.0 → 6530.0 → 7745.0 → 6528.0 → 7736.0 → 14781.0,13
13979.0,14007.0,13762.0 → 13029.0 → 13957.0 → 12780.0 → 12646.0 → 13157.0 → 13238.0 → 12714.0 → 7728.0 → 11625.0 → 7721.0 → 13294.0 → 12924.0,13
13981.0,6377.0,11774.0 → 13360.0 → 13255.0 → 13949.0 → 12775.0 → 13773.0 → 13744.0 → 13918.0 → 13574.0 → 12619.0 → 12819.0 → 13876.0 → 6343.0,13
549.0,544.0,554.0 → 1835.0 → 4460.0 → 553.0 → 1857.0 → 548.0 → 552.0 → 4459.0 → 547.0 → 550.0 → 555.0 → 1807.0 → 545.0,13
533.0,536.0,1858.0 → 524.0 → 535.0 → 537.0 → 1853.0 → 526.0 → 542.0 → 534.0 → 538.0 → 17498.0 → 573.0 → 570.0 → 571.0,13
5988.0,6005.0,16013.0 → 5935.0 → 16011.0 → 16012.0 → 5987.0 → 5973.0 → 16016.0 → 5983.0 → 16041.0 → 16018.0 → 16017.0 → 16021.0 → 16020.0,13
5968.0,5965.0,5963.0 → 15984.0 → 15985.0 → 5974.0 → 15987.0 → 5970.0 → 5980.0 → 15986.0 → 5960.0 → 15995.0 → 5942.0 → 15996.0 → 5946.0,13
17469.0,569.0,564.0 → 561.0 → 17410.0 → 559.0 → 562.0 → 17436.0 → 17427.0 → 560.0 → 17398.0 → 17464.0 → 17453.0 → 17444.0 → 17449.0,13
3173.0,3179.0,3171.0 → 3169.0 → 2941.0 → 3166.0 → 3164.0 → 3163.0 → 3162.0 → 3161.0 → 3160.0 → 3157.0 → 3155.0 → 1905.0 → 3154.0,13
264.0,798.0,239.0 → 242.0 → 240.0 → 257.0 → 832.0 → 1664.0 → 1671.0 → 246.0 → 249.0 → 248.0 → 245.0 → 247.0 → 244.0,13
595.0,600.0,2809.0 → 649.0 → 639.0 → 596.0 → 615.0 → 597.0 → 631.0 → 647.0 → 611.0 → 648.0 → 635.0 → 621.0 → 620.0,13
19218.0,18959.0,18975.0 → 18957.0 → 18977.0 → 18976.0 → 18974.0 → 18956.0 → 18955.0 → 18954.0 → 18966.0 → 18953.0 → 18972.0 → 18971.0 → 18967.0,13
13857.0,14020.0,13554.0 → 13393.0 → 12275.0 → 13037.0 → 7722.0 → 12429.0 → 12804.0 → 12867.0 → 11812.0 → 12920.0 → 13000.0 → 13079.0 → 12495.0,13
6172.0,6171.0,15523.0 → 15467.0 → 15514.0 → 6159.0 → 15177.0 → 15465.0 → 15466.0 → 15183.0 → 15456.0 → 15454.0 → 6156.0 → 6157.0 → 15461.0,13
6055.0,6099.0,6045.0 → 16087.0 → 16095.0 → 16093.0 → 16094.0 → 6043.0 → 6031.0 → 16092.0 → 16090.0 → 16089.0 → 16099.0 → 16096.0 → 16098.0,13
7658.0,6383.0,7646.0 → 14042.0 → 7660.0 → 7651.0 → 7663.0 → 7717.0 → 7661.0 → 15707.0 → 7678.0 → 7882.0 → 7669.0 → 15709.0,12
5963.0,5968.0,15984.0 → 15985.0 → 5974.0 → 15987.0 → 5970.0 → 5980.0 → 15986.0 → 5960.0 → 15995.0 → 5942.0 → 15996.0 → 5946.0,12
3171.0,3173.0,3169.0 → 2941.0 → 3166.0 → 3164.0 → 3163.0 → 3162.0 → 3161.0 → 3160.0 → 3157.0 → 3155.0 → 1905.0 → 3154.0,12
5909.0,5923.0,5927.0 → 5896.0 → 5887.0 → 15976.0 → 15971.0 → 5899.0 → 5921.0 → 5939.0 → 5936.0 → 15974.0 → 5952.0 → 15972.0,12
502.0,1854.0,493.0 → 491.0 → 492.0 → 1806.0 → 4452.0 → 494.0 → 1832.0 → 495.0 → 1825.0 → 500.0 → 4450.0 → 498.0,12
6045.0,6055.0,16087.0 → 16095.0 → 16093.0 → 16094.0 → 6043.0 → 6031.0 → 16092.0 → 16090.0 → 16089.0 → 16099.0 → 16096.0 → 16098.0,12
6084.0,6128.0,16100.0 → 6079.0 → 6071.0 → 16102.0 → 16103.0 → 6074.0 → 16104.0 → 16106.0 → 6068.0 → 16112.0 → 6058.0 → 16110.0,12
19163.0,19133.0,19154.0 → 19152.0 → 19137.0 → 19136.0 → 19140.0 → 19139.0 → 19138.0 → 19149.0 → 19159.0 → 15138.0 → 15376.0 → 15139.0,12
6815.0,6812.0,8597.0 → 8593.0 → 8605.0 → 6846.0 → 8595.0 → 8596.0 → 6845.0 → 6866.0 → 8675.0 → 8661.0 → 8659.0 → 8672.0,12
13930.0,13994.0,13926.0 → 13909.0 → 13885.0 → 12576.0 → 11858.0 → 13254.0 → 13805.0 → 7725.0 → 13698.0 → 12925.0 → 13382.0 → 13256.0,12
6030.0,6054.0,16075.0 → 16073.0 → 6036.0 → 6038.0 → 6020.0 → 16074.0 → 6007.0 → 16077.0 → 16086.0 → 5996.0 → 16076.0 → 5991.0,12
13877.0,13893.0,12338.0 → 12613.0 → 12912.0 → 13295.0 → 12061.0 → 13004.0 → 13713.0 → 12909.0 → 13503.0 → 12235.0 → 13257.0 → 12349.0,12
1970.0,38.0,3106.0 → 4388.0 → 109.0 → 4385.0 → 60.0 → 51.0 → 3108.0 → 3105.0 → 3103.0 → 3101.0 → 3100.0 → 3099.0,12
6223.0,6901.0,7347.0 → 7407.0 → 7324.0 → 7307.0 → 7304.0 → 6264.0 → 14837.0 → 7296.0 → 7218.0 → 7292.0 → 18196.0 → 7325.0,12
6202.0,6201.0,15478.0 → 6198.0 → 15502.0 → 15501.0 → 6196.0 → 6190.0 → 6183.0 → 15488.0 → 15469.0 → 15472.0 → 6188.0 → 15474.0,12
6935.0,,18022.0 → 17692.0 → 7265.0 → 17730.0 → 17645.0 → 17879.0 → 17748.0 → 17811.0 → 17579.0 → 17969.0 → 18025.0 → 18007.0,12
15677.0,,7112.0 → 7114.0 → 7115.0 → 7845.0 → 7111.0 → 7110.0 → 15676.0 → 7117.0 → 7116.0 → 7106.0 → 7108.0 → 7109.0,12
1858.0,533.0,524.0 → 535.0 → 537.0 → 1853.0 → 526.0 → 542.0 → 534.0 → 538.0 → 17498.0 → 573.0 → 570.0 → 571.0,12
19175.0,19174.0,15428.0 → 19194.0 → 19193.0 → 19187.0 → 19208.0 → 19191.0 → 19192.0 → 19185.0 → 19184.0 → 19188.0 → 5666.0 → 19181.0,12
239.0,264.0,242.0 → 240.0 → 257.0 → 832.0 → 1664.0 → 1671.0 → 246.0 → 249.0 → 248.0 → 245.0 → 247.0 → 244.0,12
5490.0,7050.0,16420.0 → 5515.0 → 16443.0 → 16436.0 → 16434.0 → 5501.0 → 16444.0 → 5511.0 → 16431.0 → 16442.0 → 16428.0 → 16439.0,12
5495.0,5401.0,6740.0 → 6739.0 → 6738.0 → 5516.0 → 15383.0 → 6737.0 → 6736.0 → 5525.0 → 5559.0 → 6734.0 → 6735.0 → 5557.0,12
5855.0,5809.0,15865.0 → 5860.0 → 15873.0 → 5880.0 → 15871.0 → 5872.0 → 15877.0 → 15861.0 → 15862.0 → 5868.0 → 15848.0 → 15849.0,12
5547.0,5505.0,6765.0 → 5576.0 → 15420.0 → 5560.0 → 6766.0 → 5632.0 → 15418.0 → 15417.0 → 6763.0 → 6764.0 → 6762.0,11
5550.0,5545.0,15408.0 → 15402.0 → 6753.0 → 6750.0 → 6749.0 → 5558.0 → 6754.0 → 5660.0 → 6751.0 → 15414.0 → 6752.0,11
6897.0,26903.0,26912.0 → 26898.0 → 6874.0 → 7460.0 → 15550.0 → 15551.0 → 7898.0 → 26894.0 → 7899.0 → 7524.0 → 15547.0,11
5654.0,5719.0,5650.0 → 16460.0 → 5640.0 → 5629.0 → 16463.0 → 16457.0 → 16458.0 → 5630.0 → 7142.0 → 16455.0 → 5623.0,11
6152.0,,10574.0 → 10570.0 → 10575.0 → 10525.0 → 10527.0 → 10528.0 → 10429.0 → 10526.0 → 10431.0 → 10422.0 → 10531.0,11
2847.0,,2842.0 → 2846.0 → 2841.0 → 2840.0 → 968.0 → 2843.0 → 972.0 → 973.0 → 3032.0 → 978.0 → 977.0,11
7293.0,7231.0,17795.0 → 17723.0 → 17660.0 → 17734.0 → 17975.0 → 17699.0 → 17622.0 → 17629.0 → 17686.0 → 17619.0 → 17869.0,11
7347.0,6223.0,7407.0 → 7324.0 → 7307.0 → 7304.0 → 6264.0 → 14837.0 → 7296.0 → 7218.0 → 7292.0 → 18196.0 → 7325.0,11
5948.0,5990.0,16050.0 → 16042.0 → 16048.0 → 16045.0 → 16043.0 → 16044.0 → 5932.0 → 16054.0 → 16053.0 → 16051.0 → 16052.0,11
6706.0,,8886.0 → 8878.0 → 8875.0 → 6838.0 → 8871.0 → 8863.0 → 8858.0 → 8862.0 → 8859.0 → 8867.0 → 8864.0,11
857.0,858.0,4532.0 → 96.0 → 1308.0 → 164.0 → 192.0 → 195.0 → 173.0 → 165.0 → 187.0 → 175.0 → 176.0,11
5602.0,5604.0,17032.0 → 5593.0 → 17033.0 → 17035.0 → 17034.0 → 5616.0 → 17025.0 → 7140.0 → 5625.0 → 5624.0 → 17036.0,11
5927.0,5909.0,5896.0 → 5887.0 → 15976.0 → 15971.0 → 5899.0 → 5921.0 → 5939.0 → 5936.0 → 15974.0 → 5952.0 → 15972.0,11
3211.0,1002.0,3210.0 → 3209.0 → 1900.0 → 3208.0 → 2776.0 → 2936.0 → 3207.0 → 3206.0 → 2963.0 → 3205.0 → 2935.0,11
6814.0,6916.0,8557.0 → 8565.0 → 8553.0 → 8574.0 → 6828.0 → 8552.0 → 8549.0 → 8529.0 → 8528.0 → 8544.0 → 8536.0,11
13753.0,,13691.0 → 12994.0 → 12266.0 → 12366.0 → 6426.0 → 11530.0 → 12181.0 → 12815.0 → 12281.0 → 12921.0 → 12635.0,11
13763.0,13947.0,12958.0 → 11955.0 → 12595.0 → 13622.0 → 11799.0 → 11985.0 → 12413.0 → 12510.0 → 13304.0 → 11519.0 → 12971.0,11
13926.0,13930.0,13909.0 → 13885.0 → 12576.0 → 11858.0 → 13254.0 → 13805.0 → 7725.0 → 13698.0 → 12925.0 → 13382.0 → 13256.0,11
18957.0,19218.0,18977.0 → 18976.0 → 18974.0 → 18956.0 → 18955.0 → 18954.0 → 18966.0 → 18953.0 → 18972.0 → 18971.0 → 18967.0,11
6321.0,,7546.0 → 18177.0 → 7559.0 → 7573.0 → 7545.0 → 7564.0 → 7432.0 → 7277.0 → 7279.0 → 7275.0 → 7278.0,11
5860.0,5855.0,15873.0 → 5880.0 → 15871.0 → 5872.0 → 15877.0 → 15861.0 → 15862.0 → 5868.0 → 15848.0 → 15849.0,10
5955.0,,5943.0 → 16263.0 → 16264.0 → 5926.0 → 16265.0 → 5915.0 → 16261.0 → 16259.0 → 16260.0 → 16262.0,10
6079.0,6084.0,6071.0 → 16102.0 → 16103.0 → 6074.0 → 16104.0 → 16106.0 → 6068.0 → 16112.0 → 6058.0 → 16110.0,10
13909.0,13926.0,13885.0 → 12576.0 → 11858.0 → 13254.0 → 13805.0 → 7725.0 → 13698.0 → 12925.0 → 13382.0 → 13256.0,10
6142.0,6145.0,16348.0 → 6061.0 → 16353.0 → 6041.0 → 6024.0 → 16357.0 → 6088.0 → 16351.0 → 16349.0 → 6130.0,10
13793.0,,11579.0 → 11859.0 → 12936.0 → 13720.0 → 13674.0 → 13615.0 → 12914.0 → 12404.0 → 12975.0 → 13032.0,10
13957.0,13979.0,12780.0 → 12646.0 → 13157.0 → 13238.0 → 12714.0 → 7728.0 → 11625.0 → 7721.0 → 13294.0 → 12924.0,10
6431.0,6429.0,13375.0 → 12937.0 → 12356.0 → 13210.0 → 6451.0 → 13568.0 → 13567.0 → 13041.0 → 13847.0 → 13120.0,10
31.0,36.0,118.0 → 59.0 → 490.0 → 472.0 → 486.0 → 476.0 → 928.0 → 2929.0 → 468.0 → 480.0,10
5953.0,5975.0,15923.0 → 15921.0 → 5947.0 → 15922.0 → 5922.0 → 15919.0 → 15918.0 → 5911.0 → 15915.0 → 15917.0,10
1859.0,773.0,4456.0 → 508.0 → 774.0 → 1620.0 → 1850.0 → 1836.0 → 1834.0 → 1826.0 → 1343.0 → 1344.0,10
13583.0,13878.0,11756.0 → 12569.0 → 11956.0 → 13431.0 → 11757.0 → 12058.0 → 12329.0 → 12986.0 → 11919.0 → 12082.0,10
7145.0,5617.0,7146.0 → 16899.0 → 16900.0 → 5662.0 → 16905.0 → 16949.0 → 7147.0 → 5647.0 → 5648.0 → 16947.0,10
5600.0,5585.0,16594.0 → 16661.0 → 16660.0 → 16663.0 → 16667.0 → 5606.0 → 16665.0 → 5612.0 → 16671.0 → 16670.0,10
2165.0,,1942.0 → 2154.0 → 2164.0 → 4416.0 → 1941.0 → 2163.0 → 2159.0 → 2908.0 → 2158.0 → 4415.0,10
5731.0,,2649.0 → 17053.0 → 17055.0 → 2647.0 → 17054.0 → 2639.0 → 5620.0 → 5603.0 → 2643.0 → 2640.0,10
13691.0,13753.0,12994.0 → 12266.0 → 12366.0 → 6426.0 → 11530.0 → 12181.0 → 12815.0 → 12281.0 → 12921.0 → 12635.0,10
13690.0,7807.0,11787.0 → 7798.0 → 11582.0 → 12191.0 → 7797.0 → 11556.0 → 12830.0 → 11447.0 → 11793.0 → 11944.0,10
2827.0,2790.0,2825.0 → 2826.0 → 2829.0 → 2788.0 → 2830.0 → 2787.0 → 2910.0 → 2823.0 → 2822.0 → 2824.0,10
1638.0,1639.0,1643.0 → 1644.0 → 1346.0 → 1637.0 → 1642.0 → 1351.0 → 1350.0 → 1349.0 → 1354.0 → 1353.0,10
96.0,857.0,1308.0 → 164.0 → 192.0 → 195.0 → 173.0 → 165.0 → 187.0 → 175.0 → 176.0,9
471.0,886.0,469.0 → 467.0 → 895.0 → 189.0 → 458.0 → 463.0 → 876.0 → 892.0 → 2773.0,9
17723.0,7293.0,17660.0 → 17734.0 → 17975.0 → 17699.0 → 17622.0 → 17629.0 → 17686.0 → 17619.0 → 17869.0,9
6071.0,6079.0,16102.0 → 16103.0 → 6074.0 → 16104.0 → 16106.0 → 6068.0 → 16112.0 → 6058.0 → 16110.0,9
8999.0,,8997.0 → 8986.0 → 8996.0 → 8992.0 → 6852.0 → 9001.0 → 8983.0 → 8972.0 → 8975.0,9
6825.0,6809.0,6835.0 → 8485.0 → 9088.0 → 8484.0 → 8466.0 → 8460.0 → 8475.0 → 8458.0 → 8457.0,9
13833.0,14055.0,12735.0 → 12828.0 → 12361.0 → 13677.0 → 12664.0 → 12951.0 → 12785.0 → 13228.0 → 12666.0,9
1967.0,156.0,487.0 → 461.0 → 207.0 → 212.0 → 489.0 → 223.0 → 180.0 → 183.0 → 332.0,9
686.0,1894.0,783.0 → 2032.0 → 782.0 → 784.0 → 2738.0 → 2737.0 → 2736.0 → 785.0 → 2031.0,9
5593.0,5602.0,17033.0 → 17035.0 → 17034.0 → 5616.0 → 17025.0 → 7140.0 → 5625.0 → 5624.0 → 17036.0,9
6710.0,6715.0,6672.0 → 6690.0 → 6686.0 → 6674.0 → 6683.0 → 6701.0 → 6684.0 → 6679.0 → 6678.0,9
7280.0,6933.0,18060.0 → 17970.0 → 17955.0 → 6932.0 → 17953.0 → 17817.0 → 17777.0 → 17984.0 → 17956.0,9
13696.0,7807.0,13628.0 → 11729.0 → 12139.0 → 13524.0 → 12471.0 → 12615.0 → 13138.0 → 12657.0 → 11922.0,9
1949.0,,2884.0 → 2883.0 → 2882.0 → 1948.0 → 2879.0 → 2004.0 → 3344.0 → 2881.0 → 3355.0,9
6669.0,8712.0,7819.0 → 7826.0 → 6660.0 → 6657.0 → 7811.0 → 7812.0 → 7809.0 → 17091.0 → 17089.0,9
6547.0,6554.0,6545.0 → 14776.0 → 14777.0 → 6537.0 → 6530.0 → 7745.0 → 6528.0 → 7736.0 → 14781.0,9
13885.0,13909.0,12576.0 → 11858.0 → 13254.0 → 13805.0 → 7725.0 → 13698.0 → 12925.0 → 13382.0 → 13256.0,9
357.0,358.0,361.0 → 2562.0 → 356.0 → 2965.0 → 2964.0 → 225.0 → 226.0 → 355.0 → 345.0,9
6159.0,6172.0,15177.0 → 15465.0 → 15466.0 → 15183.0 → 15456.0 → 15454.0 → 6156.0 → 6157.0 → 15461.0,9
13849.0,13946.0,11769.0 → 12168.0 → 12833.0 → 13699.0 → 13271.0 → 13502.0 → 13245.0 → 12303.0 → 12687.0,9
13949.0,13981.0,12775.0 → 13773.0 → 13744.0 → 13918.0 → 13574.0 → 12619.0 → 12819.0 → 13876.0 → 6343.0,9
13758.0,7751.0,12793.0 → 7762.0 → 11602.0 → 14092.0 → 12159.0 → 7763.0 → 12269.0 → 12316.0 → 12623.0,9
5943.0,5955.0,16263.0 → 16264.0 → 5926.0 → 16265.0 → 5915.0 → 16261.0 → 16259.0 → 16260.0 → 16262.0,9
7667.0,,7726.0 → 6480.0 → 7727.0 → 7735.0 → 14733.0 → 6495.0 → 14740.0 → 6485.0 → 6332.0,9
5716.0,5712.0,16962.0 → 16961.0 → 16907.0 → 5725.0 → 5739.0 → 5749.0 → 15805.0 → 5727.0 → 15804.0,9
7603.0,7420.0,6878.0 → 7584.0 → 7607.0 → 7612.0 → 15540.0 → 26907.0 → 6938.0 → 26906.0 → 26905.0,9
581.0,272.0,17550.0 → 17552.0 → 17547.0 → 578.0 → 214.0 → 17533.0 → 579.0 → 17545.0 → 17542.0,9
13812.0,,12906.0 → 12501.0 → 11711.0 → 13672.0 → 12056.0 → 13231.0 → 13498.0 → 12628.0 → 13369.0,9
3020.0,,17146.0 → 17197.0 → 17179.0 → 17196.0 → 1185.0 → 1191.0 → 17110.0 → 17144.0 → 17117.0,9
1942.0,2165.0,2154.0 → 2164.0 → 4416.0 → 1941.0 → 2163.0 → 2159.0 → 2908.0 → 2158.0 → 4415.0,9
5724.0,5723.0,5773.0 → 15835.0 → 15836.0 → 5776.0 → 15843.0 → 15844.0 → 5783.0 → 15838.0 → 15837.0,9
7146.0,7145.0,16899.0 → 16900.0 → 5662.0 → 16905.0 → 16949.0 → 7147.0 → 5647.0 → 5648.0 → 16947.0,9
13612.0,7759.0,11472.0 → 12091.0 → 12343.0 → 12739.0 → 13250.0 → 11501.0 → 11550.0 → 11598.0 → 12143.0,9
7265.0,6935.0,17730.0 → 17645.0 → 17879.0 → 17748.0 → 17811.0 → 17579.0 → 17969.0 → 18025.0 → 18007.0,9
6931.0,6930.0,7263.0 → 17848.0 → 17990.0 → 7264.0 → 17624.0 → 17746.0 → 17923.0 → 17708.0 → 17805.0,9
1857.0,549.0,548.0 → 552.0 → 4459.0 → 547.0 → 550.0 → 555.0 → 1807.0 → 545.0,8
1853.0,1858.0,526.0 → 542.0 → 534.0 → 538.0 → 17498.0 → 573.0 → 570.0 → 571.0,8
6297.0,,15650.0 → 15565.0 → 15566.0 → 15567.0 → 6314.0 → 6320.0 → 6319.0 → 6339.0,8
17.0,14.0,17306.0 → 9.0 → 17305.0 → 2177.0 → 17300.0 → 9521.0 → 93.0 → 941.0,8
469.0,471.0,467.0 → 895.0 → 189.0 → 458.0 → 463.0 → 876.0 → 892.0 → 2773.0,8
13788.0,,13323.0 → 13152.0 → 12773.0 → 13536.0 → 12650.0 → 13376.0 → 12642.0 → 12959.0,8
1308.0,96.0,164.0 → 192.0 → 195.0 → 173.0 → 165.0 → 187.0 → 175.0 → 176.0,8
13995.0,14027.0,11512.0 → 12132.0 → 12088.0 → 12337.0 → 13910.0 → 13813.0 → 13558.0 → 12556.0,8
13944.0,13994.0,13595.0 → 12580.0 → 13818.0 → 13024.0 → 7711.0 → 7718.0 → 13212.0 → 13719.0,8
6545.0,6547.0,14776.0 → 14777.0 → 6537.0 → 6530.0 → 7745.0 → 6528.0 → 7736.0 → 14781.0,8
6878.0,7603.0,7584.0 → 7607.0 → 7612.0 → 15540.0 → 26907.0 → 6938.0 → 26906.0 → 26905.0,8
5987.0,5988.0,5973.0 → 16016.0 → 5983.0 → 16041.0 → 16018.0 → 16017.0 → 16021.0 → 16020.0,8
6944.0,,6946.0 → 7349.0 → 7380.0 → 7358.0 → 7388.0 → 6945.0 → 7399.0 → 7398.0,8
2154.0,1942.0,2164.0 → 4416.0 → 1941.0 → 2163.0 → 2159.0 → 2908.0 → 2158.0 → 4415.0,8
783.0,686.0,2032.0 → 782.0 → 784.0 → 2738.0 → 2737.0 → 2736.0 → 785.0 → 2031.0,8
5697.0,5698.0,5681.0 → 5677.0 → 16858.0 → 16874.0 → 16872.0 → 16848.0 → 17008.0 → 16850.0,8
5766.0,5914.0,15947.0 → 15936.0 → 5799.0 → 5813.0 → 15944.0 → 15945.0 → 5844.0 → 15946.0,8
13541.0,,12787.0 → 12234.0 → 11637.0 → 13329.0 → 11528.0 → 12541.0 → 12612.0 → 12207.0,8
7284.0,,7283.0 → 7286.0 → 6236.0 → 14900.0 → 14899.0 → 6240.0 → 18224.0 → 14902.0,8
6929.0,7330.0,7339.0 → 17824.0 → 17604.0 → 17765.0 → 17973.0 → 7332.0 → 17845.0 → 7323.0,8
13628.0,13696.0,11729.0 → 12139.0 → 13524.0 → 12471.0 → 12615.0 → 13138.0 → 12657.0 → 11922.0,8
1148.0,,1152.0 → 1145.0 → 2627.0 → 1604.0 → 1606.0 → 1605.0 → 1608.0 → 1607.0,8
845.0,851.0,4216.0 → 4232.0 → 98.0 → 4525.0 → 107.0 → 4257.0 → 106.0 → 4247.0,8
19078.0,,19059.0 → 19058.0 → 19042.0 → 19057.0 → 19052.0 → 19041.0 → 19050.0 → 19048.0,8
5653.0,,5685.0 → 5740.0 → 15400.0 → 15401.0 → 5709.0 → 6150.0 → 5639.0 → 15397.0,8
5516.0,5495.0,15383.0 → 6737.0 → 6736.0 → 5525.0 → 5559.0 → 6734.0 → 6735.0 → 5557.0,8
5688.0,5703.0,16934.0 → 16892.0 → 5679.0 → 5683.0 → 16933.0 → 16890.0 → 16891.0 → 16927.0,8
13798.0,13985.0,12547.0 → 7687.0 → 7685.0 → 12880.0 → 13523.0 → 11458.0 → 11875.0 → 13279.0,8
7651.0,7658.0,7663.0 → 7717.0 → 7661.0 → 15707.0 → 7678.0 → 7882.0 → 7669.0 → 15709.0,8
10480.0,10446.0,10414.0 → 10592.0 → 10415.0 → 10410.0 → 10407.0 → 10417.0 → 10416.0 → 10406.0,8
16956.0,5646.0,17004.0 → 16843.0 → 5670.0 → 16878.0 → 5669.0 → 5656.0 → 5667.0 → 16877.0,8
7551.0,6967.0,7482.0 → 7556.0 → 7498.0 → 7507.0 → 7521.0 → 7547.0 → 7533.0 → 7534.0,8
7722.0,13857.0,12429.0 → 12804.0 → 12867.0 → 11812.0 → 12920.0 → 13000.0 → 13079.0 → 12495.0,8
6874.0,6897.0,7460.0 → 15550.0 → 15551.0 → 7898.0 → 26894.0 → 7899.0 → 7524.0 → 15547.0,8
17164.0,1180.0,1175.0 → 1178.0 → 17114.0 → 1174.0 → 1188.0 → 17161.0 → 17184.0 → 17155.0,8
59.0,31.0,490.0 → 472.0 → 486.0 → 476.0 → 928.0 → 2929.0 → 468.0 → 480.0,8
7731.0,,12838.0 → 13562.0 → 12362.0 → 12416.0 → 13204.0 → 11648.0 → 12040.0 → 12545.0,8
17146.0,3020.0,17197.0 → 17179.0 → 17196.0 → 1185.0 → 1191.0 → 17110.0 → 17144.0 → 17117.0,8
6835.0,6825.0,8485.0 → 9088.0 → 8484.0 → 8466.0 → 8460.0 → 8475.0 → 8458.0 → 8457.0,8
6129.0,,16331.0 → 16325.0 → 16340.0 → 16339.0 → 6086.0 → 6089.0 → 6078.0 → 6082.0,8
6658.0,6656.0,12473.0 → 13511.0 → 11684.0 → 12317.0 → 12640.0 → 11717.0 → 12973.0 → 12414.0,8
5526.0,5528.0,16526.0 → 5522.0 → 16533.0 → 16530.0 → 5520.0 → 16542.0 → 5517.0,7
808.0,805.0,804.0 → 794.0 → 793.0 → 796.0 → 1892.0 → 792.0 → 803.0,7
6286.0,,7376.0 → 7386.0 → 7426.0 → 7390.0 → 7375.0 → 6280.0 → 14872.0,7
6219.0,6901.0,7377.0 → 6268.0 → 7312.0 → 7238.0 → 7340.0 → 6281.0 → 7311.0,7
13622.0,13763.0,11799.0 → 11985.0 → 12413.0 → 12510.0 → 13304.0 → 11519.0 → 12971.0,7
2613.0,,2618.0 → 2878.0 → 2616.0 → 2877.0 → 3346.0 → 2876.0 → 2875.0,7
13408.0,14055.0,11750.0 → 11851.0 → 11928.0 → 13116.0 → 12573.0 → 11694.0 → 11782.0,7
6203.0,,15435.0 → 6193.0 → 7360.0 → 7253.0 → 7317.0 → 7274.0 → 15431.0,7
5701.0,5698.0,16854.0 → 16973.0 → 5711.0 → 16867.0 → 16840.0 → 16868.0 → 16863.0,7
774.0,1859.0,1620.0 → 1850.0 → 1836.0 → 1834.0 → 1826.0 → 1343.0 → 1344.0,7
684.0,1894.0,682.0 → 693.0 → 780.0 → 660.0 → 779.0 → 800.0 → 778.0,7
5708.0,5693.0,5733.0 → 15807.0 → 17002.0 → 17005.0 → 5744.0 → 17003.0 → 15808.0,7
13593.0,,11704.0 → 12044.0 → 12330.0 → 12520.0 → 13100.0 → 11939.0 → 12255.0,7
13553.0,7807.0,11733.0 → 13381.0 → 11663.0 → 11887.0 → 12161.0 → 12946.0 → 12051.0,7
2164.0,2154.0,4416.0 → 1941.0 → 2163.0 → 2159.0 → 2908.0 → 2158.0 → 4415.0,7
5574.0,5548.0,18999.0 → 19003.0 → 18991.0 → 18998.0 → 19004.0 → 15421.0 → 19000.0,7
5755.0,5752.0,15939.0 → 15940.0 → 5759.0 → 15941.0 → 5807.0 → 5812.0 → 5817.0,7
6690.0,6710.0,6686.0 → 6674.0 → 6683.0 → 6701.0 → 6684.0 → 6679.0 → 6678.0,7
517.0,773.0,518.0 → 519.0 → 520.0 → 516.0 → 521.0 → 1798.0 → 512.0,7
17384.0,569.0,17368.0 → 17382.0 → 557.0 → 17361.0 → 556.0 → 17347.0 → 17329.0,7
5967.0,6092.0,16364.0 → 16365.0 → 16368.0 → 5945.0 → 5894.0 → 5951.0 → 16366.0,7
13746.0,13946.0,13643.0 → 12522.0 → 13559.0 → 11868.0 → 12699.0 → 13056.0 → 11469.0,7
13750.0,13921.0,12402.0 → 12950.0 → 12597.0 → 7513.0 → 13222.0 → 11918.0 → 13221.0,7
18956.0,18957.0,18955.0 → 18954.0 → 18966.0 → 18953.0 → 18972.0 → 18971.0 → 18967.0,7
1632.0,1706.0,1635.0 → 1636.0 → 1631.0 → 1634.0 → 1630.0 → 1633.0 → 17062.0,7
16961.0,5716.0,16907.0 → 5725.0 → 5739.0 → 5749.0 → 15805.0 → 5727.0 → 15804.0,7
7301.0,6925.0,18034.0 → 17666.0 → 17659.0 → 17998.0 → 17586.0 → 17740.0 → 17904.0,7
12356.0,6431.0,13210.0 → 6451.0 → 13568.0 → 13567.0 → 13041.0 → 13847.0 → 13120.0,7
2883.0,1949.0,2882.0 → 1948.0 → 2879.0 → 2004.0 → 3344.0 → 2881.0 → 3355.0,7
7584.0,6878.0,7607.0 → 7612.0 → 15540.0 → 26907.0 → 6938.0 → 26906.0 → 26905.0,7
7460.0,6874.0,15550.0 → 15551.0 → 7898.0 → 26894.0 → 7899.0 → 7524.0 → 15547.0,7
7444.0,6301.0,6923.0 → 7435.0 → 6295.0 → 7415.0 → 7306.0 → 7417.0 → 6947.0,7
548.0,1857.0,552.0 → 4459.0 → 547.0 → 550.0 → 555.0 → 1807.0 → 545.0,7
6838.0,6706.0,8871.0 → 8863.0 → 8858.0 → 8862.0 → 8859.0 → 8867.0 → 8864.0,7
7800.0,7807.0,13118.0 → 13373.0 → 13268.0 → 11439.0 → 12110.0 → 12463.0 → 12451.0,7
7762.0,13758.0,11602.0 → 14092.0 → 12159.0 → 7763.0 → 12269.0 → 12316.0 → 12623.0,7
7802.0,7807.0,13627.0 → 12805.0 → 13160.0 → 12719.0 → 13168.0 → 12945.0 → 11649.0,7
18033.0,6149.0,15192.0 → 7224.0 → 15193.0 → 7180.0 → 7242.0 → 15195.0 → 7182.0,7
3233.0,3247.0,1009.0 → 1010.0 → 3230.0 → 3224.0 → 3223.0 → 3228.0 → 3226.0,7
17645.0,7265.0,17879.0 → 17748.0 → 17811.0 → 17579.0 → 17969.0 → 18025.0 → 18007.0,7
8455.0,,1342.0 → 1334.0 → 1332.0 → 1340.0 → 1337.0 → 1339.0 → 1330.0,7
6043.0,6045.0,6031.0 → 16092.0 → 16090.0 → 16089.0 → 16099.0 → 16096.0 → 16098.0,7
17734.0,17723.0,17975.0 → 17699.0 → 17622.0 → 17629.0 → 17686.0 → 17619.0 → 17869.0,7
1356.0,953.0,5225.0 → 5224.0 → 2945.0 → 17293.0 → 3112.0 → 3110.0 → 3109.0,7
330.0,,1423.0 → 2997.0 → 1473.0 → 2796.0 → 2795.0 → 2797.0 → 2798.0,7
5685.0,5653.0,5740.0 → 15400.0 → 15401.0 → 5709.0 → 6150.0 → 5639.0 → 15397.0,7
164.0,1308.0,192.0 → 195.0 → 173.0 → 165.0 → 187.0 → 175.0 → 176.0,7
5681.0,5697.0,5677.0 → 16858.0 → 16874.0 → 16872.0 → 16848.0 → 17008.0 → 16850.0,7
6590.0,7752.0,14663.0 → 14659.0 → 14662.0 → 7768.0 → 14654.0 → 14660.0 → 14661.0,7
134.0,,133.0 → 128.0 → 125.0 → 132.0 → 131.0 → 130.0,6
19187.0,19175.0,19208.0 → 19191.0 → 19192.0 → 19185.0 → 19184.0 → 19188.0,6
5677.0,5681.0,16858.0 → 16874.0 → 16872.0 → 16848.0 → 17008.0 → 16850.0,6
6426.0,13691.0,11530.0 → 12181.0 → 12815.0 → 12281.0 → 12921.0 → 12635.0,6
6660.0,6669.0,6657.0 → 7811.0 → 7812.0 → 7809.0 → 17091.0 → 17089.0,6
356.0,357.0,2965.0 → 2964.0 → 225.0 → 226.0 → 355.0 → 345.0,6
17975.0,17734.0,17699.0 → 17622.0 → 17629.0 → 17686.0 → 17619.0 → 17869.0,6
6074.0,6071.0,16104.0 → 16106.0 → 6068.0 → 16112.0 → 6058.0 → 16110.0,6
320.0,1041.0,309.0 → 302.0 → 1031.0 → 315.0 → 296.0 → 2904.0,6
1919.0,1920.0,3250.0 → 366.0 → 1013.0 → 3251.0 → 371.0 → 372.0,6
13562.0,7731.0,12362.0 → 12416.0 → 13204.0 → 11648.0 → 12040.0 → 12545.0,6
6049.0,6005.0,6060.0 → 6050.0 → 16058.0 → 16062.0 → 16059.0 → 16057.0,6
6048.0,6054.0,16083.0 → 6047.0 → 6015.0 → 16082.0 → 6039.0 → 16081.0,6
6828.0,6814.0,8552.0 → 8549.0 → 8529.0 → 8528.0 → 8544.0 → 8536.0,6
6821.0,6802.0,6823.0 → 8641.0 → 8639.0 → 6841.0 → 8645.0 → 8646.0,6
311.0,1041.0,301.0 → 1092.0 → 317.0 → 310.0 → 295.0 → 316.0,6
17990.0,6931.0,7264.0 → 17624.0 → 17746.0 → 17923.0 → 17708.0 → 17805.0,6
7832.0,,11611.0 → 11720.0 → 11807.0 → 12054.0 → 13025.0 → 12555.0,6
13906.0,13270.0,13454.0 → 13149.0 → 13344.0 → 13903.0 → 13819.0 → 12978.0,6
13292.0,,11475.0 → 11633.0 → 12098.0 → 12886.0 → 12155.0 → 12188.0,6
1703.0,,1702.0 → 1704.0 → 1705.0 → 17063.0 → 17064.0 → 1700.0,6
631.0,595.0,647.0 → 611.0 → 648.0 → 635.0 → 621.0 → 620.0,6
5920.0,5938.0,15903.0 → 5908.0 → 5898.0 → 5892.0 → 15904.0 → 15906.0,6
7281.0,6933.0,7273.0 → 17891.0 → 17729.0 → 7276.0 → 17851.0 → 17764.0,6
5501.0,5490.0,16444.0 → 5511.0 → 16431.0 → 16442.0 → 16428.0 → 16439.0,6
1145.0,1148.0,2627.0 → 1604.0 → 1606.0 → 1605.0 → 1608.0 → 1607.0,6
18955.0,18956.0,18954.0 → 18966.0 → 18953.0 → 18972.0 → 18971.0 → 18967.0,6
13703.0,,13624.0 → 13609.0 → 13501.0 → 13290.0 → 12383.0 → 12524.0,6
13720.0,13793.0,13674.0 → 13615.0 → 12914.0 → 12404.0 → 12975.0 → 13032.0,6
7286.0,7284.0,6236.0 → 14900.0 → 14899.0 → 6240.0 → 18224.0 → 14902.0,6
3096.0,,9093.0 → 9092.0 → 829.0 → 2610.0 → 3095.0 → 9091.0,6
7377.0,6219.0,6268.0 → 7312.0 → 7238.0 → 7340.0 → 6281.0 → 7311.0,6
19022.0,,19021.0 → 19038.0 → 19017.0 → 19033.0 → 19028.0 → 19027.0,6
5460.0,5492.0,15768.0 → 15771.0 → 5454.0 → 15764.0 → 15773.0 → 5475.0,6
7607.0,7584.0,7612.0 → 15540.0 → 26907.0 → 6938.0 → 26906.0 → 26905.0,6
7687.0,13798.0,7685.0 → 12880.0 → 13523.0 → 11458.0 → 11875.0 → 13279.0,6
3187.0,3188.0,3185.0 → 3184.0 → 3183.0 → 3182.0 → 3181.0 → 1908.0,6
1565.0,,1544.0 → 1546.0 → 1558.0 → 9795.0 → 9850.0 → 2420.0,6
1625.0,1706.0,1628.0 → 1627.0 → 1624.0 → 1626.0 → 1623.0 → 1622.0,6
6031.0,6043.0,16092.0 → 16090.0 → 16089.0 → 16099.0 → 16096.0 → 16098.0,6
13785.0,6913.0,12940.0 → 13671.0 → 12672.0 → 13114.0 → 12911.0 → 13180.0,6
6719.0,6715.0,6720.0 → 6724.0 → 6723.0 → 7843.0 → 6713.0 → 6708.0,6
6190.0,6202.0,6183.0 → 15488.0 → 15469.0 → 15472.0 → 6188.0 → 15474.0,6
13431.0,13583.0,11757.0 → 12058.0 → 12329.0 → 12986.0 → 11919.0 → 12082.0,6
13603.0,,12038.0 → 13363.0 → 11767.0 → 12559.0 → 11455.0 → 12694.0,6
1842.0,504.0,497.0 → 1833.0 → 505.0 → 1823.0 → 496.0 → 4453.0,6
13511.0,6658.0,11684.0 → 12317.0 → 12640.0 → 11717.0 → 12973.0 → 12414.0,6
5740.0,5685.0,15400.0 → 15401.0 → 5709.0 → 6150.0 → 5639.0 → 15397.0,6
13540.0,7807.0,12335.0 → 13302.0 → 11617.0 → 12052.0 → 12450.0 → 12654.0,6
13550.0,,12102.0 → 12890.0 → 11869.0 → 13272.0 → 12532.0 → 12858.0,6
5733.0,5708.0,15807.0 → 17002.0 → 17005.0 → 5744.0 → 17003.0 → 15808.0,6
6589.0,7752.0,6577.0 → 6555.0 → 6544.0 → 6535.0 → 14768.0 → 6531.0,6
1928.0,3117.0,3127.0 → 3130.0 → 1008.0 → 1007.0 → 1926.0 → 1006.0,6
9.0,17.0,17305.0 → 2177.0 → 17300.0 → 9521.0 → 93.0 → 941.0,6
11.0,4.0,18.0 → 85.0 → 81.0 → 2804.0 → 2174.0 → 1937.0,6
6308.0,,7309.0 → 18185.0 → 7369.0 → 7381.0 → 7427.0 → 7365.0,6
5662.0,7146.0,16905.0 → 16949.0 → 7147.0 → 5647.0 → 5648.0 → 16947.0,6
782.0,783.0,784.0 → 2738.0 → 2737.0 → 2736.0 → 785.0 → 2031.0,6
6686.0,6690.0,6674.0 → 6683.0 → 6701.0 → 6684.0 → 6679.0 → 6678.0,6
707.0,703.0,657.0 → 701.0 → 1311.0 → 775.0 → 665.0 → 777.0,6
5793.0,7161.0,16127.0 → 16126.0 → 16129.0 → 16131.0 → 16130.0 → 16128.0,6
13643.0,13746.0,12522.0 → 13559.0 → 11868.0 → 12699.0 → 13056.0 → 11469.0,6
6264.0,7347.0,14837.0 → 7296.0 → 7218.0 → 7292.0 → 18196.0 → 7325.0,6
5872.0,5860.0,15877.0 → 15861.0 → 15862.0 → 5868.0 → 15848.0 → 15849.0,6
16892.0,5688.0,5679.0 → 5683.0 → 16933.0 → 16890.0 → 16891.0 → 16927.0,6
6894.0,,6893.0 → 6891.0 → 7258.0 → 6143.0 → 6153.0 → 6892.0,6
6923.0,7444.0,7435.0 → 6295.0 → 7415.0 → 7306.0 → 7417.0 → 6947.0,6
2776.0,3211.0,2936.0 → 3207.0 → 3206.0 → 2963.0 → 3205.0 → 2935.0,6
13627.0,7802.0,12805.0 → 13160.0 → 12719.0 → 13168.0 → 12945.0 → 11649.0,6
6451.0,12356.0,13568.0 → 13567.0 → 13041.0 → 13847.0 → 13120.0,5
5679.0,16892.0,5683.0 → 16933.0 → 16890.0 → 16891.0 → 16927.0,5
6657.0,6660.0,7811.0 → 7812.0 → 7809.0 → 17091.0 → 17089.0,5
5691.0,5719.0,16470.0 → 5680.0 → 7156.0 → 5673.0 → 16465.0,5
6659.0,,9036.0 → 14815.0 → 9035.0 → 14821.0 → 9037.0,5
6537.0,6545.0,6530.0 → 7745.0 → 6528.0 → 7736.0 → 14781.0,5
6236.0,7286.0,14900.0 → 14899.0 → 6240.0 → 18224.0 → 14902.0,5
1291.0,,1300.0 → 1290.0 → 1269.0 → 1266.0 → 2985.0,5
17626.0,7330.0,17822.0 → 17652.0 → 17731.0 → 7346.0 → 17775.0,5
6823.0,6821.0,8641.0 → 8639.0 → 6841.0 → 8645.0 → 8646.0,5
6060.0,6049.0,6050.0 → 16058.0 → 16062.0 → 16059.0 → 16057.0,5
8484.0,6835.0,8466.0 → 8460.0 → 8475.0 → 8458.0 → 8457.0,5
8552.0,6828.0,8549.0 → 8529.0 → 8528.0 → 8544.0 → 8536.0,5
8681.0,6802.0,8683.0 → 8686.0 → 6865.0 → 14476.0 → 8690.0,5
6144.0,,10533.0 → 10539.0 → 10537.0 → 10397.0 → 10398.0,5
301.0,311.0,1092.0 → 317.0 → 310.0 → 295.0 → 316.0,5
13565.0,7765.0,12230.0 → 12377.0 → 12704.0 → 13040.0 → 12610.0,5
1334.0,8455.0,1332.0 → 1340.0 → 1337.0 → 1339.0 → 1330.0,5
7797.0,13690.0,11556.0 → 12830.0 → 11447.0 → 11793.0 → 11944.0,5
4291.0,,4294.0 → 4298.0 → 2785.0 → 4300.0 → 4318.0,5
13918.0,13949.0,13574.0 → 12619.0 → 12819.0 → 13876.0 → 6343.0,5
6131.0,,16336.0 → 6113.0 → 16334.0 → 16335.0 → 6106.0,5
1850.0,774.0,1836.0 → 1834.0 → 1826.0 → 1343.0 → 1344.0,5
6042.0,,15250.0 → 15260.0 → 15258.0 → 15259.0 → 15254.0,5
3169.0,3171.0,2941.0 → 3166.0 → 3164.0 → 3163.0 → 3162.0,5
10528.0,6152.0,10429.0 → 10526.0 → 10431.0 → 10422.0 → 10531.0,5
3025.0,272.0,576.0 → 17521.0 → 574.0 → 17518.0 → 17517.0,5
5983.0,5987.0,16041.0 → 16018.0 → 16017.0 → 16021.0 → 16020.0,5
6007.0,6030.0,16077.0 → 16086.0 → 5996.0 → 16076.0 → 5991.0,5
7661.0,7651.0,15707.0 → 7678.0 → 7882.0 → 7669.0 → 15709.0,5
5972.0,,16269.0 → 16270.0 → 5954.0 → 16267.0 → 16268.0,5
6837.0,,8925.0 → 8924.0 → 8929.0 → 8926.0 → 8927.0,5
497.0,1842.0,1833.0 → 505.0 → 1823.0 → 496.0 → 4453.0,5
6845.0,6815.0,6866.0 → 8675.0 → 8661.0 → 8659.0 → 8672.0,5
6193.0,6203.0,7360.0 → 7253.0 → 7317.0 → 7274.0 → 15431.0,5
3245.0,3247.0,3243.0 → 3241.0 → 3237.0 → 3235.0 → 3239.0,5
17666.0,7301.0,17659.0 → 17998.0 → 17586.0 → 17740.0 → 17904.0,5
6183.0,6190.0,15488.0 → 15469.0 → 15472.0 → 6188.0 → 15474.0,5
5838.0,5901.0,15893.0 → 15894.0 → 5792.0 → 5846.0 → 5839.0,5
5849.0,5914.0,5853.0 → 5847.0 → 15955.0 → 5857.0 → 5871.0,5
7224.0,18033.0,15193.0 → 7180.0 → 7242.0 → 15195.0 → 7182.0,5
5929.0,5975.0,15909.0 → 15910.0 → 5893.0 → 15911.0 → 15908.0,5
5922.0,5953.0,15919.0 → 15918.0 → 5911.0 → 15915.0 → 15917.0,5
5921.0,5927.0,5939.0 → 5936.0 → 15974.0 → 5952.0 → 15972.0,5
13677.0,13833.0,12664.0 → 12951.0 → 12785.0 → 13228.0 → 12666.0,5
13674.0,13720.0,13615.0 → 12914.0 → 12404.0 → 12975.0 → 13032.0,5
242.0,239.0,240.0 → 257.0 → 832.0 → 1664.0 → 1671.0,5
13672.0,13812.0,12056.0 → 13231.0 → 13498.0 → 12628.0 → 13369.0,5
246.0,239.0,249.0 → 248.0 → 245.0 → 247.0 → 244.0,5
5476.0,5401.0,15385.0 → 6743.0 → 6742.0 → 6741.0 → 5561.0,5
7302.0,6925.0,17675.0 → 17635.0 → 18065.0 → 7287.0 → 7288.0,5
7294.0,,6214.0 → 7350.0 → 6213.0 → 7342.0 → 7600.0,5
17131.0,1180.0,17134.0 → 17130.0 → 17127.0 → 17126.0 → 1179.0,5
19021.0,19022.0,19038.0 → 19017.0 → 19033.0 → 19028.0 → 19027.0,5
13713.0,13877.0,12909.0 → 13503.0 → 12235.0 → 13257.0 → 12349.0,5
13699.0,13849.0,13271.0 → 13502.0 → 13245.0 → 12303.0 → 12687.0,5
2997.0,330.0,1473.0 → 2796.0 → 2795.0 → 2797.0 → 2798.0,5
5904.0,,16182.0 → 5900.0 → 16184.0 → 16185.0 → 16187.0,5
14059.0,13270.0,12341.0 → 13005.0 → 13970.0 → 14058.0 → 13694.0,5
1496.0,,9679.0 → 1499.0 → 1492.0 → 9652.0 → 1494.0,5
7692.0,13963.0,13742.0 → 13658.0 → 13561.0 → 11664.0 → 13054.0,5
7690.0,13963.0,13631.0 → 13002.0 → 13052.0 → 13150.0 → 13695.0,5
10415.0,10480.0,10410.0 → 10407.0 → 10417.0 → 10416.0 → 10406.0,5
9973.0,,9966.0 → 9954.0 → 9953.0 → 9943.0 → 9944.0,5
13805.0,13885.0,7725.0 → 13698.0 → 12925.0 → 13382.0 → 13256.0,5
3161.0,3171.0,3160.0 → 3157.0 → 3155.0 → 1905.0 → 3154.0,5
7612.0,7607.0,15540.0 → 26907.0 → 6938.0 → 26906.0 → 26905.0,5
13263.0,7807.0,12157.0 → 12444.0 → 12634.0 → 11591.0 → 11825.0,5
1697.0,858.0,95.0 → 213.0 → 200.0 → 2147.0 → 202.0,5
1702.0,1703.0,1704.0 → 1705.0 → 17063.0 → 17064.0 → 1700.0,5
13624.0,13703.0,13609.0 → 13501.0 → 13290.0 → 12383.0 → 12524.0,5
5573.0,5571.0,16764.0 → 16763.0 → 5575.0 → 16768.0 → 16767.0,5
6932.0,7280.0,17953.0 → 17817.0 → 17777.0 → 17984.0 → 17956.0,5
5776.0,5724.0,15843.0 → 15844.0 → 5783.0 → 15838.0 → 15837.0,5
647.0,631.0,611.0 → 648.0 → 635.0 → 621.0 → 620.0,5
13381.0,13553.0,11663.0 → 11887.0 → 12161.0 → 12946.0 → 12051.0,5
13454.0,13906.0,13149.0 → 13344.0 → 13903.0 → 13819.0 → 12978.0,5
13447.0,13845.0,11962.0 → 13266.0 → 11905.0 → 12213.0 → 12525.0,5
13373.0,7800.0,13268.0 → 11439.0 → 12110.0 → 12463.0 → 12451.0,5
13440.0,7807.0,11568.0 → 11620.0 → 12831.0 → 12896.0 → 12146.0,5
6893.0,6894.0,6891.0 → 7258.0 → 6143.0 → 6153.0 → 6892.0,5
5897.0,,16245.0 → 5890.0 → 5864.0 → 16243.0 → 16242.0,5
1642.0,1638.0,1351.0 → 1350.0 → 1349.0 → 1354.0 → 1353.0,5
5632.0,5547.0,15418.0 → 15417.0 → 6763.0 → 6764.0 → 6762.0,5
5725.0,16961.0,5739.0 → 5749.0 → 15805.0 → 5727.0 → 15804.0,5
13524.0,13628.0,12471.0 → 12615.0 → 13138.0 → 12657.0 → 11922.0,5
6959.0,6961.0,6970.0 → 6969.0 → 6958.0 → 7017.0 → 7016.0,5
5616.0,5593.0,17025.0 → 7140.0 → 5625.0 → 5624.0 → 17036.0,5
670.0,703.0,4449.0 → 293.0 → 1324.0 → 290.0 → 1321.0,5
5637.0,5642.0,16898.0 → 5635.0 → 5655.0 → 16845.0 → 16857.0,5
13537.0,7807.0,11920.0 → 12185.0 → 12685.0 → 12762.0 → 11686.0,5
1832.0,502.0,495.0 → 1825.0 → 500.0 → 4450.0 → 498.0,5
5649.0,5642.0,16931.0 → 17000.0 → 16938.0 → 16885.0 → 16883.0,5
5670.0,16956.0,16878.0 → 5669.0 → 5656.0 → 5667.0 → 16877.0,5
1931.0,1935.0,1930.0 → 3144.0 → 3140.0 → 3143.0 → 3142.0,5
19042.0,19078.0,19057.0 → 19052.0 → 19041.0 → 19050.0 → 19048.0,5
5672.0,,17050.0 → 17049.0 → 5675.0 → 7153.0 → 17041.0,5
1941.0,2164.0,2163.0 → 2159.0 → 2908.0 → 2158.0 → 4415.0,5
133.0,134.0,128.0 → 125.0 → 132.0 → 131.0 → 130.0,5
1948.0,2883.0,2879.0 → 2004.0 → 3344.0 → 2881.0 → 3355.0,5
6577.0,6589.0,6555.0 → 6544.0 → 6535.0 → 14768.0 → 6531.0,5
18.0,11.0,85.0 → 81.0 → 2804.0 → 2174.0 → 1937.0,5
24921.0,,24928.0 → 6732.0 → 6730.0 → 6731.0,4
557.0,17384.0,17361.0 → 556.0 → 17347.0 → 17329.0,4
5908.0,5920.0,5898.0 → 5892.0 → 15904.0 → 15906.0,4
3105.0,1970.0,3103.0 → 3101.0 → 3100.0 → 3099.0,4
5915.0,5943.0,16261.0 → 16259.0 → 16260.0 → 16262.0,4
5974.0,5963.0,15987.0 → 5970.0 → 5980.0 → 15986.0,4
5939.0,5921.0,5936.0 → 15974.0 → 5952.0 → 15972.0,4
5949.0,,2703.0 → 2702.0 → 2705.0 → 2493.0,4
576.0,3025.0,17521.0 → 574.0 → 17518.0 → 17517.0,4
603.0,636.0,2806.0 → 640.0 → 2812.0 → 622.0,4
605.0,636.0,2813.0 → 2852.0 → 629.0 → 604.0,4
13536.0,13788.0,12650.0 → 13376.0 → 12642.0 → 12959.0,4
7269.0,,7247.0 → 17650.0 → 18068.0 → 17714.0,4
5510.0,5494.0,16588.0 → 5531.0 → 16596.0 → 5542.0,4
5511.0,5501.0,16431.0 → 16442.0 → 16428.0 → 16439.0,4
5514.0,5494.0,16586.0 → 16581.0 → 16584.0 → 16560.0,4
5499.0,,15784.0 → 5489.0 → 15780.0 → 5482.0,4
7272.0,,17585.0 → 17712.0 → 18032.0 → 17744.0,4
1185.0,17146.0,1191.0 → 17110.0 → 17144.0 → 17117.0,4
13577.0,13951.0,12407.0 → 13289.0 → 12561.0 → 12587.0,4
6282.0,,6279.0 → 6277.0 → 6273.0 → 6950.0,4
6295.0,6923.0,7415.0 → 7306.0 → 7417.0 → 6947.0,4
236.0,235.0,2036.0 → 2977.0 → 3021.0 → 1744.0,4
1836.0,1850.0,1834.0 → 1826.0 → 1343.0 → 1344.0,4
13609.0,13624.0,13501.0 → 13290.0 → 12383.0 → 12524.0,4
6683.0,6686.0,6701.0 → 6684.0 → 6679.0 → 6678.0,4
5896.0,5927.0,5887.0 → 15976.0 → 15971.0 → 5899.0,4
5993.0,5990.0,16036.0 → 16038.0 → 16033.0 → 16035.0,4
6848.0,6802.0,6853.0 → 14465.0 → 8694.0 → 8695.0,4
6852.0,8999.0,9001.0 → 8983.0 → 8972.0 → 8975.0,4
6866.0,6845.0,8675.0 → 8661.0 → 8659.0 → 8672.0,4
5960.0,5963.0,15995.0 → 5942.0 → 15996.0 → 5946.0,4
10549.0,,10390.0 → 10382.0 → 10387.0 → 10392.0,4
1631.0,1632.0,1634.0 → 1630.0 → 1633.0 → 17062.0,4
1611.0,1938.0,1613.0 → 1610.0 → 1612.0 → 1609.0,4
13742.0,7692.0,13658.0 → 13561.0 → 11664.0 → 13054.0,4
5525.0,5516.0,5559.0 → 6734.0 → 6735.0 → 5557.0,4
7243.0,,17653.0 → 17910.0 → 17683.0 → 17858.0,4
1077.0,,140.0 → 139.0 → 1030.0 → 138.0,4
5418.0,,24930.0 → 2579.0 → 2583.0 → 6784.0,4
13615.0,13674.0,12914.0 → 12404.0 → 12975.0 → 13032.0,4
2177.0,9.0,17300.0 → 9521.0 → 93.0 → 941.0,4
1833.0,497.0,505.0 → 1823.0 → 496.0 → 4453.0,4
19038.0,19021.0,19017.0 → 19033.0 → 19028.0 → 19027.0,4
5424.0,5439.0,5417.0 → 5423.0 → 16401.0 → 16402.0,4
3178.0,3179.0,3177.0 → 3175.0 → 2957.0 → 3174.0,4
5869.0,7161.0,16153.0 → 16151.0 → 16149.0 → 16150.0,4
12993.0,7807.0,11546.0 → 11662.0 → 11754.0 → 12260.0,4
17622.0,17975.0,17629.0 → 17686.0 → 17619.0 → 17869.0,4
5848.0,5901.0,15927.0 → 5840.0 → 15926.0 → 15928.0,4
5820.0,5818.0,5843.0 → 15817.0 → 15818.0 → 15819.0,4
5826.0,,16174.0 → 16171.0 → 16172.0 → 16173.0,4
5402.0,,6748.0 → 24920.0 → 6747.0 → 5467.0,4
7620.0,,7543.0 → 7606.0 → 7552.0 → 7548.0,4
7631.0,6392.0,14069.0 → 7670.0 → 13420.0 → 6415.0,4
6263.0,,6271.0 → 6285.0 → 6292.0 → 7455.0,4
13363.0,13603.0,11767.0 → 12559.0 → 11455.0 → 12694.0,4
13378.0,,12289.0 → 12262.0 → 12367.0 → 12351.0,4
15250.0,6042.0,15260.0 → 15258.0 → 15259.0 → 15254.0,4
5578.0,,7137.0 → 5595.0 → 5613.0 → 5627.0,4
5572.0,,16447.0 → 16448.0 → 5564.0 → 5554.0,4
1487.0,,1486.0 → 1490.0 → 1485.0 → 17199.0,4
6050.0,6060.0,16058.0 → 16062.0 → 16059.0 → 16057.0,4
6819.0,,6860.0 → 8815.0 → 6855.0 → 8806.0,4
12947.0,6429.0,13723.0 → 13475.0 → 13093.0 → 14052.0,4
3207.0,2776.0,3206.0 → 2963.0 → 3205.0 → 2935.0,4
9059.0,,9061.0 → 9058.0 → 9056.0 → 9062.0,4
5811.0,,5795.0 → 5779.0 → 5777.0 → 16227.0,4
5814.0,5809.0,5828.0 → 15860.0 → 15857.0 → 15858.0,4
13867.0,6406.0,13443.0 → 13741.0 → 13411.0 → 12560.0,4
13268.0,13373.0,11439.0 → 12110.0 → 12463.0 → 12451.0,4
13276.0,,11521.0 → 11618.0 → 12138.0 → 12148.0,4
2758.0,,2711.0 → 2709.0 → 2712.0 → 2756.0,4
489.0,1967.0,223.0 → 180.0 → 183.0 → 332.0,4
8706.0,6794.0,8703.0 → 8707.0 → 8704.0 → 8705.0,4
13829.0,13950.0,13757.0 → 13601.0 → 13486.0 → 12900.0,4
6126.0,,16308.0 → 6110.0 → 16310.0 → 16311.0,4
13671.0,13785.0,12672.0 → 13114.0 → 12911.0 → 13180.0,4
5761.0,5758.0,5767.0 → 15842.0 → 15839.0 → 15840.0,4
5739.0,5725.0,5749.0 → 15805.0 → 5727.0 → 15804.0,4
13917.0,14007.0,13707.0 → 13499.0 → 11923.0 → 13820.0,4
1415.0,,2251.0 → 1417.0 → 1416.0 → 1414.0,4
7898.0,7460.0,26894.0 → 7899.0 → 7524.0 → 15547.0,4
7725.0,13805.0,13698.0 → 12925.0 → 13382.0 → 13256.0,4
7767.0,7765.0,13569.0 → 12484.0 → 12902.0 → 12539.0,4
13302.0,13540.0,11617.0 → 12052.0 → 12450.0 → 12654.0,4
13329.0,13541.0,11528.0 → 12541.0 → 12612.0 → 12207.0,4
13638.0,7734.0,11496.0 → 13311.0 → 11772.0 → 12660.0,4
13653.0,,12529.0 → 13508.0 → 12933.0 → 12528.0,4
13250.0,13612.0,11501.0 → 11550.0 → 11598.0 → 12143.0,4
18185.0,6308.0,7369.0 → 7381.0 → 7427.0 → 7365.0,4
7695.0,13963.0,12208.0 → 12268.0 → 12365.0 → 13170.0,4
6946.0,6944.0,7349.0 → 7380.0 → 7358.0 → 7388.0,4
7824.0,13839.0,12686.0 → 12824.0 → 12319.0 → 11864.0,4
13235.0,13878.0,12001.0 → 12134.0 → 12753.0 → 11843.0,4
302.0,320.0,1031.0 → 315.0 → 296.0 → 2904.0,4
13124.0,13839.0,11612.0 → 11658.0 → 11865.0 → 12261.0,4
715.0,281.0,190.0 → 696.0 → 817.0 → 699.0,4
5711.0,5701.0,16867.0 → 16840.0 → 16868.0 → 16863.0,4
1332.0,1334.0,1340.0 → 1337.0 → 1339.0 → 1330.0,4
7048.0,5447.0,16511.0 → 16510.0 → 5459.0 → 5443.0,4
278.0,4436.0,4426.0 → 277.0 → 4425.0 → 274.0,4
13186.0,7807.0,11497.0 → 11599.0 → 11761.0 → 12033.0,4
13188.0,13913.0,11545.0 → 11725.0 → 12293.0 → 12370.0,4
83.0,4.0,5066.0 → 79.0 → 75.0 → 73.0,4
95.0,1697.0,213.0 → 200.0 → 2147.0 → 202.0,4
1966.0,,137.0 → 145.0 → 136.0 → 135.0,4
6530.0,6537.0,7745.0 → 6528.0 → 7736.0 → 14781.0,4
538.0,1853.0,17498.0 → 573.0 → 570.0 → 571.0,4
547.0,548.0,550.0 → 555.0 → 1807.0 → 545.0,4
5932.0,5948.0,16054.0 → 16053.0 → 16051.0 → 16052.0,4
13705.0,,12966.0 → 13570.0 → 13241.0 → 12932.0,4
13708.0,13993.0,12089.0 → 13117.0 → 13169.0 → 13014.0,4
1930.0,1931.0,3144.0 → 3140.0 → 3143.0 → 3142.0,4
1939.0,1938.0,2630.0 → 1990.0 → 1618.0 → 1617.0,4
1891.0,805.0,8031.0 → 797.0 → 1327.0 → 1328.0,4
13559.0,13643.0,11868.0 → 12699.0 → 13056.0 → 11469.0,4
1984.0,,2867.0 → 2865.0 → 2864.0 → 2863.0,4
13573.0,7765.0,11994.0 → 12462.0 → 12534.0 → 12779.0,4
24930.0,5418.0,2579.0 → 2583.0 → 6784.0,3
15594.0,,15595.0 → 7839.0 → 7841.0,3
7308.0,,6951.0 → 6276.0 → 6953.0,3
5481.0,7050.0,5480.0 → 5488.0 → 16425.0,3
5477.0,5456.0,16405.0 → 5474.0 → 16426.0,3
5454.0,5460.0,15764.0 → 15773.0 → 5475.0,3
1188.0,17164.0,17161.0 → 17184.0 → 17155.0,3
1825.0,1832.0,500.0 → 4450.0 → 498.0,3
1943.0,,2130.0 → 2893.0 → 1198.0,3
1971.0,,2161.0 → 2013.0 → 2156.0,3
5900.0,5904.0,16184.0 → 16185.0 → 16187.0,3
5936.0,5939.0,15974.0 → 5952.0 → 15972.0,3
13569.0,7767.0,12484.0 → 12902.0 → 12539.0,3
7277.0,6321.0,7279.0 → 7275.0 → 7278.0,3
19159.0,19163.0,15138.0 → 15376.0 → 15139.0,3
19140.0,19163.0,19139.0 → 19138.0 → 19149.0,3
6544.0,6577.0,6535.0 → 14768.0 → 6531.0,3
928.0,59.0,2929.0 → 468.0 → 480.0,3
5645.0,,5659.0 → 17044.0 → 17048.0,3
7121.0,,7120.0 → 7118.0 → 7851.0,3
5660.0,5550.0,6751.0 → 15414.0 → 6752.0,3
13204.0,13562.0,11648.0 → 12040.0 → 12545.0,3
6138.0,,6136.0 → 16341.0 → 6137.0,3
6134.0,6149.0,15191.0 → 7214.0 → 7212.0,3
6132.0,,16329.0 → 16328.0 → 16327.0,3
6720.0,6719.0,6724.0 → 6723.0 → 7843.0,3
7788.0,7759.0,11509.0 → 12852.0 → 11667.0,3
7775.0,7807.0,12021.0 → 12521.0 → 12224.0,3
7773.0,7807.0,12826.0 → 13107.0 → 12479.0,3
7772.0,7807.0,11959.0 → 12969.0 → 11871.0,3
13137.0,7807.0,11821.0 → 12029.0 → 12070.0,3
13122.0,13817.0,11743.0 → 11699.0 → 12012.0,3
13116.0,13408.0,12573.0 → 11694.0 → 11782.0,3
6116.0,,16298.0 → 16299.0 → 16300.0,3
312.0,,303.0 → 298.0 → 323.0,3
13631.0,7690.0,13002.0 → 13052.0 → 13150.0,3
796.0,808.0,1892.0 → 792.0 → 803.0,3
840.0,851.0,4522.0 → 2969.0 → 4236.0,3
16018.0,5983.0,16017.0 → 16021.0 → 16020.0,3
18917.0,18898.0,18916.0 → 18921.0 → 18915.0,3
13658.0,13742.0,13561.0 → 11664.0 → 13054.0,3
13651.0,,13258.0 → 13412.0 → 13246.0,3
933.0,45.0,2151.0 → 931.0 → 33.0,3
7763.0,7762.0,12269.0 → 12316.0 → 12623.0,3
8031.0,1891.0,797.0 → 1327.0 → 1328.0,3
13910.0,13995.0,13813.0 → 13558.0 → 12556.0,3
5721.0,5723.0,7169.0 → 5726.0 → 5715.0,3
5769.0,,17060.0 → 1711.0 → 5706.0,3
5767.0,5761.0,15842.0 → 15839.0 → 15840.0,3
5751.0,5752.0,5741.0 → 15937.0 → 15938.0,3
5749.0,5739.0,15805.0 → 5727.0 → 15804.0,3
6104.0,,6095.0 → 6067.0 → 16306.0,3
6102.0,,6097.0 → 16304.0 → 6080.0,3
6086.0,6129.0,6089.0 → 6078.0 → 6082.0,3
337.0,358.0,338.0 → 336.0 → 335.0,3
5796.0,5805.0,15854.0 → 5794.0 → 15856.0,3
5795.0,5811.0,5779.0 → 5777.0 → 16227.0,3
8675.0,6866.0,8661.0 → 8659.0 → 8672.0,3
8918.0,,8910.0 → 8912.0 → 8914.0,3
17746.0,17990.0,17923.0 → 17708.0 → 17805.0,3
474.0,156.0,457.0 → 904.0 → 2182.0,3
13017.0,6656.0,11491.0 → 12193.0 → 12215.0,3
13011.0,,12860.0 → 12468.0 → 11979.0,3
2796.0,2997.0,2795.0 → 2797.0 → 2798.0,3
2771.0,,2021.0 → 1896.0 → 1897.0,3
5635.0,5637.0,5655.0 → 16845.0 → 16857.0,3
5630.0,5654.0,7142.0 → 16455.0 → 5623.0,3
5629.0,5654.0,16463.0 → 16457.0 → 16458.0,3
5626.0,5618.0,16710.0 → 16783.0 → 16790.0,3
13277.0,7759.0,12150.0 → 12252.0 → 12446.0,3
13266.0,13447.0,11905.0 → 12213.0 → 12525.0,3
6198.0,6202.0,15502.0 → 15501.0 → 6196.0,3
6242.0,,6261.0 → 6253.0 → 7473.0,3
257.0,242.0,832.0 → 1664.0 → 1671.0,3
5622.0,5618.0,16723.0 → 16705.0 → 16810.0,3
4439.0,692.0,283.0 → 282.0 → 4437.0,3
7713.0,14044.0,13969.0 → 6941.0 → 7729.0,3
7711.0,13944.0,7718.0 → 13212.0 → 13719.0,3
7697.0,13963.0,13605.0 → 12489.0 → 13354.0,3
3241.0,3245.0,3237.0 → 3235.0 → 3239.0,3
1465.0,,1479.0 → 328.0 → 2780.0,3
660.0,684.0,779.0 → 800.0 → 778.0,3
5816.0,5818.0,15830.0 → 5850.0 → 15820.0,3
6068.0,6074.0,16112.0 → 6058.0 → 16110.0,3
17824.0,6929.0,17604.0 → 17765.0 → 17973.0,3
13795.0,13921.0,13716.0 → 13436.0 → 11554.0,3
7219.0,,7609.0 → 7601.0 → 7602.0,3
5598.0,5585.0,16626.0 → 16623.0 → 16624.0,3
6222.0,6225.0,7363.0 → 7372.0 → 7314.0,3
6271.0,6263.0,6285.0 → 6292.0 → 7455.0,3
7581.0,,7313.0 → 7373.0 → 18216.0,3
5608.0,5618.0,16729.0 → 16733.0 → 16726.0,3
5607.0,,5638.0 → 17040.0 → 17039.0,3
5801.0,5914.0,15951.0 → 15952.0 → 15953.0,3
5832.0,,17067.0 → 2685.0 → 17069.0,3
5828.0,5814.0,15860.0 → 15857.0 → 15858.0,3
5822.0,5806.0,5837.0 → 15812.0 → 15814.0,3
5821.0,5824.0,7174.0 → 7173.0 → 5800.0,3
463.0,469.0,876.0 → 892.0 → 2773.0,3
12976.0,7807.0,11578.0 → 11738.0 → 11884.0,3
3194.0,3202.0,3193.0 → 3191.0 → 3190.0,3
9954.0,9973.0,9953.0 → 9943.0 → 9944.0,3
5843.0,5820.0,15817.0 → 15818.0 → 15819.0,3
5876.0,,15219.0 → 15220.0 → 15221.0,3
5874.0,5914.0,5859.0 → 5836.0 → 5819.0,3
5873.0,5901.0,5865.0 → 5852.0 → 5841.0,3
12830.0,7797.0,11447.0 → 11793.0 → 11944.0,3
5998.0,,15187.0 → 15188.0 → 5966.0,3
6036.0,6030.0,6038.0 → 6020.0 → 16074.0,3
492.0,502.0,1806.0 → 4452.0 → 494.0,3
17568.0,,15145.0 → 15146.0 → 17573.0,3
17464.0,17469.0,17453.0 → 17444.0 → 17449.0,3
516.0,517.0,521.0 → 1798.0 → 512.0,3
6033.0,,10047.0 → 10046.0 → 7177.0,3
6028.0,6054.0,16069.0 → 6012.0 → 6002.0,3
6026.0,6005.0,16004.0 → 16002.0 → 16003.0,3
10500.0,,10403.0 → 10400.0 → 10401.0,3
3177.0,3178.0,3175.0 → 2957.0 → 3174.0,3
7513.0,13750.0,13222.0 → 11918.0 → 13221.0,3
5426.0,,16481.0 → 5438.0 → 16479.0,3
1834.0,1836.0,1826.0 → 1343.0 → 1344.0,3
13491.0,7807.0,11706.0 → 11914.0 → 12702.0,3
2036.0,236.0,2977.0 → 3021.0 → 1744.0,3
2159.0,1941.0,2908.0 → 2158.0 → 4415.0,3
13617.0,13999.0,12998.0 → 7781.0 → 13209.0,3
13757.0,13829.0,13601.0 → 13486.0 → 12900.0,3
10563.0,,10561.0 → 10560.0 → 10562.0,3
6853.0,6848.0,14465.0 → 8694.0 → 8695.0,3
5976.0,6092.0,5977.0 → 5979.0 → 16367.0,3
3144.0,1930.0,3140.0 → 3143.0 → 3142.0,3
5898.0,5908.0,5892.0 → 15904.0 → 15906.0,3
144.0,,143.0 → 142.0 → 141.0,3
19168.0,,19205.0 → 19206.0 → 19204.0,3
6331.0,,7595.0 → 7554.0 → 7574.0,3
6324.0,,7540.0 → 18180.0 → 7596.0,3
7410.0,,7404.0 → 18215.0 → 7282.0,3
7407.0,7347.0,7324.0 → 7307.0 → 7304.0,3
7390.0,6286.0,7375.0 → 6280.0 → 14872.0,3
7349.0,6946.0,7380.0 → 7358.0 → 7388.0,3
7543.0,7620.0,7606.0 → 7552.0 → 7548.0,3
1168.0,,1158.0 → 1159.0 → 1163.0,3
5515.0,5490.0,16443.0 → 16436.0 → 16434.0,3
7247.0,7269.0,17650.0 → 18068.0 → 17714.0,3
13554.0,13857.0,13393.0 → 12275.0 → 13037.0,3
13523.0,7687.0,11458.0 → 11875.0 → 13279.0,3
13503.0,13713.0,12235.0 → 13257.0 → 12349.0,3
13502.0,13699.0,13245.0 → 12303.0 → 12687.0,3
13501.0,13609.0,13290.0 → 12383.0 → 12524.0,3
5890.0,5897.0,5864.0 → 16243.0 → 16242.0,3
17130.0,17131.0,17127.0 → 17126.0 → 1179.0,3
5887.0,5896.0,15976.0 → 15971.0 → 5899.0,3
13698.0,7725.0,12925.0 → 13382.0 → 13256.0,3
5902.0,5938.0,15900.0 → 15899.0 → 15898.0,3
1624.0,1625.0,1626.0 → 1623.0 → 1622.0,3
26907.0,7612.0,6938.0 → 26906.0 → 26905.0,3
24928.0,24921.0,6732.0 → 6730.0 → 6731.0,3
24929.0,,6780.0 → 6781.0 → 6782.0,3
26817.0,,26815.0 → 26816.0,2
1806.0,492.0,4452.0 → 494.0,2
13561.0,13658.0,11664.0 → 13054.0,2
1889.0,2747.0,809.0 → 791.0,2
1973.0,,2169.0 → 2170.0,2
5502.0,5496.0,16519.0 → 5497.0,2
5489.0,5499.0,15780.0 → 5482.0,2
5522.0,5526.0,16533.0 → 16530.0,2
5520.0,5526.0,16542.0 → 5517.0,2
5513.0,,5500.0 → 15782.0,2
1099.0,,1128.0 → 1062.0,2
13529.0,7807.0,7796.0 → 12546.0,2
13517.0,,12589.0 → 12875.0,2
13508.0,13653.0,12933.0 → 12528.0,2
19109.0,,19114.0 → 19112.0,2
19091.0,,19092.0 → 19096.0,2
6622.0,,6620.0 → 7777.0,2
5912.0,5923.0,15968.0 → 15967.0,2
5911.0,5922.0,15915.0 → 15917.0,2
5905.0,5875.0,16157.0 → 16158.0,2
562.0,17469.0,17436.0 → 17427.0,2
556.0,557.0,17347.0 → 17329.0,2
589.0,2534.0,590.0 → 588.0,2
584.0,2745.0,2728.0 → 583.0,2
13741.0,13867.0,13411.0 → 12560.0,2
13716.0,13795.0,13436.0 → 11554.0,2
13707.0,13917.0,13499.0 → 11923.0,2
579.0,581.0,17545.0 → 17542.0,2
5935.0,5988.0,16011.0 → 16012.0,2
5919.0,,593.0 → 592.0,2
60.0,1970.0,51.0 → 3108.0,2
13570.0,13705.0,13241.0 → 12932.0,2
19185.0,19187.0,19184.0 → 19188.0,2
5888.0,,16237.0 → 16238.0,2
12634.0,13263.0,11591.0 → 11825.0,2
12573.0,13116.0,11694.0 → 11782.0,2
574.0,576.0,17518.0 → 17517.0,2
568.0,569.0,567.0 → 17470.0,2
5954.0,5972.0,16267.0 → 16268.0,2
5944.0,,16254.0 → 16255.0,2
5942.0,5960.0,15996.0 → 5946.0,2
17197.0,17146.0,17179.0 → 17196.0,2
17178.0,,17176.0 → 17174.0,2
17127.0,17130.0,17126.0 → 1179.0,2
17101.0,1180.0,17100.0 → 17136.0,2
5884.0,,16249.0 → 16250.0,2
6891.0,6893.0,7258.0 → 6143.0,2
3130.0,1928.0,1008.0 → 1007.0,2
3112.0,1356.0,3110.0 → 3109.0,2
6859.0,,9039.0 → 9043.0,2
2918.0,3117.0,3123.0 → 3121.0,2
6851.0,6916.0,8581.0 → 8584.0,2
6006.0,6092.0,6010.0 → 6016.0,2
12887.0,,11860.0 → 12092.0,2
12886.0,13292.0,12155.0 → 12188.0,2
12860.0,13011.0,12468.0 → 11979.0,2
10537.0,6144.0,10397.0 → 10398.0,2
5893.0,5929.0,15911.0 → 15908.0,2
5892.0,5898.0,15904.0 → 15906.0,2
578.0,581.0,214.0 → 17533.0,2
16890.0,5679.0,16891.0 → 16927.0,2
16848.0,5677.0,17008.0 → 16850.0,2
16710.0,5626.0,16783.0 → 16790.0,2
16634.0,5585.0,16603.0 → 16635.0,2
618.0,600.0,646.0 → 613.0,2
5862.0,5914.0,5861.0 → 15957.0,2
12855.0,7807.0,11522.0 → 11558.0,2
12824.0,7824.0,12319.0 → 11864.0,2
12808.0,7807.0,11902.0 → 11993.0,2
12787.0,13541.0,12234.0 → 11637.0,2
5996.0,6007.0,16076.0 → 5991.0,2
6038.0,6036.0,6020.0 → 16074.0,2
5859.0,5874.0,5836.0 → 5819.0,2
1610.0,1611.0,1612.0 → 1609.0,2
1589.0,,9667.0 → 9582.0,2
1630.0,1631.0,1633.0 → 17062.0,2
10614.0,,10558.0 → 10557.0,2
10611.0,,10503.0 → 10616.0,2
10574.0,6152.0,10570.0 → 10575.0,2
5957.0,5969.0,15989.0 → 15988.0,2
6865.0,8681.0,14476.0 → 8690.0,2
17712.0,7272.0,18032.0 → 17744.0,2
17709.0,,18100.0 → 17576.0,2
12906.0,13812.0,12501.0 → 11711.0,2
12994.0,13691.0,12266.0 → 12366.0,2
12986.0,13431.0,11919.0 → 12082.0,2
12985.0,7807.0,12680.0 → 12083.0,2
12980.0,13839.0,11960.0 → 12519.0,2
12958.0,13763.0,11955.0 → 12595.0,2
10417.0,10415.0,10416.0 → 10406.0,2
3197.0,3202.0,3196.0 → 2922.0,2
3193.0,3194.0,3191.0 → 3190.0,2
3182.0,3187.0,3181.0 → 1908.0,2
5840.0,5848.0,15926.0 → 15928.0,2
5868.0,5872.0,15848.0 → 15849.0,2
5865.0,5873.0,5852.0 → 5841.0,2
5864.0,5890.0,16243.0 → 16242.0,2
6062.0,,16280.0 → 16279.0,2
6047.0,6048.0,6015.0 → 16082.0,2
6041.0,6142.0,6024.0 → 16357.0,2
6066.0,,16284.0 → 16283.0,2
17910.0,7243.0,17683.0 → 17858.0,2
17816.0,,17943.0 → 17942.0,2
1492.0,1496.0,9652.0 → 1494.0,2
1490.0,1487.0,1485.0 → 17199.0,2
5837.0,5822.0,15812.0 → 15814.0,2
5853.0,5849.0,5847.0 → 15955.0,2
3164.0,3169.0,3163.0 → 3162.0,2
3155.0,3161.0,1905.0 → 3154.0,2
6021.0,,16273.0 → 16274.0,2
6846.0,6815.0,8595.0 → 8596.0,2
6844.0,8512.0,6858.0 → 8507.0,2
6841.0,6823.0,8645.0 → 8646.0,2
13057.0,13817.0,12048.0 → 12483.0,2
13041.0,6451.0,13847.0 → 13120.0,2
2785.0,4291.0,4300.0 → 4318.0,2
13679.0,,12835.0 → 13448.0,2
8796.0,,8785.0 → 8775.0,2
1439.0,,1451.0 → 1450.0,2
640.0,603.0,2812.0 → 622.0,2
5813.0,5766.0,15944.0 → 15945.0,2
5807.0,5755.0,5812.0 → 5817.0,2
9521.0,2177.0,93.0 → 941.0,2
13813.0,13910.0,13558.0 → 12556.0,2
2852.0,605.0,629.0 → 604.0,2
2823.0,2827.0,2822.0 → 2824.0,2
17604.0,17824.0,17765.0 → 17973.0,2
17579.0,17645.0,17969.0 → 18025.0,2
500.0,1825.0,4450.0 → 498.0,2
2623.0,,2888.0 → 2889.0,2
13138.0,13524.0,12657.0 → 11922.0,2
5744.0,5733.0,17003.0 → 15808.0,2
635.0,647.0,621.0 → 620.0,2
701.0,707.0,1311.0 → 775.0,2
5783.0,5776.0,15838.0 → 15837.0,2
5780.0,5752.0,5798.0 → 15942.0,2
5779.0,5795.0,5777.0 → 16227.0,2
6940.0,14027.0,6914.0 → 14070.0,2
6938.0,26907.0,26906.0 → 26905.0,2
9020.0,,9014.0 → 9013.0,2
8923.0,,8922.0 → 8919.0,2
17774.0,6928.0,17836.0 → 17875.0,2
472.0,59.0,486.0 → 476.0,2
2738.0,782.0,2737.0 → 2736.0,2
2709.0,2758.0,2712.0 → 2756.0,2
696.0,715.0,817.0 → 699.0,2
7899.0,7898.0,7524.0 → 15547.0,2
3346.0,2613.0,2876.0 → 2875.0,2
3344.0,1948.0,2881.0 → 3355.0,2
3337.0,2790.0,334.0 → 2789.0,2
5773.0,5724.0,15835.0 → 15836.0,2
5768.0,5914.0,5802.0 → 15948.0,2
5746.0,5758.0,7157.0 → 15832.0,2
13670.0,,13607.0 → 13534.0,2
6098.0,6099.0,16119.0 → 6075.0,2
6097.0,6102.0,16304.0 → 6080.0,2
6095.0,6104.0,6067.0 → 16306.0,2
6088.0,6142.0,16351.0 → 16349.0,2
6127.0,,16315.0 → 6125.0,2
338.0,337.0,336.0 → 335.0,2
13144.0,13878.0,11964.0 → 12086.0,2
13100.0,13593.0,11939.0 → 12255.0,2
461.0,1967.0,207.0 → 212.0,2
6113.0,6131.0,16334.0 → 16335.0,2
6111.0,,6105.0 → 16296.0,2
6110.0,6126.0,16310.0 → 16311.0,2
315.0,302.0,296.0 → 2904.0,2
310.0,301.0,295.0 → 316.0,2
7809.0,6657.0,17091.0 → 17089.0,2
7805.0,6911.0,7103.0 → 7096.0,2
4113.0,,4148.0 → 4131.0,2
7798.0,13690.0,11582.0 → 12191.0,2
797.0,8031.0,1327.0 → 1328.0,2
6958.0,6959.0,7017.0 → 7016.0,2
6951.0,7308.0,6276.0 → 6953.0,2
6945.0,6944.0,7399.0 → 7398.0,2
5741.0,5751.0,15937.0 → 15938.0,2
13213.0,13878.0,11555.0 → 12460.0,2
13168.0,13627.0,12945.0 → 11649.0,2
13166.0,7807.0,12649.0 → 12258.0,2
13147.0,7759.0,11510.0 → 11593.0,2
18065.0,7302.0,7287.0 → 7288.0,2
6136.0,6138.0,16341.0 → 6137.0,2
6724.0,6720.0,6723.0 → 7843.0,2
277.0,278.0,4425.0 → 274.0,2
4352.0,,4351.0 → 4343.0,2
13969.0,7713.0,6941.0 → 7729.0,2
1351.0,1642.0,1350.0 → 1349.0,2
842.0,851.0,1733.0 → 1730.0,2
5682.0,,17052.0 → 5686.0,2
3309.0,399.0,3308.0 → 3320.0,2
7885.0,,7888.0 → 7887.0,2
7864.0,,6787.0 → 10289.0,2
16017.0,16018.0,16021.0 → 16020.0,2
18916.0,18917.0,18921.0 → 18915.0,2
13245.0,13502.0,12303.0 → 12687.0,2
1705.0,1702.0,17063.0 → 17064.0,2
13323.0,13788.0,13152.0 → 12773.0,2
13311.0,13638.0,11772.0 → 12660.0,2
13304.0,13622.0,11519.0 → 12971.0,2
13295.0,13877.0,12061.0 → 13004.0,2
16009.0,6005.0,16005.0 → 16008.0,2
7761.0,,7760.0 → 7799.0,2
14068.0,6392.0,13480.0 → 15571.0,2
5647.0,5662.0,5648.0 → 16947.0,2
5668.0,5703.0,16957.0 → 17018.0,2
5663.0,5719.0,16459.0 → 7152.0,2
5659.0,5645.0,17044.0 → 17048.0,2
7106.0,15677.0,7108.0 → 7109.0,2
13290.0,13501.0,12383.0 → 12524.0,2
13289.0,13577.0,12561.0 → 12587.0,2
13272.0,13550.0,12532.0 → 12858.0,2
18177.0,6321.0,7559.0 → 7573.0,2
6240.0,6236.0,18224.0 → 14902.0,2
245.0,246.0,247.0 → 244.0,2
18977.0,18957.0,18976.0 → 18974.0,2
18954.0,18955.0,18966.0 → 18953.0,2
283.0,4439.0,282.0 → 4437.0,2
5625.0,5616.0,5624.0 → 17036.0,2
4388.0,1970.0,109.0 → 4385.0,2
7699.0,13983.0,12581.0 → 12757.0,2
5621.0,,17043.0 → 17046.0,2
5656.0,5670.0,5667.0 → 16877.0,2
5655.0,5635.0,16845.0 → 16857.0,2
832.0,257.0,1664.0 → 1671.0,2
13393.0,13554.0,12275.0 → 13037.0,2
13376.0,13536.0,12642.0 → 12959.0,2
13337.0,6383.0,13905.0 → 6400.0,2
226.0,356.0,355.0 → 345.0,2
19004.0,5574.0,15421.0 → 19000.0,2
6213.0,7294.0,7342.0 → 7600.0,2
6268.0,7377.0,7312.0 → 7238.0,2
6709.0,,8838.0 → 8839.0,2
6314.0,6297.0,6320.0 → 6319.0,2
200.0,95.0,2147.0 → 202.0,2
5214.0,854.0,5219.0 → 2975.0,2
7595.0,6331.0,7554.0 → 7574.0,2
5612.0,5600.0,16671.0 → 16670.0,2
5603.0,5731.0,2643.0 → 2640.0,2
5638.0,5607.0,17040.0 → 17039.0,2
5634.0,5631.0,16945.0 → 16946.0,2
5527.0,5528.0,16531.0 → 5534.0,2
7228.0,6149.0,15197.0 → 15196.0,2
972.0,2847.0,973.0 → 3032.0,2
5575.0,5573.0,16768.0 → 16767.0,2
5559.0,5525.0,6734.0 → 6735.0,2
5595.0,5578.0,5613.0 → 5627.0,2
15219.0,5876.0,15220.0 → 15221.0,2
15130.0,,6162.0 → 6160.0,2
7174.0,5821.0,7173.0 → 5800.0,2
7169.0,5721.0,5726.0 → 5715.0,2
900.0,886.0,477.0 → 488.0,2
895.0,469.0,189.0 → 458.0,2
876.0,463.0,892.0 → 2773.0,2
7650.0,,12662.0 → 12811.0,2
7646.0,7658.0,14042.0 → 7660.0,2
13397.0,13946.0,13239.0 → 12237.0,2
5427.0,,7047.0 → 5446.0,2
180.0,489.0,183.0 → 332.0,2
19041.0,19042.0,19050.0 → 19048.0,2
19031.0,19133.0,19030.0 → 15088.0,2
1835.0,549.0,4460.0 → 553.0,2
13476.0,,12813.0 → 13045.0,2
13425.0,13999.0,13264.0 → 12999.0,2
13498.0,13672.0,12628.0 → 13369.0,2
5423.0,5424.0,16401.0 → 16402.0,2
15676.0,15677.0,7117.0 → 7116.0,2
7242.0,7224.0,15195.0 → 7182.0,2
5539.0,5518.0,16578.0 → 16577.0,2
5535.0,,5552.0 → 5537.0,2
5532.0,5521.0,5536.0 → 16813.0,2
5531.0,5510.0,16596.0 → 5542.0,2
5529.0,,16452.0 → 5519.0,2
132.0,133.0,131.0 → 130.0,2
13605.0,7697.0,12489.0 → 13354.0,2
13601.0,13757.0,13486.0 → 12900.0,2
6285.0,6271.0,6292.0 → 7455.0,2
6277.0,6282.0,6273.0 → 6950.0,2
6684.0,6683.0,6679.0 → 6678.0,2
151.0,543.0,17316.0 → 94.0,2
145.0,1966.0,136.0 → 135.0,2
13574.0,13918.0,12619.0 → 12819.0,2
5441.0,5421.0,15413.0 → 6759.0,2
5436.0,,5452.0 → 5449.0,2
7395.0,,14575.0 → 14828.0,2
7361.0,,7370.0 → 7348.0,2
5457.0,,5461.0 → 5465.0,2
5400.0,,6746.0 → 6745.0,2
7545.0,6321.0,7564.0 → 7432.0,2
42.0,62.0,27.0 → 120.0,2
24920.0,5402.0,6747.0 → 5467.0,2
15604.0,,15605.0 → 7840.0,2
15600.0,,15602.0 → 15601.0,2
7340.0,7377.0,6281.0 → 7311.0,2
7332.0,6929.0,17845.0 → 7323.0,2
7317.0,6193.0,7274.0 → 15431.0,2
7313.0,7581.0,7373.0 → 18216.0,2
15334.0,,15338.0 → 15337.0,2
15328.0,,15333.0 → 15331.0,2
15315.0,,15320.0 → 15321.0,2
15272.0,,15277.0 → 15278.0,2
1952.0,,2901.0 → 2903.0,2
1826.0,1834.0,1343.0 → 1344.0,2
1824.0,772.0,1818.0 → 509.0,2
1823.0,1833.0,496.0 → 4453.0,2
139.0,1077.0,1030.0 → 138.0,2
6528.0,6530.0,7736.0 → 14781.0,2
6495.0,7667.0,14740.0 → 6485.0,2
6493.0,7769.0,7688.0 → 15003.0,2
6598.0,,17078.0 → 6597.0,2
6595.0,,6601.0 → 6593.0,2
6574.0,,7758.0 → 7756.0,2
7279.0,7277.0,7275.0 → 7278.0,2
7276.0,7281.0,17851.0 → 17764.0,2
7273.0,7281.0,17891.0 → 17729.0,2
1958.0,,148.0 → 149.0,2
19139.0,19140.0,19138.0 → 19149.0,2
6425.0,14057.0,11652.0 → 12673.0,2
6535.0,6544.0,14768.0 → 6531.0,2
19208.0,19187.0,19191.0 → 19192.0,2
19205.0,19168.0,19206.0 → 19204.0,2
26837.0,,26827.0,1
6556.0,7752.0,7738.0,1
26911.0,,6712.0,1
26906.0,6938.0,26905.0,1
27.0,42.0,120.0,1
1926.0,1928.0,1006.0,1
1905.0,3155.0,3154.0,1
1951.0,,2900.0,1
13595.0,13944.0,12580.0,1
13596.0,,13345.0,1
1807.0,547.0,545.0,1
1809.0,536.0,1799.0,1
1818.0,1824.0,509.0,1
13560.0,6377.0,13462.0,1
1988.0,,9094.0,1
1989.0,,2568.0,1
19184.0,19185.0,19188.0,1
6432.0,,14531.0,1
6620.0,6622.0,7777.0,1
6629.0,8512.0,14584.0,1
19089.0,,19090.0,1
19092.0,19091.0,19096.0,1
19118.0,,19119.0,1
15322.0,,15324.0,1
15339.0,,15340.0,1
15456.0,6159.0,15454.0,1
5472.0,,2571.0,1
5473.0,,5504.0,1
5474.0,5477.0,16426.0,1
5488.0,5481.0,16425.0,1
7297.0,,7237.0,1
7307.0,7407.0,7304.0,1
7318.0,6927.0,17982.0,1
7342.0,6213.0,7600.0,1
5453.0,,6778.0,1
1131.0,,1050.0,1
1154.0,,1153.0,1
15586.0,,15587.0,1
15607.0,,7855.0,1
15839.0,5767.0,15840.0,1
15843.0,5776.0,15844.0,1
15848.0,5868.0,15849.0,1
7258.0,6891.0,6143.0,1
7263.0,6931.0,17848.0,1
7264.0,17990.0,17624.0,1
7271.0,6930.0,17779.0,1
5512.0,5494.0,16602.0,1
5500.0,5513.0,15782.0,1
15467.0,6172.0,15514.0,1
1114.0,,1091.0,1
1159.0,1168.0,1163.0,1
1178.0,17164.0,17114.0,1
15267.0,,15269.0,1
15277.0,15272.0,15278.0,1
15300.0,,15302.0,1
5397.0,,5408.0,1
5398.0,,6744.0,1
5469.0,5401.0,15384.0,1
5470.0,5447.0,16549.0,1
7346.0,17626.0,17775.0,1
7372.0,6222.0,7314.0,1
7376.0,6286.0,7386.0,1
5431.0,,16483.0,1
5438.0,5426.0,16479.0,1
15756.0,5492.0,15757.0,1
15768.0,5460.0,15771.0,1
15798.0,5722.0,16888.0,1
15809.0,5806.0,15811.0,1
15812.0,5837.0,15814.0,1
15818.0,5843.0,15819.0,1
15834.0,5758.0,15833.0,1
15963.0,5914.0,15962.0,1
5576.0,5547.0,15420.0,1
7218.0,6264.0,7292.0,1
7226.0,6149.0,15190.0,1
5543.0,,5541.0,1
5556.0,5533.0,5581.0,1
5558.0,5550.0,6754.0,1
5530.0,,15748.0,1
5536.0,5532.0,16813.0,1
5538.0,5518.0,16544.0,1
15737.0,,15739.0,1
7417.0,6295.0,6947.0,1
7427.0,18185.0,7365.0,1
5429.0,,6776.0,1
7517.0,13921.0,13310.0,1
7539.0,,18214.0,1
5597.0,5591.0,16963.0,1
5560.0,5547.0,6766.0,1
5564.0,5572.0,5554.0,1
5567.0,5585.0,16608.0,1
1013.0,1919.0,3251.0,1
1037.0,,1033.0,1
1060.0,,1061.0,1
15850.0,5805.0,15851.0,1
15857.0,5828.0,15858.0,1
15861.0,5872.0,15862.0,1
15909.0,5929.0,15910.0,1
15924.0,5901.0,15925.0,1
15939.0,5755.0,15940.0,1
15944.0,5813.0,15945.0,1
15949.0,5914.0,15950.0,1
15952.0,5801.0,15953.0,1
7173.0,7174.0,5800.0,1
7197.0,,10094.0,1
14575.0,7395.0,14828.0,1
14585.0,8512.0,14586.0,1
14660.0,6590.0,14661.0,1
14711.0,8512.0,14710.0,1
14776.0,6545.0,14777.0,1
14821.0,6659.0,9037.0,1
14825.0,,7327.0,1
15009.0,7769.0,15011.0,1
15146.0,17568.0,17573.0,1
15147.0,,15148.0,1
15179.0,6204.0,6192.0,1
15220.0,15219.0,15221.0,1
15241.0,,15242.0,1
5583.0,5585.0,16620.0,1
5407.0,,5411.0,1
7559.0,18177.0,7573.0,1
7564.0,7545.0,7432.0,1
7586.0,,7591.0,1
7601.0,7219.0,7602.0,1
4526.0,851.0,4527.0,1
7656.0,6383.0,13706.0,1
973.0,972.0,3032.0,1
978.0,2847.0,977.0,1
1008.0,3130.0,1007.0,1
15965.0,5914.0,15966.0,1
15977.0,5950.0,15978.0,1
15984.0,5963.0,15985.0,1
16002.0,6026.0,16003.0,1
5619.0,,5599.0,1
7153.0,5672.0,17041.0,1
817.0,696.0,699.0,1
5650.0,5654.0,16460.0,1
7663.0,7651.0,7717.0,1
7669.0,7661.0,15709.0,1
7674.0,14009.0,7691.0,1
7678.0,7661.0,7882.0,1
7685.0,7687.0,12880.0,1
4441.0,692.0,284.0,1
4471.0,,4466.0,1
7698.0,13963.0,12851.0,1
7718.0,7711.0,13212.0,1
5624.0,5625.0,17036.0,1
5606.0,5600.0,16665.0,1
5611.0,,5615.0,1
5613.0,5595.0,5627.0,1
5405.0,,5410.0,1
14042.0,7646.0,7660.0,1
14058.0,14059.0,13694.0,1
14134.0,,14135.0,1
14568.0,,14570.0,1
7728.0,13957.0,11625.0,1
7736.0,6528.0,14781.0,1
7743.0,,14706.0,1
7760.0,7761.0,7799.0,1
1327.0,797.0,1328.0,1
1377.0,,2326.0,1
1401.0,,1400.0,1
931.0,933.0,33.0,1
16021.0,16017.0,16020.0,1
16024.0,5990.0,16025.0,1
809.0,1889.0,791.0,1
811.0,2745.0,799.0,1
16121.0,,16122.0,1
7017.0,6958.0,7016.0,1
7071.0,7056.0,15660.0,1
7104.0,13967.0,7095.0,1
7108.0,7106.0,7109.0,1
5665.0,5545.0,15412.0,1
5666.0,19175.0,19181.0,1
5673.0,5691.0,16465.0,1
7111.0,15677.0,7110.0,1
7115.0,15677.0,7845.0,1
7118.0,7121.0,7851.0,1
7124.0,,7122.0,1
5639.0,5740.0,15397.0,1
5648.0,5647.0,16947.0,1
903.0,886.0,462.0,1
904.0,474.0,2182.0,1
16043.0,5948.0,16044.0,1
16048.0,5948.0,16045.0,1
1337.0,1332.0,1339.0,1
1343.0,1826.0,1344.0,1
1350.0,1351.0,1349.0,1
1354.0,1642.0,1353.0,1
1360.0,953.0,5231.0,1
7768.0,6590.0,14654.0,1
4322.0,,4323.0,1
7796.0,13529.0,12546.0,1
16051.0,5932.0,16052.0,1
16066.0,5990.0,16065.0,1
16089.0,6031.0,16099.0,1
16096.0,6031.0,16098.0,1
16102.0,6071.0,16103.0,1
16104.0,6074.0,16106.0,1
7839.0,15594.0,7841.0,1
7849.0,,7126.0,1
7860.0,,15681.0,1
3308.0,3309.0,3320.0,1
3317.0,2791.0,3324.0,1
1362.0,,2304.0,1
16141.0,7161.0,16142.0,1
16144.0,7161.0,16145.0,1
16148.0,7161.0,16147.0,1
16149.0,5869.0,16150.0,1
16165.0,5834.0,16166.0,1
16185.0,5900.0,16187.0,1
16195.0,,16199.0,1
5680.0,5691.0,7156.0,1
5683.0,5679.0,16933.0,1
16033.0,5993.0,16035.0,1
1409.0,,1408.0,1
1433.0,,1172.0,1
1436.0,,1192.0,1
8496.0,6809.0,8493.0,1
8514.0,6917.0,8511.0,1
8544.0,8552.0,8536.0,1
786.0,798.0,802.0,1
16230.0,,16231.0,1
665.0,707.0,777.0,1
677.0,700.0,674.0,1
693.0,684.0,780.0,1
6966.0,6961.0,6965.0,1
5702.0,,7162.0,1
16138.0,7161.0,16140.0,1
4007.0,,4008.0,1
4140.0,,4143.0,1
16267.0,5954.0,16268.0,1
16273.0,6021.0,16274.0,1
16280.0,6062.0,16279.0,1
16298.0,6116.0,16299.0,1
629.0,2852.0,604.0,1
5794.0,5796.0,15856.0,1
5798.0,5780.0,15942.0,1
5756.0,18898.0,19217.0,1
5759.0,5755.0,15941.0,1
5763.0,5722.0,15905.0,1
5726.0,7169.0,5715.0,1
5727.0,5749.0,15804.0,1
5736.0,,5732.0,1
779.0,660.0,800.0,1
785.0,782.0,2031.0,1
1403.0,,2260.0,1
8597.0,6815.0,8593.0,1
8641.0,6823.0,8639.0,1
8645.0,6841.0,8646.0,1
3279.0,,3280.0,1
8648.0,6810.0,8654.0,1
8657.0,6812.0,8655.0,1
8707.0,8706.0,8704.0,1
3221.0,,3220.0,1
3228.0,3233.0,3226.0,1
13818.0,13944.0,13024.0,1
13819.0,13454.0,12978.0,1
13830.0,6406.0,13589.0,1
13847.0,13041.0,13120.0,1
16254.0,5944.0,16255.0,1
16259.0,5915.0,16260.0,1
16263.0,5943.0,16264.0,1
8849.0,,6850.0,1
8867.0,6838.0,8864.0,1
8922.0,8923.0,8919.0,1
8972.0,6852.0,8975.0,1
8996.0,8999.0,8992.0,1
9028.0,,9027.0,1
16409.0,5456.0,16410.0,1
16447.0,5572.0,16448.0,1
16459.0,5663.0,7152.0,1
16554.0,5524.0,16553.0,1
16584.0,5514.0,16560.0,1
5777.0,5779.0,16227.0,1
5788.0,5722.0,15795.0,1
5791.0,,7167.0,1
16237.0,5888.0,16238.0,1
16249.0,5884.0,16250.0,1
9039.0,6859.0,9043.0,1
3210.0,3211.0,3209.0,1
9084.0,,9085.0,1
9526.0,5.0,17315.0,1
9850.0,1565.0,2420.0,1
5804.0,5818.0,15828.0,1
5812.0,5807.0,5817.0,1
643.0,600.0,653.0,1
646.0,618.0,613.0,1
16310.0,6110.0,16311.0,1
16314.0,,16313.0,1
16320.0,,16319.0,1
16334.0,6113.0,16335.0,1
16359.0,6092.0,16360.0,1
13876.0,13918.0,6343.0,1
8785.0,8796.0,8775.0,1
10042.0,,14563.0,1
10047.0,6033.0,10046.0,1
3196.0,3197.0,2922.0,1
10414.0,10480.0,10592.0,1
10431.0,10528.0,10422.0,1
10435.0,6155.0,10434.0,1
3163.0,3164.0,3162.0,1
5850.0,5816.0,15820.0,1
5851.0,,16228.0,1
5852.0,5865.0,5841.0,1
5829.0,5914.0,15954.0,1
5836.0,5859.0,5819.0,1
5802.0,5768.0,15948.0,1
13773.0,13949.0,13744.0,1
13800.0,,12803.0,1
1485.0,1490.0,17199.0,1
3150.0,1935.0,3149.0,1
10570.0,10574.0,10575.0,1
12147.0,7807.0,11609.0,1
12234.0,12787.0,11637.0,1
1628.0,1625.0,1627.0,1
13762.0,13979.0,13029.0,1
10490.0,,10482.0,1
10495.0,6155.0,10577.0,1
10507.0,6145.0,10505.0,1
10508.0,6145.0,10509.0,1
5861.0,5862.0,15957.0,1
5842.0,,5831.0,1
5844.0,5766.0,15946.0,1
5846.0,5838.0,5839.0,1
5847.0,5853.0,15955.0,1
9985.0,,9983.0,1
5878.0,7161.0,16146.0,1
5880.0,5860.0,15871.0,1
5882.0,5914.0,5856.0,1
5885.0,5914.0,5879.0,1
5889.0,,16223.0,1
16623.0,5598.0,16624.0,1
16764.0,5573.0,16763.0,1
16854.0,5701.0,16973.0,1
16874.0,5677.0,16872.0,1
16885.0,5649.0,16883.0,1
5857.0,5849.0,5871.0,1
10525.0,6152.0,10527.0,1
10544.0,,10546.0,1
3136.0,,3133.0,1
3143.0,3144.0,3142.0,1
3147.0,1935.0,3145.0,1
561.0,17469.0,17410.0,1
3110.0,3112.0,3109.0,1
3115.0,3117.0,3114.0,1
3123.0,2918.0,3121.0,1
3125.0,3117.0,3124.0,1
12301.0,,11888.0,1
12319.0,12824.0,11864.0,1
12346.0,7807.0,11460.0,1
12468.0,12860.0,11979.0,1
12497.0,7807.0,11823.0,1
12501.0,12906.0,11711.0,1
12521.0,7775.0,12224.0,1
12537.0,7807.0,11656.0,1
5917.0,5923.0,16000.0,1
6900.0,,7757.0,1
6914.0,6940.0,14070.0,1
5930.0,,5933.0,1
13722.0,6408.0,13027.0,1
13723.0,12947.0,13475.0,1
13735.0,6372.0,13531.0,1
1618.0,1939.0,1617.0,1
1623.0,1624.0,1622.0,1
3078.0,,990.0,1
3095.0,3096.0,9091.0,1
3097.0,,9095.0,1
3100.0,3105.0,3099.0,1
12548.0,,11766.0,1
593.0,5919.0,592.0,1
16899.0,7146.0,16900.0,1
16917.0,5646.0,16916.0,1
16945.0,5634.0,16946.0,1
560.0,17469.0,17398.0,1
12598.0,,11980.0,1
12601.0,13878.0,11687.0,1
12612.0,13329.0,12207.0,1
12629.0,7807.0,11910.0,1
12640.0,13511.0,11717.0,1
2948.0,3202.0,3198.0,1
2963.0,3207.0,3205.0,1
2969.0,840.0,4236.0,1
12649.0,13166.0,12258.0,1
12656.0,,11678.0,1
17003.0,5744.0,15808.0,1
17015.0,5693.0,17014.0,1
17030.0,5604.0,17031.0,1
535.0,1858.0,537.0,1
5926.0,5943.0,16265.0,1
5928.0,5938.0,15907.0,1
5959.0,,15891.0,1
552.0,548.0,4459.0,1
17119.0,1180.0,17118.0,1
17126.0,17127.0,1179.0,1
17176.0,17178.0,17174.0,1
17316.0,151.0,94.0,1
510.0,772.0,1817.0,1
5973.0,5987.0,16016.0,1
5941.0,,2481.0,1
5947.0,5953.0,15922.0,1
5952.0,5936.0,15972.0,1
567.0,568.0,17470.0,1
12559.0,13363.0,11455.0,1
12569.0,13583.0,11956.0,1
12576.0,13885.0,11858.0,1
12579.0,13817.0,12246.0,1
12677.0,13817.0,12392.0,1
12680.0,12985.0,12083.0,1
12690.0,13928.0,12075.0,1
2920.0,,3153.0,1
2928.0,,3255.0,1
2945.0,1356.0,17293.0,1
12728.0,6656.0,12390.0,1
12736.0,,12126.0,1
12740.0,,12169.0,1
12751.0,7807.0,11908.0,1
12753.0,13235.0,11843.0,1
12756.0,7807.0,11846.0,1
12762.0,13537.0,11686.0,1
12769.0,,12123.0,1
6860.0,6819.0,8815.0,1
6882.0,,6886.0,1
12828.0,13833.0,12361.0,1
12841.0,,12272.0,1
2890.0,,1200.0,1
2893.0,1943.0,1198.0,1
12852.0,7788.0,11667.0,1
12867.0,7722.0,11812.0,1
6010.0,6006.0,6016.0,1
6012.0,6028.0,6002.0,1
6015.0,6047.0,16082.0,1
5979.0,5976.0,16367.0,1
5980.0,5974.0,15986.0,1
5989.0,5997.0,16116.0,1
5995.0,5981.0,15992.0,1
6855.0,6819.0,8806.0,1
6858.0,6844.0,8507.0,1
12657.0,13138.0,11922.0,1
12946.0,13381.0,12051.0,1
468.0,928.0,480.0,1
6018.0,,16208.0,1
6020.0,6038.0,16074.0,1
6024.0,6041.0,16357.0,1
511.0,773.0,4457.0,1
514.0,,4458.0,1
17436.0,562.0,17427.0,1
17567.0,,17572.0,1
17569.0,,17570.0,1
493.0,502.0,491.0,1
496.0,1823.0,4453.0,1
6039.0,6048.0,16081.0,1
6040.0,6092.0,6056.0,1
12772.0,,11651.0,1
12815.0,6426.0,12281.0,1
12969.0,7772.0,11871.0,1
12973.0,13511.0,12414.0,1
12888.0,13839.0,12322.0,1
12890.0,13550.0,11869.0,1
12896.0,13440.0,12146.0,1
12901.0,7807.0,12441.0,1
12902.0,13569.0,12539.0,1
12903.0,13913.0,12611.0,1
12914.0,13615.0,12404.0,1
12921.0,6426.0,12635.0,1
2865.0,1984.0,2864.0,1
2881.0,3344.0,3355.0,1
12931.0,14027.0,11889.0,1
12933.0,13508.0,12528.0,1
12939.0,7807.0,12325.0,1
12945.0,13168.0,11649.0,1
17740.0,17666.0,17904.0,1
17817.0,6932.0,17777.0,1
361.0,357.0,2562.0,1
6105.0,6111.0,16296.0,1
6067.0,6095.0,16306.0,1
6070.0,,16285.0,1
6078.0,6086.0,6082.0,1
6058.0,6068.0,16110.0,1
6061.0,6142.0,16353.0,1
6829.0,6804.0,8633.0,1
6830.0,,8716.0,1
17594.0,,17654.0,1
12950.0,13750.0,12597.0,1
2825.0,2827.0,2826.0,1
12951.0,13677.0,12785.0,1
12967.0,,12630.0,1
13056.0,13559.0,11469.0,1
13079.0,7722.0,12495.0,1
2712.0,2709.0,2756.0,1
12995.0,7807.0,12701.0,1
2792.0,,2988.0,1
2797.0,2796.0,2798.0,1
2804.0,18.0,2174.0,1
13009.0,,12706.0,1
13020.0,,11747.0,1
13021.0,14020.0,12578.0,1
13025.0,7832.0,12555.0,1
13028.0,7807.0,12592.0,1
13036.0,,6695.0,1
13662.0,14047.0,13099.0,1
477.0,900.0,488.0,1
486.0,472.0,476.0,1
13093.0,12947.0,14052.0,1
13098.0,13845.0,12018.0,1
13107.0,7773.0,12479.0,1
13114.0,13671.0,12911.0,1
2634.0,,2633.0,1
13145.0,7807.0,12801.0,1
348.0,358.0,349.0,1
351.0,358.0,350.0,1
355.0,226.0,345.0,1
6094.0,,1681.0,1
6096.0,,16291.0,1
1664.0,832.0,1671.0,1
2787.0,2827.0,2910.0,1
2788.0,2827.0,2830.0,1
13040.0,13565.0,12610.0,1
13053.0,7807.0,11903.0,1
13152.0,13323.0,12773.0,1
13160.0,13627.0,12719.0,1
13169.0,13708.0,13014.0,1
13193.0,13987.0,13048.0,1
13222.0,7513.0,11918.0,1
13228.0,13677.0,12666.0,1
13238.0,13957.0,12714.0,1
328.0,1465.0,2780.0,1
6120.0,,16344.0,1
371.0,1919.0,372.0,1
428.0,2791.0,380.0,1
460.0,886.0,465.0,1
17984.0,6932.0,17956.0,1
336.0,338.0,335.0,1
2737.0,2738.0,2736.0,1
13089.0,7807.0,12707.0,1
279.0,4436.0,4430.0,1
6722.0,6715.0,7848.0,1
6723.0,6724.0,7843.0,1
6729.0,,6728.0,1
6730.0,24928.0,6731.0,1
6153.0,6893.0,6892.0,1
6157.0,6159.0,15461.0,1
6162.0,15130.0,6160.0,1
6167.0,,10518.0,1
6168.0,6177.0,15158.0,1
6133.0,,16330.0,1
6147.0,,6146.0,1
6787.0,7864.0,10289.0,1
6790.0,,6789.0,1
18045.0,,17589.0,1
18054.0,,17718.0,1
13286.0,,12876.0,1
13294.0,13957.0,12924.0,1
13317.0,,12965.0,1
1720.0,,1718.0,1
1690.0,,4401.0,1
1693.0,,4393.0,1
13239.0,13397.0,12237.0,1
13241.0,13570.0,12932.0,1
13251.0,7807.0,12797.0,1
13257.0,13503.0,12349.0,1
13264.0,13425.0,12999.0,1
13265.0,7807.0,11574.0,1
18180.0,6324.0,7596.0,1
18196.0,6264.0,7325.0,1
18215.0,7410.0,7282.0,1
18938.0,18898.0,18936.0,1
13339.0,6372.0,12968.0,1
13344.0,13454.0,13903.0,1
13360.0,13981.0,13255.0,1
13362.0,13967.0,12816.0,1
13375.0,6431.0,12937.0,1
13382.0,13698.0,13256.0,1
13383.0,13946.0,13143.0,1
13410.0,13999.0,7790.0,1
13411.0,13741.0,12560.0,1
18972.0,18955.0,18971.0,1
249.0,246.0,248.0,1
6176.0,,10386.0,1
6186.0,6199.0,15163.0,1
6188.0,6183.0,15474.0,1
18068.0,7247.0,17714.0,1
18118.0,,17679.0,1
6696.0,,6694.0,1
6697.0,,11966.0,1
6713.0,6719.0,6708.0,1
6243.0,6224.0,6248.0,1
6253.0,6242.0,7473.0,1
6262.0,6269.0,7391.0,1
6273.0,6277.0,6950.0,1
6276.0,6951.0,6953.0,1
6214.0,7294.0,7350.0,1
18991.0,5574.0,18998.0,1
18999.0,5574.0,19003.0,1
19028.0,19038.0,19027.0,1
214.0,578.0,17533.0,1
216.0,158.0,155.0,1
282.0,283.0,4437.0,1
13338.0,14055.0,12257.0,1
2169.0,1973.0,2170.0,1
2010.0,,17252.0,1
13486.0,13601.0,12900.0,1
13412.0,13651.0,13246.0,1
2190.0,,3265.0,1
2191.0,,3287.0,1
2252.0,,1960.0,1
13420.0,7631.0,6415.0,1
13424.0,,13080.0,1
13436.0,13716.0,11554.0,1
13480.0,14068.0,15571.0,1
13485.0,13946.0,13322.0,1
2137.0,,1201.0,1
169.0,158.0,168.0,1
175.0,164.0,176.0,1
183.0,180.0,332.0,1
19125.0,,15134.0,1
142.0,144.0,141.0,1
13499.0,13707.0,11923.0,1
13500.0,13914.0,13142.0,1
13545.0,13817.0,12296.0,1
13558.0,13813.0,12556.0,1
13578.0,,13059.0,1
148.0,1958.0,149.0,1
6280.0,7390.0,14872.0,1
6281.0,7340.0,7311.0,1
6292.0,6285.0,7455.0,1
237.0,798.0,2980.0,1
19030.0,19031.0,15088.0,1
13606.0,6372.0,13546.0,1
13607.0,13670.0,13534.0,1
2161.0,1971.0,2013.0,1
1903.0,,3217.0,1
75.0,83.0,73.0,1
51.0,60.0,3108.0,1
109.0,4388.0,4385.0,1
107.0,845.0,4257.0,1
19194.0,19175.0,19193.0,1
93.0,9521.0,941.0,1
6539.0,6554.0,14769.0,1
6541.0,,7786.0,1
165.0,164.0,187.0,1
19137.0,19163.0,19136.0,1
1954.0,,1228.0,1
1956.0,,1195.0,1
1957.0,,1210.0,1
1947.0,,1223.0,1
1950.0,,1250.0,1
15612.0,,15611.0,1
15624.0,,15625.0,1
15647.0,,15646.0,1
7274.0,7317.0,15431.0,1
7275.0,7279.0,7278.0,1
106.0,845.0,4247.0,1
6565.0,,6587.0,1
6576.0,,6581.0,1
6601.0,6595.0,6593.0,1
6605.0,7752.0,14648.0,1
136.0,145.0,135.0,1
19191.0,19208.0,19192.0,1
13568.0,6451.0,13567.0,1
1896.0,2771.0,1897.0,1
1900.0,3211.0,3208.0,1
1901.0,1002.0,2954.0,1
26914.0,7420.0,headwater,0
6.0,19.0,headwater,0
33.0,931.0,headwater,0
26847.0,,headwater,0
26853.0,,headwater,0
26856.0,,headwater,0
114.0,36.0,headwater,0
113.0,36.0,headwater,0
108.0,,headwater,0
98.0,845.0,headwater,0
94.0,17316.0,headwater,0
86.0,,headwater,0
85.0,18.0,headwater,0
19217.0,5756.0,headwater,0
19209.0,,headwater,0
19206.0,19205.0,headwater,0
19204.0,19205.0,headwater,0
19193.0,19194.0,headwater,0
19192.0,19191.0,headwater,0
19188.0,19184.0,headwater,0
19186.0,19174.0,headwater,0
141.0,142.0,headwater,0
6415.0,13420.0,headwater,0
6400.0,13337.0,headwater,0
6531.0,6535.0,headwater,0
6523.0,7769.0,headwater,0
6520.0,,headwater,0
6485.0,6495.0,headwater,0
6480.0,7667.0,headwater,0
6607.0,,headwater,0
6606.0,,headwater,0
6602.0,,headwater,0
6600.0,,headwater,0
6599.0,,headwater,0
6597.0,6598.0,headwater,0
6596.0,,headwater,0
6593.0,6601.0,headwater,0
6588.0,,headwater,0
6678.0,6684.0,headwater,0
6674.0,6686.0,headwater,0
6672.0,6710.0,headwater,0
6668.0,,headwater,0
6667.0,,headwater,0
6664.0,,headwater,0
6651.0,,headwater,0
6650.0,6794.0,headwater,0
6648.0,,headwater,0
6637.0,,headwater,0
6635.0,,headwater,0
6623.0,,headwater,0
6618.0,,headwater,0
6613.0,,headwater,0
6608.0,,headwater,0
6424.0,6401.0,headwater,0
6287.0,,headwater,0
6279.0,6282.0,headwater,0
6351.0,,headwater,0
6343.0,13876.0,headwater,0
6342.0,,headwater,0
6339.0,6297.0,headwater,0
6335.0,,headwater,0
6332.0,7667.0,headwater,0
6326.0,,headwater,0
6325.0,,headwater,0
6323.0,,headwater,0
6322.0,,headwater,0
6320.0,6314.0,headwater,0
6319.0,6314.0,headwater,0
6680.0,,headwater,0
6679.0,6684.0,headwater,0
6205.0,,headwater,0
6270.0,,headwater,0
6261.0,6242.0,headwater,0
6249.0,,headwater,0
6248.0,6243.0,headwater,0
6714.0,,headwater,0
6712.0,26911.0,headwater,0
6711.0,,headwater,0
6708.0,6713.0,headwater,0
6705.0,,headwater,0
6702.0,,headwater,0
6701.0,6683.0,headwater,0
6695.0,13036.0,headwater,0
6694.0,6696.0,headwater,0
6313.0,,headwater,0
6293.0,,headwater,0
6736.0,5516.0,headwater,0
6735.0,5559.0,headwater,0
6734.0,5559.0,headwater,0
6732.0,24928.0,headwater,0
6731.0,6730.0,headwater,0
6728.0,6729.0,headwater,0
6727.0,,headwater,0
6726.0,,headwater,0
6725.0,,headwater,0
6721.0,,headwater,0
6717.0,,headwater,0
6196.0,6198.0,headwater,0
6192.0,15179.0,headwater,0
6191.0,,headwater,0
6184.0,,headwater,0
6239.0,,headwater,0
6752.0,5660.0,headwater,0
6751.0,5660.0,headwater,0
6750.0,5550.0,headwater,0
6749.0,5550.0,headwater,0
6748.0,5402.0,headwater,0
6747.0,24920.0,headwater,0
6746.0,5400.0,headwater,0
6745.0,5400.0,headwater,0
6744.0,5398.0,headwater,0
6743.0,5476.0,headwater,0
6742.0,5476.0,headwater,0
6741.0,5476.0,headwater,0
6740.0,5495.0,headwater,0
6739.0,5495.0,headwater,0
6738.0,5495.0,headwater,0
6737.0,5516.0,headwater,0
6768.0,5505.0,headwater,0
6767.0,5505.0,headwater,0
6766.0,5560.0,headwater,0
6765.0,5547.0,headwater,0
6764.0,5632.0,headwater,0
6763.0,5632.0,headwater,0
6762.0,5632.0,headwater,0
6761.0,,headwater,0
6760.0,5421.0,headwater,0
6759.0,5441.0,headwater,0
6758.0,5498.0,headwater,0
6757.0,5545.0,headwater,0
6756.0,5545.0,headwater,0
6755.0,5545.0,headwater,0
6754.0,5558.0,headwater,0
6753.0,5550.0,headwater,0
6160.0,6162.0,headwater,0
6156.0,6159.0,headwater,0
6151.0,,headwater,0
6150.0,5740.0,headwater,0
6782.0,24929.0,headwater,0
6781.0,24929.0,headwater,0
6780.0,24929.0,headwater,0
6778.0,5453.0,headwater,0
6776.0,5429.0,headwater,0
6775.0,5435.0,headwater,0
6774.0,5435.0,headwater,0
6773.0,5548.0,headwater,0
6772.0,5614.0,headwater,0
6771.0,,headwater,0
6770.0,5505.0,headwater,0
6769.0,5505.0,headwater,0
6130.0,6142.0,headwater,0
6125.0,6127.0,headwater,0
6122.0,,headwater,0
6119.0,,headwater,0
6117.0,,headwater,0
6112.0,,headwater,0
6106.0,6131.0,headwater,0
6789.0,6790.0,headwater,0
6786.0,6967.0,headwater,0
6784.0,24930.0,headwater,0
6146.0,6147.0,headwater,0
6143.0,7258.0,headwater,0
6141.0,6145.0,headwater,0
6137.0,6136.0,headwater,0
6135.0,,headwater,0
6161.0,,headwater,0
6035.0,,headwater,0
6025.0,6054.0,headwater,0
6023.0,,headwater,0
6056.0,6040.0,headwater,0
6052.0,,headwater,0
6081.0,,headwater,0
6080.0,6097.0,headwater,0
6077.0,6128.0,headwater,0
6076.0,6092.0,headwater,0
6075.0,6098.0,headwater,0
6069.0,6092.0,headwater,0
6065.0,6092.0,headwater,0
6064.0,,headwater,0
6103.0,,headwater,0
6089.0,6086.0,headwater,0
6082.0,6078.0,headwater,0
5966.0,5998.0,headwater,0
5962.0,5990.0,headwater,0
5956.0,5990.0,headwater,0
6877.0,26903.0,headwater,0
6850.0,8849.0,headwater,0
5994.0,6092.0,headwater,0
5991.0,5996.0,headwater,0
5985.0,,headwater,0
5978.0,,headwater,0
5977.0,5976.0,headwater,0
6016.0,6010.0,headwater,0
6013.0,6092.0,headwater,0
6003.0,,headwater,0
6002.0,6012.0,headwater,0
6001.0,,headwater,0
5999.0,,headwater,0
5866.0,5834.0,headwater,0
5894.0,5967.0,headwater,0
5879.0,5885.0,headwater,0
6919.0,6269.0,headwater,0
6918.0,6260.0,headwater,0
6892.0,6153.0,headwater,0
6886.0,6882.0,headwater,0
5918.0,,headwater,0
5913.0,5923.0,headwater,0
5910.0,,headwater,0
5899.0,5887.0,headwater,0
5933.0,5930.0,headwater,0
5951.0,5967.0,headwater,0
5946.0,5942.0,headwater,0
5945.0,5967.0,headwater,0
5970.0,5974.0,headwater,0
5800.0,7173.0,headwater,0
5799.0,5766.0,headwater,0
5792.0,5838.0,headwater,0
6941.0,13969.0,headwater,0
6934.0,,headwater,0
5817.0,5812.0,headwater,0
5815.0,5914.0,headwater,0
5810.0,7161.0,headwater,0
5831.0,5842.0,headwater,0
5827.0,7161.0,headwater,0
5825.0,5901.0,headwater,0
5819.0,5836.0,headwater,0
5856.0,5882.0,headwater,0
5841.0,5852.0,headwater,0
5839.0,5846.0,headwater,0
5871.0,5857.0,headwater,0
5717.0,,headwater,0
5715.0,5726.0,headwater,0
5710.0,,headwater,0
5709.0,5740.0,headwater,0
5706.0,5769.0,headwater,0
5705.0,,headwater,0
5699.0,,headwater,0
6965.0,6966.0,headwater,0
6957.0,,headwater,0
6956.0,,headwater,0
6953.0,6276.0,headwater,0
6950.0,6273.0,headwater,0
6949.0,,headwater,0
6947.0,7417.0,headwater,0
5732.0,5736.0,headwater,0
5720.0,,headwater,0
7079.0,7056.0,headwater,0
7077.0,,headwater,0
7074.0,7056.0,headwater,0
7072.0,7056.0,headwater,0
7067.0,,headwater,0
7066.0,,headwater,0
7062.0,7082.0,headwater,0
7059.0,,headwater,0
7051.0,15656.0,headwater,0
7047.0,5427.0,headwater,0
7016.0,7017.0,headwater,0
6970.0,6959.0,headwater,0
6969.0,6959.0,headwater,0
5692.0,,headwater,0
5689.0,,headwater,0
5686.0,5682.0,headwater,0
7112.0,15677.0,headwater,0
5675.0,5672.0,headwater,0
5671.0,,headwater,0
5669.0,5670.0,headwater,0
5667.0,5656.0,headwater,0
5664.0,,headwater,0
5657.0,,headwater,0
7110.0,7111.0,headwater,0
7109.0,7108.0,headwater,0
7103.0,7805.0,headwater,0
7102.0,15656.0,headwater,0
7096.0,7805.0,headwater,0
7095.0,7104.0,headwater,0
7091.0,,headwater,0
7083.0,,headwater,0
7081.0,7082.0,headwater,0
5623.0,5630.0,headwater,0
5620.0,5731.0,headwater,0
5652.0,,headwater,0
5643.0,,headwater,0
5641.0,,headwater,0
5640.0,5654.0,headwater,0
7142.0,5630.0,headwater,0
7140.0,5616.0,headwater,0
7137.0,5578.0,headwater,0
7126.0,7849.0,headwater,0
7125.0,,headwater,0
7122.0,7124.0,headwater,0
7120.0,7121.0,headwater,0
7117.0,15676.0,headwater,0
7116.0,15676.0,headwater,0
7114.0,15677.0,headwater,0
7190.0,,headwater,0
7186.0,,headwater,0
7182.0,7242.0,headwater,0
7180.0,7224.0,headwater,0
7177.0,6033.0,headwater,0
7170.0,,headwater,0
7167.0,5791.0,headwater,0
7162.0,5702.0,headwater,0
7157.0,5746.0,headwater,0
7156.0,5680.0,headwater,0
7152.0,16459.0,headwater,0
7151.0,,headwater,0
7147.0,5662.0,headwater,0
5615.0,5611.0,headwater,0
5610.0,,headwater,0
5627.0,5613.0,headwater,0
5563.0,,headwater,0
5561.0,5476.0,headwater,0
5601.0,,headwater,0
5599.0,5619.0,headwater,0
5584.0,,headwater,0
5581.0,5556.0,headwater,0
7206.0,,headwater,0
7204.0,,headwater,0
7202.0,,headwater,0
7200.0,,headwater,0
7196.0,,headwater,0
7195.0,,headwater,0
7194.0,,headwater,0
7193.0,,headwater,0
7192.0,,headwater,0
7191.0,,headwater,0
5542.0,5531.0,headwater,0
5541.0,5543.0,headwater,0
5540.0,,headwater,0
7238.0,6268.0,headwater,0
7237.0,7297.0,headwater,0
7235.0,,headwater,0
7220.0,6149.0,headwater,0
7216.0,6149.0,headwater,0
7214.0,6134.0,headwater,0
7212.0,6134.0,headwater,0
7209.0,,headwater,0
7208.0,,headwater,0
7207.0,,headwater,0
5570.0,,headwater,0
5568.0,5604.0,headwater,0
5565.0,,headwater,0
5517.0,5520.0,headwater,0
5509.0,,headwater,0
5507.0,5494.0,headwater,0
7270.0,6930.0,headwater,0
7266.0,6149.0,headwater,0
7262.0,,headwater,0
7260.0,6209.0,headwater,0
7253.0,6193.0,headwater,0
7252.0,,headwater,0
7249.0,6149.0,headwater,0
5537.0,5535.0,headwater,0
5534.0,5527.0,headwater,0
5557.0,5525.0,headwater,0
5555.0,,headwater,0
5554.0,5564.0,headwater,0
5552.0,5535.0,headwater,0
5483.0,5494.0,headwater,0
5482.0,5489.0,headwater,0
5480.0,5481.0,headwater,0
5479.0,5494.0,headwater,0
5478.0,5494.0,headwater,0
5475.0,5454.0,headwater,0
7288.0,18065.0,headwater,0
7287.0,18065.0,headwater,0
7283.0,7284.0,headwater,0
7282.0,18215.0,headwater,0
7278.0,7275.0,headwater,0
5504.0,5473.0,headwater,0
5497.0,5502.0,headwater,0
5493.0,,headwater,0
5491.0,5456.0,headwater,0
5519.0,5529.0,headwater,0
7323.0,7332.0,headwater,0
7314.0,7372.0,headwater,0
7312.0,6268.0,headwater,0
7311.0,6281.0,headwater,0
7309.0,6308.0,headwater,0
7306.0,6295.0,headwater,0
7304.0,7307.0,headwater,0
7303.0,6925.0,headwater,0
7300.0,,headwater,0
7299.0,6928.0,headwater,0
7296.0,6264.0,headwater,0
7292.0,7218.0,headwater,0
7289.0,6260.0,headwater,0
5487.0,,headwater,0
5486.0,,headwater,0
5484.0,5447.0,headwater,0
7348.0,7361.0,headwater,0
7343.0,,headwater,0
5468.0,5494.0,headwater,0
5467.0,24920.0,headwater,0
5465.0,5457.0,headwater,0
5464.0,5456.0,headwater,0
5463.0,,headwater,0
5461.0,5457.0,headwater,0
5459.0,7048.0,headwater,0
5452.0,5436.0,headwater,0
5451.0,,headwater,0
7339.0,6929.0,headwater,0
7327.0,14825.0,headwater,0
7326.0,,headwater,0
7325.0,18196.0,headwater,0
7324.0,7407.0,headwater,0
7386.0,7376.0,headwater,0
7384.0,,headwater,0
7382.0,,headwater,0
7381.0,18185.0,headwater,0
7380.0,7349.0,headwater,0
7375.0,7390.0,headwater,0
7374.0,6225.0,headwater,0
7373.0,7313.0,headwater,0
7370.0,7361.0,headwater,0
7369.0,18185.0,headwater,0
7365.0,7427.0,headwater,0
7363.0,6222.0,headwater,0
7362.0,,headwater,0
7360.0,6193.0,headwater,0
7358.0,7349.0,headwater,0
7350.0,6214.0,headwater,0
7404.0,7410.0,headwater,0
7399.0,6945.0,headwater,0
5449.0,5436.0,headwater,0
5448.0,5422.0,headwater,0
5446.0,5427.0,headwater,0
5444.0,,headwater,0
5443.0,7048.0,headwater,0
5442.0,,headwater,0
5440.0,,headwater,0
5434.0,,headwater,0
5430.0,,headwater,0
7398.0,6945.0,headwater,0
7394.0,,headwater,0
7393.0,,headwater,0
7391.0,6262.0,headwater,0
7388.0,7349.0,headwater,0
5420.0,,headwater,0
5417.0,5424.0,headwater,0
5416.0,,headwater,0
5414.0,,headwater,0
5413.0,,headwater,0
5411.0,5407.0,headwater,0
5410.0,5405.0,headwater,0
7442.0,,headwater,0
7437.0,,headwater,0
7435.0,6923.0,headwater,0
7432.0,7564.0,headwater,0
7426.0,6286.0,headwater,0
7425.0,7443.0,headwater,0
7424.0,,headwater,0
7415.0,6295.0,headwater,0
7411.0,,headwater,0
7530.0,6967.0,headwater,0
7526.0,,headwater,0
7524.0,7899.0,headwater,0
7521.0,7551.0,headwater,0
7507.0,7551.0,headwater,0
7498.0,7551.0,headwater,0
7496.0,,headwater,0
7493.0,,headwater,0
7482.0,7551.0,headwater,0
7473.0,6253.0,headwater,0
7470.0,,headwater,0
7466.0,,headwater,0
7457.0,,headwater,0
7455.0,6292.0,headwater,0
7448.0,,headwater,0
5428.0,,headwater,0
5409.0,,headwater,0
5408.0,5397.0,headwater,0
5404.0,,headwater,0
5403.0,,headwater,0
5232.0,,headwater,0
5231.0,1360.0,headwater,0
5230.0,953.0,headwater,0
5228.0,953.0,headwater,0
7548.0,7543.0,headwater,0
7547.0,7551.0,headwater,0
7546.0,6321.0,headwater,0
7544.0,6377.0,headwater,0
7541.0,,headwater,0
7540.0,6324.0,headwater,0
7534.0,7551.0,headwater,0
7533.0,7551.0,headwater,0
7606.0,7543.0,headwater,0
7602.0,7601.0,headwater,0
7600.0,7342.0,headwater,0
7596.0,18180.0,headwater,0
7591.0,7586.0,headwater,0
7590.0,6377.0,headwater,0
7588.0,,headwater,0
7575.0,,headwater,0
7574.0,7595.0,headwater,0
7573.0,7559.0,headwater,0
7571.0,,headwater,0
7558.0,,headwater,0
7556.0,7551.0,headwater,0
7555.0,6967.0,headwater,0
7554.0,7595.0,headwater,0
7552.0,7543.0,headwater,0
5224.0,1356.0,headwater,0
5223.0,953.0,headwater,0
5219.0,5214.0,headwater,0
5066.0,83.0,headwater,0
4538.0,,headwater,0
4532.0,857.0,headwater,0
4530.0,854.0,headwater,0
4528.0,851.0,headwater,0
4527.0,4526.0,headwater,0
4525.0,845.0,headwater,0
4523.0,851.0,headwater,0
4522.0,840.0,headwater,0
7628.0,6372.0,headwater,0
7627.0,,headwater,0
7618.0,6967.0,headwater,0
7609.0,7219.0,headwater,0
4464.0,,headwater,0
4460.0,1835.0,headwater,0
4459.0,552.0,headwater,0
4458.0,514.0,headwater,0
4457.0,511.0,headwater,0
4456.0,1859.0,headwater,0
4455.0,1869.0,headwater,0
4453.0,496.0,headwater,0
4452.0,1806.0,headwater,0
4450.0,500.0,headwater,0
4449.0,670.0,headwater,0
4447.0,703.0,headwater,0
7670.0,7631.0,headwater,0
7660.0,14042.0,headwater,0
5226.0,953.0,headwater,0
5225.0,1356.0,headwater,0
4419.0,38.0,headwater,0
4418.0,62.0,headwater,0
4417.0,62.0,headwater,0
4416.0,2164.0,headwater,0
4415.0,2159.0,headwater,0
4405.0,,headwater,0
4401.0,1690.0,headwater,0
4393.0,1693.0,headwater,0
7721.0,13957.0,headwater,0
7717.0,7663.0,headwater,0
7700.0,7769.0,headwater,0
7691.0,7674.0,headwater,0
7688.0,6493.0,headwater,0
7686.0,,headwater,0
4483.0,,headwater,0
4466.0,4471.0,headwater,0
7758.0,6574.0,headwater,0
7757.0,6900.0,headwater,0
7756.0,6574.0,headwater,0
7748.0,,headwater,0
7747.0,6569.0,headwater,0
7745.0,6530.0,headwater,0
7738.0,6556.0,headwater,0
7735.0,7667.0,headwater,0
7729.0,13969.0,headwater,0
7727.0,7667.0,headwater,0
7726.0,7667.0,headwater,0
7724.0,7769.0,headwater,0
4437.0,282.0,headwater,0
4430.0,279.0,headwater,0
4426.0,278.0,headwater,0
4425.0,277.0,headwater,0
7778.0,,headwater,0
7777.0,6620.0,headwater,0
4385.0,109.0,headwater,0
4351.0,4352.0,headwater,0
4343.0,4352.0,headwater,0
4324.0,,headwater,0
4323.0,4322.0,headwater,0
4318.0,2785.0,headwater,0
4300.0,2785.0,headwater,0
4298.0,4291.0,headwater,0
4294.0,4291.0,headwater,0
4273.0,,headwater,0
4257.0,107.0,headwater,0
4247.0,106.0,headwater,0
4236.0,2969.0,headwater,0
7770.0,,headwater,0
4131.0,4113.0,headwater,0
4122.0,,headwater,0
4116.0,,headwater,0
4016.0,,headwater,0
4015.0,,headwater,0
4013.0,,headwater,0
4009.0,,headwater,0
4008.0,4007.0,headwater,0
7794.0,,headwater,0
7792.0,,headwater,0
7791.0,,headwater,0
7790.0,13410.0,headwater,0
7786.0,6541.0,headwater,0
7781.0,13617.0,headwater,0
7780.0,,headwater,0
7779.0,,headwater,0
7836.0,,headwater,0
7835.0,,headwater,0
7826.0,6669.0,headwater,0
7820.0,,headwater,0
7819.0,6669.0,headwater,0
7814.0,,headwater,0
7812.0,6657.0,headwater,0
7811.0,6657.0,headwater,0
7803.0,6809.0,headwater,0
7801.0,,headwater,0
7799.0,7760.0,headwater,0
4232.0,845.0,headwater,0
4216.0,845.0,headwater,0
4148.0,4113.0,headwater,0
4143.0,4140.0,headwater,0
4133.0,,headwater,0
7874.0,,headwater,0
7872.0,,headwater,0
7870.0,,headwater,0
7869.0,,headwater,0
7859.0,,headwater,0
7858.0,,headwater,0
7856.0,,headwater,0
7855.0,15607.0,headwater,0
7854.0,,headwater,0
7851.0,7118.0,headwater,0
7848.0,6722.0,headwater,0
7845.0,7115.0,headwater,0
7843.0,6723.0,headwater,0
7841.0,7839.0,headwater,0
7840.0,15604.0,headwater,0
7838.0,,headwater,0
4001.0,,headwater,0
3355.0,2881.0,headwater,0
3354.0,,headwater,0
3353.0,,headwater,0
3352.0,,headwater,0
3324.0,3317.0,headwater,0
3321.0,2791.0,headwater,0
3320.0,3308.0,headwater,0
3314.0,399.0,headwater,0
7887.0,7885.0,headwater,0
7883.0,,headwater,0
7882.0,7678.0,headwater,0
7880.0,,headwater,0
7878.0,,headwater,0
7876.0,,headwater,0
7875.0,,headwater,0
8489.0,6809.0,headwater,0
8485.0,6835.0,headwater,0
8475.0,8484.0,headwater,0
8466.0,8484.0,headwater,0
8460.0,8484.0,headwater,0
8458.0,8484.0,headwater,0
8457.0,8484.0,headwater,0
8094.0,,headwater,0
8082.0,,headwater,0
8062.0,,headwater,0
7940.0,,headwater,0
7908.0,,headwater,0
7903.0,,headwater,0
7889.0,,headwater,0
7888.0,7885.0,headwater,0
4006.0,,headwater,0
8575.0,6916.0,headwater,0
8574.0,6814.0,headwater,0
8565.0,6814.0,headwater,0
8557.0,6814.0,headwater,0
8553.0,6814.0,headwater,0
8549.0,8552.0,headwater,0
8536.0,8544.0,headwater,0
8529.0,8552.0,headwater,0
8528.0,8552.0,headwater,0
8521.0,6917.0,headwater,0
8520.0,6917.0,headwater,0
8511.0,8514.0,headwater,0
8507.0,6858.0,headwater,0
8498.0,6809.0,headwater,0
8493.0,8496.0,headwater,0
8492.0,6809.0,headwater,0
8635.0,6807.0,headwater,0
8634.0,6807.0,headwater,0
8633.0,6829.0,headwater,0
8621.0,6810.0,headwater,0
8616.0,6807.0,headwater,0
8615.0,6807.0,headwater,0
8605.0,6815.0,headwater,0
8603.0,6812.0,headwater,0
8596.0,6846.0,headwater,0
8595.0,6846.0,headwater,0
8593.0,8597.0,headwater,0
8589.0,6916.0,headwater,0
8587.0,6916.0,headwater,0
8586.0,6916.0,headwater,0
8584.0,6851.0,headwater,0
8581.0,6851.0,headwater,0
3287.0,2191.0,headwater,0
3283.0,,headwater,0
3280.0,3279.0,headwater,0
3271.0,,headwater,0
3265.0,2190.0,headwater,0
3259.0,,headwater,0
3258.0,,headwater,0
3257.0,,headwater,0
3255.0,2928.0,headwater,0
3254.0,,headwater,0
3252.0,3253.0,headwater,0
3251.0,1013.0,headwater,0
3250.0,1919.0,headwater,0
3249.0,1920.0,headwater,0
8646.0,8645.0,headwater,0
8639.0,8641.0,headwater,0
8714.0,,headwater,0
8705.0,8706.0,headwater,0
8704.0,8707.0,headwater,0
8703.0,8706.0,headwater,0
8699.0,6802.0,headwater,0
8695.0,6853.0,headwater,0
8694.0,6853.0,headwater,0
8690.0,6865.0,headwater,0
8686.0,8681.0,headwater,0
8683.0,8681.0,headwater,0
8680.0,6802.0,headwater,0
8672.0,8675.0,headwater,0
8661.0,8675.0,headwater,0
8659.0,8675.0,headwater,0
8655.0,8657.0,headwater,0
8654.0,8648.0,headwater,0
3243.0,3245.0,headwater,0
3239.0,3241.0,headwater,0
3237.0,3241.0,headwater,0
3235.0,3241.0,headwater,0
3230.0,3233.0,headwater,0
3226.0,3228.0,headwater,0
3224.0,3233.0,headwater,0
3223.0,3233.0,headwater,0
3220.0,3221.0,headwater,0
8775.0,8785.0,headwater,0
8753.0,,headwater,0
8751.0,,headwater,0
8726.0,,headwater,0
8721.0,,headwater,0
8719.0,,headwater,0
8716.0,6830.0,headwater,0
8875.0,6706.0,headwater,0
8871.0,6838.0,headwater,0
8864.0,8867.0,headwater,0
8863.0,6838.0,headwater,0
8862.0,6838.0,headwater,0
8859.0,6838.0,headwater,0
8858.0,6838.0,headwater,0
8852.0,,headwater,0
8844.0,,headwater,0
8842.0,,headwater,0
8839.0,6709.0,headwater,0
8838.0,6709.0,headwater,0
8831.0,,headwater,0
8815.0,6860.0,headwater,0
8806.0,6855.0,headwater,0
8797.0,,headwater,0
8939.0,,headwater,0
8936.0,,headwater,0
8934.0,,headwater,0
8929.0,6837.0,headwater,0
8927.0,6837.0,headwater,0
8926.0,6837.0,headwater,0
8925.0,6837.0,headwater,0
8924.0,6837.0,headwater,0
8919.0,8922.0,headwater,0
8914.0,8918.0,headwater,0
8912.0,8918.0,headwater,0
8910.0,8918.0,headwater,0
8906.0,,headwater,0
8896.0,,headwater,0
8886.0,6706.0,headwater,0
8878.0,6706.0,headwater,0
9036.0,6659.0,headwater,0
9035.0,6659.0,headwater,0
9027.0,9028.0,headwater,0
9022.0,,headwater,0
9014.0,9020.0,headwater,0
9013.0,9020.0,headwater,0
9008.0,,headwater,0
9001.0,6852.0,headwater,0
8997.0,8999.0,headwater,0
8992.0,8996.0,headwater,0
8986.0,8999.0,headwater,0
8983.0,6852.0,headwater,0
8975.0,8972.0,headwater,0
8956.0,,headwater,0
8949.0,,headwater,0
8944.0,,headwater,0
9058.0,9059.0,headwater,0
3219.0,,headwater,0
3217.0,1903.0,headwater,0
3216.0,,headwater,0
3214.0,,headwater,0
3212.0,1002.0,headwater,0
3209.0,3210.0,headwater,0
3208.0,1900.0,headwater,0
3206.0,3207.0,headwater,0
3205.0,2963.0,headwater,0
3204.0,2770.0,headwater,0
3203.0,2770.0,headwater,0
3201.0,3202.0,headwater,0
9056.0,9059.0,headwater,0
9043.0,9039.0,headwater,0
9037.0,14821.0,headwater,0
9598.0,,headwater,0
9582.0,1589.0,headwater,0
9577.0,,headwater,0
9534.0,,headwater,0
9533.0,,headwater,0
9095.0,3097.0,headwater,0
9094.0,1988.0,headwater,0
9093.0,3096.0,headwater,0
9092.0,3096.0,headwater,0
9091.0,3095.0,headwater,0
9089.0,,headwater,0
9088.0,6835.0,headwater,0
9087.0,,headwater,0
9085.0,9084.0,headwater,0
9062.0,9059.0,headwater,0
9061.0,9059.0,headwater,0
9953.0,9954.0,headwater,0
9944.0,9954.0,headwater,0
9943.0,9954.0,headwater,0
9867.0,,headwater,0
9795.0,1565.0,headwater,0
9775.0,,headwater,0
9772.0,,headwater,0
9767.0,,headwater,0
9679.0,1496.0,headwater,0
9667.0,1589.0,headwater,0
9652.0,1492.0,headwater,0
9636.0,,headwater,0
9630.0,,headwater,0
9626.0,,headwater,0
9619.0,,headwater,0
9614.0,,headwater,0
10046.0,10047.0,headwater,0
10045.0,,headwater,0
10044.0,,headwater,0
10040.0,,headwater,0
10039.0,,headwater,0
10038.0,,headwater,0
10035.0,,headwater,0
10033.0,,headwater,0
10032.0,,headwater,0
10031.0,,headwater,0
10030.0,,headwater,0
9997.0,,headwater,0
9990.0,,headwater,0
9983.0,9985.0,headwater,0
9976.0,,headwater,0
9966.0,9973.0,headwater,0
10090.0,,headwater,0
10088.0,,headwater,0
10086.0,,headwater,0
10079.0,,headwater,0
10075.0,,headwater,0
10074.0,,headwater,0
10070.0,,headwater,0
10069.0,,headwater,0
10068.0,,headwater,0
10066.0,,headwater,0
10062.0,,headwater,0
10061.0,,headwater,0
10059.0,,headwater,0
10057.0,,headwater,0
10055.0,,headwater,0
10054.0,,headwater,0
10401.0,10500.0,headwater,0
10400.0,10500.0,headwater,0
10398.0,10537.0,headwater,0
10397.0,10537.0,headwater,0
10392.0,10549.0,headwater,0
10390.0,10549.0,headwater,0
10387.0,10549.0,headwater,0
10386.0,6176.0,headwater,0
10382.0,10549.0,headwater,0
10378.0,,headwater,0
10375.0,6145.0,headwater,0
10373.0,,headwater,0
10289.0,6787.0,headwater,0
10218.0,,headwater,0
10094.0,7197.0,headwater,0
10091.0,,headwater,0
10410.0,10415.0,headwater,0
10407.0,10415.0,headwater,0
3198.0,2948.0,headwater,0
3191.0,3193.0,headwater,0
3190.0,3193.0,headwater,0
3189.0,3202.0,headwater,0
3185.0,3187.0,headwater,0
3184.0,3187.0,headwater,0
3183.0,3187.0,headwater,0
3181.0,3182.0,headwater,0
3180.0,3188.0,headwater,0
10406.0,10417.0,headwater,0
10405.0,,headwater,0
10404.0,,headwater,0
10403.0,10500.0,headwater,0
10402.0,,headwater,0
10478.0,10446.0,headwater,0
10476.0,,headwater,0
3175.0,3177.0,headwater,0
3174.0,3177.0,headwater,0
3166.0,3169.0,headwater,0
3162.0,3163.0,headwater,0
3160.0,3161.0,headwater,0
3157.0,3161.0,headwater,0
10475.0,,headwater,0
10447.0,10446.0,headwater,0
10445.0,10446.0,headwater,0
10434.0,10435.0,headwater,0
10432.0,10446.0,headwater,0
10429.0,10528.0,headwater,0
10422.0,10431.0,headwater,0
10416.0,10417.0,headwater,0
10539.0,6144.0,headwater,0
10538.0,,headwater,0
10535.0,,headwater,0
10533.0,6144.0,headwater,0
10531.0,10528.0,headwater,0
10527.0,10525.0,headwater,0
10526.0,10528.0,headwater,0
10520.0,,headwater,0
10518.0,6167.0,headwater,0
10509.0,10508.0,headwater,0
10505.0,10507.0,headwater,0
10503.0,10611.0,headwater,0
10498.0,6155.0,headwater,0
10496.0,,headwater,0
10493.0,,headwater,0
10482.0,10490.0,headwater,0
10546.0,10544.0,headwater,0
3154.0,1905.0,headwater,0
3153.0,2920.0,headwater,0
3152.0,,headwater,0
3151.0,,headwater,0
3149.0,3150.0,headwater,0
3145.0,3147.0,headwater,0
3142.0,3143.0,headwater,0
3140.0,3144.0,headwater,0
3137.0,,headwater,0
3133.0,3136.0,headwater,0
3131.0,,headwater,0
10545.0,,headwater,0
10543.0,,headwater,0
10542.0,,headwater,0
10540.0,,headwater,0
10598.0,,headwater,0
10592.0,10414.0,headwater,0
10589.0,10446.0,headwater,0
10584.0,,headwater,0
10579.0,,headwater,0
10577.0,10495.0,headwater,0
10576.0,,headwater,0
10575.0,10570.0,headwater,0
10571.0,,headwater,0
10562.0,10563.0,headwater,0
10561.0,10563.0,headwater,0
10560.0,10563.0,headwater,0
10558.0,10614.0,headwater,0
10557.0,10614.0,headwater,0
10550.0,,headwater,0
10547.0,,headwater,0
11469.0,13056.0,headwater,0
11468.0,7807.0,headwater,0
11467.0,7807.0,headwater,0
11464.0,7759.0,headwater,0
11460.0,12346.0,headwater,0
11458.0,13523.0,headwater,0
11457.0,,headwater,0
11455.0,12559.0,headwater,0
11454.0,,headwater,0
11448.0,,headwater,0
11447.0,12830.0,headwater,0
11439.0,13268.0,headwater,0
10621.0,,headwater,0
10616.0,10611.0,headwater,0
10612.0,,headwater,0
10607.0,6145.0,headwater,0
11521.0,13276.0,headwater,0
11519.0,13304.0,headwater,0
11512.0,13995.0,headwater,0
11510.0,13147.0,headwater,0
11509.0,7788.0,headwater,0
11508.0,7082.0,headwater,0
11501.0,13250.0,headwater,0
11500.0,,headwater,0
11497.0,13186.0,headwater,0
11496.0,13638.0,headwater,0
11491.0,13017.0,headwater,0
11480.0,7807.0,headwater,0
11476.0,,headwater,0
11475.0,13292.0,headwater,0
11473.0,7807.0,headwater,0
11472.0,13612.0,headwater,0
11568.0,13440.0,headwater,0
11558.0,12855.0,headwater,0
11556.0,7797.0,headwater,0
11555.0,13213.0,headwater,0
11554.0,13436.0,headwater,0
11553.0,,headwater,0
11550.0,13250.0,headwater,0
11546.0,12993.0,headwater,0
11545.0,13188.0,headwater,0
11543.0,7808.0,headwater,0
11533.0,,headwater,0
11530.0,6426.0,headwater,0
11529.0,13817.0,headwater,0
11528.0,13329.0,headwater,0
11527.0,7807.0,headwater,0
11522.0,12855.0,headwater,0
11613.0,,headwater,0
11612.0,13124.0,headwater,0
11611.0,7832.0,headwater,0
11609.0,12147.0,headwater,0
11607.0,7807.0,headwater,0
11602.0,7762.0,headwater,0
11599.0,13186.0,headwater,0
11598.0,13250.0,headwater,0
11593.0,13147.0,headwater,0
11591.0,12634.0,headwater,0
11582.0,7798.0,headwater,0
11579.0,13793.0,headwater,0
11578.0,12976.0,headwater,0
11576.0,7807.0,headwater,0
11574.0,13265.0,headwater,0
11571.0,,headwater,0
11653.0,,headwater,0
11652.0,6425.0,headwater,0
11651.0,12772.0,headwater,0
11650.0,7807.0,headwater,0
11649.0,12945.0,headwater,0
11648.0,13204.0,headwater,0
11638.0,,headwater,0
11637.0,12234.0,headwater,0
11633.0,13292.0,headwater,0
11626.0,7807.0,headwater,0
11625.0,7728.0,headwater,0
11623.0,7807.0,headwater,0
11620.0,13440.0,headwater,0
11618.0,13276.0,headwater,0
11617.0,13302.0,headwater,0
11614.0,,headwater,0
11691.0,7807.0,headwater,0
11687.0,12601.0,headwater,0
11686.0,12762.0,headwater,0
11684.0,13511.0,headwater,0
11683.0,7807.0,headwater,0
11678.0,12656.0,headwater,0
11673.0,13878.0,headwater,0
11669.0,7807.0,headwater,0
11667.0,12852.0,headwater,0
11665.0,,headwater,0
11664.0,13561.0,headwater,0
11663.0,13381.0,headwater,0
11662.0,12993.0,headwater,0
11658.0,13124.0,headwater,0
11656.0,12537.0,headwater,0
11655.0,,headwater,0
11725.0,13188.0,headwater,0
11720.0,7832.0,headwater,0
11719.0,,headwater,0
11718.0,14001.0,headwater,0
11717.0,12640.0,headwater,0
11714.0,7807.0,headwater,0
11711.0,12501.0,headwater,0
11707.0,,headwater,0
11706.0,13491.0,headwater,0
11704.0,13593.0,headwater,0
11699.0,13122.0,headwater,0
11697.0,13817.0,headwater,0
11695.0,,headwater,0
11694.0,12573.0,headwater,0
11693.0,,headwater,0
11692.0,,headwater,0
11752.0,7082.0,headwater,0
11750.0,13408.0,headwater,0
11749.0,,headwater,0
11747.0,13020.0,headwater,0
11745.0,7807.0,headwater,0
11744.0,,headwater,0
11743.0,13122.0,headwater,0
11742.0,7807.0,headwater,0
11738.0,12976.0,headwater,0
11737.0,,headwater,0
11734.0,,headwater,0
11733.0,13553.0,headwater,0
11730.0,6372.0,headwater,0
11729.0,13628.0,headwater,0
11728.0,13913.0,headwater,0
11727.0,7808.0,headwater,0
11782.0,12573.0,headwater,0
11779.0,13878.0,headwater,0
11778.0,7807.0,headwater,0
11774.0,13981.0,headwater,0
11773.0,7807.0,headwater,0
11772.0,13311.0,headwater,0
11769.0,13849.0,headwater,0
11768.0,13839.0,headwater,0
11767.0,13363.0,headwater,0
11766.0,12548.0,headwater,0
11761.0,13186.0,headwater,0
11760.0,7807.0,headwater,0
11758.0,,headwater,0
11757.0,13431.0,headwater,0
11756.0,13583.0,headwater,0
11754.0,12993.0,headwater,0
11827.0,7807.0,headwater,0
11825.0,12634.0,headwater,0
11824.0,7807.0,headwater,0
11823.0,12497.0,headwater,0
11821.0,13137.0,headwater,0
11813.0,14023.0,headwater,0
11812.0,12867.0,headwater,0
11807.0,7832.0,headwater,0
11803.0,13817.0,headwater,0
11802.0,,headwater,0
11799.0,13622.0,headwater,0
11798.0,7807.0,headwater,0
11796.0,6609.0,headwater,0
11793.0,12830.0,headwater,0
11787.0,13690.0,headwater,0
11785.0,7807.0,headwater,0
11865.0,13124.0,headwater,0
11864.0,12319.0,headwater,0
11862.0,6656.0,headwater,0
11860.0,12887.0,headwater,0
11859.0,13793.0,headwater,0
11858.0,12576.0,headwater,0
11855.0,,headwater,0
11854.0,,headwater,0
11853.0,,headwater,0
11851.0,13408.0,headwater,0
11847.0,,headwater,0
11846.0,12756.0,headwater,0
11845.0,6656.0,headwater,0
11843.0,12753.0,headwater,0
11842.0,6372.0,headwater,0
11837.0,7759.0,headwater,0
11910.0,12629.0,headwater,0
11908.0,12751.0,headwater,0
11905.0,13266.0,headwater,0
11903.0,13053.0,headwater,0
11902.0,12808.0,headwater,0
11900.0,7807.0,headwater,0
11893.0,7807.0,headwater,0
11889.0,12931.0,headwater,0
11888.0,12301.0,headwater,0
11887.0,13381.0,headwater,0
11884.0,12976.0,headwater,0
11875.0,13523.0,headwater,0
11873.0,6609.0,headwater,0
11871.0,12969.0,headwater,0
11869.0,12890.0,headwater,0
11868.0,13559.0,headwater,0
11944.0,12830.0,headwater,0
11940.0,,headwater,0
11939.0,13100.0,headwater,0
11937.0,13817.0,headwater,0
11936.0,13983.0,headwater,0
11931.0,,headwater,0
11930.0,,headwater,0
11928.0,13408.0,headwater,0
11923.0,13499.0,headwater,0
11922.0,12657.0,headwater,0
11920.0,13537.0,headwater,0
11919.0,12986.0,headwater,0
11918.0,13222.0,headwater,0
11915.0,6656.0,headwater,0
11914.0,13491.0,headwater,0
11911.0,7807.0,headwater,0
11985.0,13622.0,headwater,0
11980.0,12598.0,headwater,0
11979.0,12468.0,headwater,0
11976.0,,headwater,0
11972.0,14055.0,headwater,0
11966.0,6697.0,headwater,0
11964.0,13144.0,headwater,0
11962.0,13447.0,headwater,0
11961.0,,headwater,0
11960.0,12980.0,headwater,0
11959.0,7772.0,headwater,0
11956.0,12569.0,headwater,0
11955.0,12958.0,headwater,0
11951.0,13839.0,headwater,0
11949.0,14001.0,headwater,0
11946.0,13913.0,headwater,0
12039.0,,headwater,0
12038.0,13603.0,headwater,0
12035.0,6656.0,headwater,0
12033.0,13186.0,headwater,0
12032.0,7759.0,headwater,0
12029.0,13137.0,headwater,0
12021.0,7775.0,headwater,0
12018.0,13098.0,headwater,0
12016.0,13987.0,headwater,0
12012.0,13122.0,headwater,0
12010.0,,headwater,0
12001.0,13235.0,headwater,0
11994.0,13573.0,headwater,0
11993.0,12808.0,headwater,0
11990.0,7807.0,headwater,0
11989.0,,headwater,0
12075.0,12690.0,headwater,0
12070.0,13137.0,headwater,0
12064.0,7807.0,headwater,0
12062.0,,headwater,0
12061.0,13295.0,headwater,0
12058.0,13431.0,headwater,0
12057.0,13845.0,headwater,0
12056.0,13672.0,headwater,0
12055.0,,headwater,0
12054.0,7832.0,headwater,0
12052.0,13302.0,headwater,0
12051.0,12946.0,headwater,0
12048.0,13057.0,headwater,0
12045.0,,headwater,0
12044.0,13593.0,headwater,0
12040.0,13204.0,headwater,0
12110.0,13268.0,headwater,0
12109.0,,headwater,0
12102.0,13550.0,headwater,0
12100.0,,headwater,0
12098.0,13292.0,headwater,0
12092.0,12887.0,headwater,0
12091.0,13612.0,headwater,0
12089.0,13708.0,headwater,0
12088.0,13995.0,headwater,0
12087.0,,headwater,0
12086.0,13144.0,headwater,0
12085.0,7082.0,headwater,0
12083.0,12680.0,headwater,0
12082.0,12986.0,headwater,0
12081.0,7807.0,headwater,0
12076.0,,headwater,0
12150.0,13277.0,headwater,0
12148.0,13276.0,headwater,0
12146.0,12896.0,headwater,0
12143.0,13250.0,headwater,0
12141.0,7808.0,headwater,0
12139.0,13628.0,headwater,0
12138.0,13276.0,headwater,0
12137.0,14003.0,headwater,0
12136.0,14057.0,headwater,0
12134.0,13235.0,headwater,0
12132.0,13995.0,headwater,0
12129.0,13839.0,headwater,0
12126.0,12736.0,headwater,0
12125.0,6656.0,headwater,0
12123.0,12769.0,headwater,0
12114.0,14001.0,headwater,0
12185.0,13537.0,headwater,0
12181.0,6426.0,headwater,0
12177.0,7807.0,headwater,0
12176.0,13839.0,headwater,0
12174.0,7807.0,headwater,0
12173.0,6656.0,headwater,0
12170.0,,headwater,0
12169.0,12740.0,headwater,0
12168.0,13849.0,headwater,0
12161.0,13381.0,headwater,0
12159.0,7762.0,headwater,0
12158.0,,headwater,0
12157.0,13263.0,headwater,0
12156.0,14001.0,headwater,0
12155.0,12886.0,headwater,0
12151.0,7807.0,headwater,0
12224.0,12521.0,headwater,0
12222.0,,headwater,0
12220.0,6656.0,headwater,0
12219.0,13878.0,headwater,0
12216.0,,headwater,0
12215.0,13017.0,headwater,0
12213.0,13266.0,headwater,0
12208.0,7695.0,headwater,0
12207.0,12612.0,headwater,0
12204.0,,headwater,0
12202.0,7807.0,headwater,0
12195.0,,headwater,0
12193.0,13017.0,headwater,0
12191.0,7798.0,headwater,0
12189.0,13993.0,headwater,0
12188.0,12886.0,headwater,0
12262.0,13378.0,headwater,0
12261.0,13124.0,headwater,0
12260.0,12993.0,headwater,0
12258.0,12649.0,headwater,0
12257.0,13338.0,headwater,0
12255.0,13100.0,headwater,0
12254.0,7807.0,headwater,0
12252.0,13277.0,headwater,0
12250.0,13817.0,headwater,0
12248.0,,headwater,0
12246.0,12579.0,headwater,0
12243.0,13893.0,headwater,0
12240.0,14001.0,headwater,0
12237.0,13239.0,headwater,0
12235.0,13503.0,headwater,0
12230.0,13565.0,headwater,0
12281.0,12815.0,headwater,0
3127.0,1928.0,headwater,0
3124.0,3125.0,headwater,0
3121.0,3123.0,headwater,0
3116.0,3117.0,headwater,0
3114.0,3115.0,headwater,0
3109.0,3110.0,headwater,0
3108.0,51.0,headwater,0
3106.0,1970.0,headwater,0
12277.0,7807.0,headwater,0
12276.0,13845.0,headwater,0
12275.0,13393.0,headwater,0
12272.0,12841.0,headwater,0
12269.0,7763.0,headwater,0
12268.0,7695.0,headwater,0
12266.0,12994.0,headwater,0
12329.0,13431.0,headwater,0
12327.0,,headwater,0
12326.0,7808.0,headwater,0
12325.0,12939.0,headwater,0
12323.0,,headwater,0
12322.0,12888.0,headwater,0
12317.0,13511.0,headwater,0
12316.0,7763.0,headwater,0
12312.0,7807.0,headwater,0
12310.0,,headwater,0
12307.0,13878.0,headwater,0
12303.0,13245.0,headwater,0
12299.0,7807.0,headwater,0
12296.0,13545.0,headwater,0
12293.0,13188.0,headwater,0
12289.0,13378.0,headwater,0
12363.0,13878.0,headwater,0
12362.0,13562.0,headwater,0
12361.0,12828.0,headwater,0
12359.0,13987.0,headwater,0
12354.0,7808.0,headwater,0
12351.0,13378.0,headwater,0
12349.0,13257.0,headwater,0
12344.0,,headwater,0
12343.0,13612.0,headwater,0
12341.0,14059.0,headwater,0
12338.0,13877.0,headwater,0
12337.0,13995.0,headwater,0
12335.0,13540.0,headwater,0
12333.0,,headwater,0
12332.0,,headwater,0
12330.0,13593.0,headwater,0
12405.0,13845.0,headwater,0
12404.0,12914.0,headwater,0
12403.0,,headwater,0
12402.0,13750.0,headwater,0
12399.0,13913.0,headwater,0
12396.0,,headwater,0
12392.0,12677.0,headwater,0
12390.0,12728.0,headwater,0
12389.0,7759.0,headwater,0
12383.0,13290.0,headwater,0
12377.0,13565.0,headwater,0
12372.0,,headwater,0
12370.0,13188.0,headwater,0
12367.0,13378.0,headwater,0
12366.0,12994.0,headwater,0
12365.0,7695.0,headwater,0
12447.0,13983.0,headwater,0
12446.0,13277.0,headwater,0
12444.0,13263.0,headwater,0
12441.0,12901.0,headwater,0
12435.0,,headwater,0
12434.0,7807.0,headwater,0
12429.0,7722.0,headwater,0
12427.0,7807.0,headwater,0
12426.0,,headwater,0
12425.0,,headwater,0
12423.0,7734.0,headwater,0
12416.0,13562.0,headwater,0
12414.0,12973.0,headwater,0
12413.0,13622.0,headwater,0
12409.0,7807.0,headwater,0
12407.0,13577.0,headwater,0
12487.0,7807.0,headwater,0
12484.0,13569.0,headwater,0
12483.0,13057.0,headwater,0
12479.0,13107.0,headwater,0
12478.0,,headwater,0
12477.0,,headwater,0
12473.0,6658.0,headwater,0
12471.0,13524.0,headwater,0
12466.0,,headwater,0
12463.0,13268.0,headwater,0
12462.0,13573.0,headwater,0
12460.0,13213.0,headwater,0
12453.0,,headwater,0
12451.0,13268.0,headwater,0
12450.0,13302.0,headwater,0
12448.0,7807.0,headwater,0
12532.0,13272.0,headwater,0
12529.0,13653.0,headwater,0
12528.0,12933.0,headwater,0
12525.0,13266.0,headwater,0
12524.0,13290.0,headwater,0
12523.0,13999.0,headwater,0
12522.0,13643.0,headwater,0
12520.0,13593.0,headwater,0
12519.0,12980.0,headwater,0
12517.0,13845.0,headwater,0
12511.0,13983.0,headwater,0
12510.0,13622.0,headwater,0
12507.0,,headwater,0
12499.0,,headwater,0
12495.0,13079.0,headwater,0
12489.0,13605.0,headwater,0
12546.0,7796.0,headwater,0
12545.0,13204.0,headwater,0
3103.0,3105.0,headwater,0
3101.0,3105.0,headwater,0
3099.0,3100.0,headwater,0
3098.0,,headwater,0
3041.0,,headwater,0
3032.0,973.0,headwater,0
3031.0,,headwater,0
3021.0,2036.0,headwater,0
12541.0,13329.0,headwater,0
12540.0,15687.0,headwater,0
12539.0,12902.0,headwater,0
12538.0,6913.0,headwater,0
12535.0,,headwater,0
12534.0,13573.0,headwater,0
12590.0,14020.0,headwater,0
12589.0,13517.0,headwater,0
12587.0,13289.0,headwater,0
12581.0,7699.0,headwater,0
12580.0,13595.0,headwater,0
12578.0,13021.0,headwater,0
12563.0,,headwater,0
12562.0,13845.0,headwater,0
12561.0,13289.0,headwater,0
12560.0,13411.0,headwater,0
12556.0,13558.0,headwater,0
12555.0,13025.0,headwater,0
12553.0,,headwater,0
12552.0,,headwater,0
12551.0,,headwater,0
12547.0,13798.0,headwater,0
12638.0,6392.0,headwater,0
12635.0,12921.0,headwater,0
12630.0,12967.0,headwater,0
12628.0,13498.0,headwater,0
12623.0,7763.0,headwater,0
12622.0,7807.0,headwater,0
12620.0,,headwater,0
12619.0,13574.0,headwater,0
12617.0,7807.0,headwater,0
12615.0,13524.0,headwater,0
12613.0,13877.0,headwater,0
12611.0,12903.0,headwater,0
12610.0,13040.0,headwater,0
12597.0,12950.0,headwater,0
12595.0,12958.0,headwater,0
12592.0,13028.0,headwater,0
12647.0,7807.0,headwater,0
12646.0,13957.0,headwater,0
2988.0,2792.0,headwater,0
2985.0,1291.0,headwater,0
2980.0,237.0,headwater,0
2978.0,235.0,headwater,0
2977.0,2036.0,headwater,0
2975.0,5214.0,headwater,0
2965.0,356.0,headwater,0
2964.0,356.0,headwater,0
2962.0,1002.0,headwater,0
2957.0,3177.0,headwater,0
2954.0,1901.0,headwater,0
2952.0,,headwater,0
12644.0,14001.0,headwater,0
12642.0,13376.0,headwater,0
12701.0,12995.0,headwater,0
12699.0,13559.0,headwater,0
12694.0,13363.0,headwater,0
12687.0,13245.0,headwater,0
12686.0,7824.0,headwater,0
12685.0,13537.0,headwater,0
12684.0,13839.0,headwater,0
12673.0,6425.0,headwater,0
12672.0,13671.0,headwater,0
12666.0,13228.0,headwater,0
12664.0,13677.0,headwater,0
12662.0,7650.0,headwater,0
12660.0,13311.0,headwater,0
12654.0,13302.0,headwater,0
12652.0,14020.0,headwater,0
12650.0,13536.0,headwater,0
2929.0,928.0,headwater,0
2926.0,1002.0,headwater,0
2925.0,,headwater,0
2924.0,,headwater,0
2922.0,3196.0,headwater,0
2919.0,,headwater,0
2914.0,1935.0,headwater,0
2913.0,,headwater,0
12725.0,13987.0,headwater,0
12719.0,13160.0,headwater,0
12717.0,,headwater,0
12714.0,13238.0,headwater,0
12707.0,13089.0,headwater,0
12706.0,13009.0,headwater,0
12704.0,13565.0,headwater,0
12702.0,13491.0,headwater,0
12791.0,,headwater,0
12785.0,12951.0,headwater,0
12782.0,7759.0,headwater,0
12780.0,13957.0,headwater,0
12779.0,13573.0,headwater,0
12775.0,13949.0,headwater,0
12773.0,13152.0,headwater,0
12761.0,7759.0,headwater,0
12757.0,7699.0,headwater,0
12746.0,13845.0,headwater,0
12739.0,13612.0,headwater,0
12735.0,13833.0,headwater,0
2946.0,28.0,headwater,0
2941.0,3169.0,headwater,0
2936.0,2776.0,headwater,0
2935.0,3207.0,headwater,0
12833.0,13849.0,headwater,0
12831.0,13440.0,headwater,0
12826.0,7773.0,headwater,0
12819.0,13574.0,headwater,0
12816.0,13362.0,headwater,0
12813.0,13476.0,headwater,0
12811.0,7650.0,headwater,0
12806.0,,headwater,0
12805.0,13627.0,headwater,0
12804.0,7722.0,headwater,0
12803.0,13800.0,headwater,0
12801.0,13145.0,headwater,0
12797.0,13251.0,headwater,0
12796.0,13991.0,headwater,0
12793.0,13758.0,headwater,0
12792.0,14027.0,headwater,0
2904.0,315.0,headwater,0
2903.0,1952.0,headwater,0
2901.0,1952.0,headwater,0
2900.0,1951.0,headwater,0
2899.0,,headwater,0
2898.0,,headwater,0
2894.0,,headwater,0
2889.0,2623.0,headwater,0
2888.0,2623.0,headwater,0
2887.0,,headwater,0
2886.0,,headwater,0
2885.0,,headwater,0
12851.0,7698.0,headwater,0
12844.0,,headwater,0
12838.0,7731.0,headwater,0
12835.0,13679.0,headwater,0
12911.0,13114.0,headwater,0
12909.0,13713.0,headwater,0
12900.0,13486.0,headwater,0
12899.0,7807.0,headwater,0
12897.0,,headwater,0
12884.0,13983.0,headwater,0
12883.0,,headwater,0
12880.0,7685.0,headwater,0
12879.0,6372.0,headwater,0
12876.0,13286.0,headwater,0
12875.0,13517.0,headwater,0
12872.0,,headwater,0
12869.0,6372.0,headwater,0
12858.0,13272.0,headwater,0
2910.0,2787.0,headwater,0
2908.0,2159.0,headwater,0
2884.0,1949.0,headwater,0
2882.0,2883.0,headwater,0
2879.0,1948.0,headwater,0
2878.0,2613.0,headwater,0
2877.0,2613.0,headwater,0
2876.0,3346.0,headwater,0
2875.0,3346.0,headwater,0
2874.0,,headwater,0
2873.0,,headwater,0
2870.0,,headwater,0
2869.0,,headwater,0
2867.0,1984.0,headwater,0
2864.0,2865.0,headwater,0
12920.0,7722.0,headwater,0
12916.0,7808.0,headwater,0
12912.0,13877.0,headwater,0
2842.0,2847.0,headwater,0
2841.0,2847.0,headwater,0
2840.0,2847.0,headwater,0
2830.0,2788.0,headwater,0
2829.0,2827.0,headwater,0
2826.0,2825.0,headwater,0
2824.0,2823.0,headwater,0
12942.0,6377.0,headwater,0
12940.0,13785.0,headwater,0
12938.0,,headwater,0
12937.0,13375.0,headwater,0
12936.0,13793.0,headwater,0
12934.0,13987.0,headwater,0
12932.0,13241.0,headwater,0
12925.0,13698.0,headwater,0
12924.0,13294.0,headwater,0
12991.0,7807.0,headwater,0
12988.0,14004.0,headwater,0
12981.0,6377.0,headwater,0
12978.0,13819.0,headwater,0
12975.0,13615.0,headwater,0
12972.0,7734.0,headwater,0
12971.0,13304.0,headwater,0
12968.0,13339.0,headwater,0
12966.0,13705.0,headwater,0
12965.0,13317.0,headwater,0
12959.0,13376.0,headwater,0
12955.0,7734.0,headwater,0
2863.0,1984.0,headwater,0
2848.0,,headwater,0
2846.0,2847.0,headwater,0
2843.0,2847.0,headwater,0
2813.0,605.0,headwater,0
2812.0,640.0,headwater,0
2809.0,595.0,headwater,0
2806.0,603.0,headwater,0
2805.0,,headwater,0
2798.0,2797.0,headwater,0
2795.0,2796.0,headwater,0
2789.0,3337.0,headwater,0
13008.0,6392.0,headwater,0
13005.0,14059.0,headwater,0
13004.0,13295.0,headwater,0
13002.0,13631.0,headwater,0
13001.0,13993.0,headwater,0
13000.0,7722.0,headwater,0
12999.0,13264.0,headwater,0
12998.0,13617.0,headwater,0
13045.0,13476.0,headwater,0
13042.0,6401.0,headwater,0
2780.0,328.0,headwater,0
2773.0,876.0,headwater,0
2764.0,856.0,headwater,0
2756.0,2712.0,headwater,0
13037.0,13393.0,headwater,0
13033.0,14047.0,headwater,0
13032.0,13615.0,headwater,0
13029.0,13762.0,headwater,0
13027.0,13722.0,headwater,0
13024.0,13818.0,headwater,0
13014.0,13169.0,headwater,0
13013.0,6377.0,headwater,0
2822.0,2823.0,headwater,0
2821.0,,headwater,0
2703.0,5949.0,headwater,0
2702.0,5949.0,headwater,0
2701.0,,headwater,0
2699.0,,headwater,0
2697.0,,headwater,0
2685.0,5832.0,headwater,0
2649.0,5731.0,headwater,0
2647.0,5731.0,headwater,0
13080.0,13424.0,headwater,0
13070.0,6378.0,headwater,0
13069.0,13998.0,headwater,0
13067.0,,headwater,0
13059.0,13578.0,headwater,0
13054.0,13561.0,headwater,0
13052.0,13631.0,headwater,0
13048.0,13193.0,headwater,0
2627.0,1145.0,headwater,0
2618.0,2613.0,headwater,0
2616.0,2613.0,headwater,0
2612.0,,headwater,0
2610.0,3096.0,headwater,0
2583.0,24930.0,headwater,0
13142.0,13500.0,headwater,0
13120.0,13847.0,headwater,0
13118.0,7800.0,headwater,0
13117.0,13708.0,headwater,0
13099.0,13662.0,headwater,0
2736.0,2737.0,headwater,0
2728.0,584.0,headwater,0
2726.0,2744.0,headwater,0
2711.0,2758.0,headwater,0
2705.0,5949.0,headwater,0
13209.0,13617.0,headwater,0
13194.0,6372.0,headwater,0
13190.0,13966.0,headwater,0
13180.0,13671.0,headwater,0
13170.0,7695.0,headwater,0
13157.0,13957.0,headwater,0
13150.0,13631.0,headwater,0
13149.0,13454.0,headwater,0
13143.0,13383.0,headwater,0
2643.0,5603.0,headwater,0
2640.0,5603.0,headwater,0
2639.0,5731.0,headwater,0
2635.0,1938.0,headwater,0
2633.0,2634.0,headwater,0
2632.0,,headwater,0
2630.0,1939.0,headwater,0
2572.0,,headwater,0
2571.0,5472.0,headwater,0
2568.0,1989.0,headwater,0
2562.0,361.0,headwater,0
2556.0,,headwater,0
2551.0,,headwater,0
2548.0,,headwater,0
2546.0,,headwater,0
2525.0,,headwater,0
2505.0,,headwater,0
13236.0,15687.0,headwater,0
13231.0,13672.0,headwater,0
13223.0,13963.0,headwater,0
13221.0,7513.0,headwater,0
13212.0,7718.0,headwater,0
13210.0,12356.0,headwater,0
2455.0,,headwater,0
2450.0,,headwater,0
2447.0,,headwater,0
2420.0,9850.0,headwater,0
2406.0,,headwater,0
2405.0,,headwater,0
2403.0,,headwater,0
13258.0,13651.0,headwater,0
13256.0,13382.0,headwater,0
13255.0,13360.0,headwater,0
13254.0,13885.0,headwater,0
13246.0,13412.0,headwater,0
13243.0,13950.0,headwater,0
2580.0,,headwater,0
2579.0,24930.0,headwater,0
2577.0,,headwater,0
13327.0,6372.0,headwater,0
13322.0,13485.0,headwater,0
13321.0,,headwater,0
13310.0,7517.0,headwater,0
13298.0,13966.0,headwater,0
13279.0,13523.0,headwater,0
13271.0,13699.0,headwater,0
2504.0,,headwater,0
2499.0,,headwater,0
2498.0,,headwater,0
2495.0,,headwater,0
2494.0,,headwater,0
2493.0,5949.0,headwater,0
2484.0,,headwater,0
2481.0,5941.0,headwater,0
2460.0,,headwater,0
2363.0,,headwater,0
2362.0,,headwater,0
2341.0,,headwater,0
2337.0,,headwater,0
2326.0,1377.0,headwater,0
2320.0,,headwater,0
2306.0,,headwater,0
2304.0,1362.0,headwater,0
2301.0,,headwater,0
2295.0,,headwater,0
2286.0,,headwater,0
2275.0,,headwater,0
2265.0,,headwater,0
13354.0,13605.0,headwater,0
13345.0,13596.0,headwater,0
13334.0,13996.0,headwater,0
2260.0,1403.0,headwater,0
2255.0,,headwater,0
2254.0,,headwater,0
2251.0,1415.0,headwater,0
2210.0,703.0,headwater,0
2208.0,228.0,headwater,0
2195.0,,headwater,0
2194.0,,headwater,0
2193.0,,headwater,0
2182.0,904.0,headwater,0
2180.0,,headwater,0
2174.0,2804.0,headwater,0
13369.0,13498.0,headwater,0
2388.0,,headwater,0
2378.0,,headwater,0
2376.0,,headwater,0
2012.0,,headwater,0
2011.0,,headwater,0
2172.0,,headwater,0
2170.0,2169.0,headwater,0
2163.0,1941.0,headwater,0
2158.0,2159.0,headwater,0
2156.0,1971.0,headwater,0
2151.0,933.0,headwater,0
2150.0,28.0,headwater,0
2147.0,200.0,headwater,0
2130.0,1943.0,headwater,0
13475.0,13723.0,headwater,0
13462.0,13560.0,headwater,0
13448.0,13679.0,headwater,0
13443.0,13867.0,headwater,0
13430.0,,headwater,0
13534.0,13607.0,headwater,0
13533.0,6372.0,headwater,0
13531.0,13735.0,headwater,0
13527.0,,headwater,0
13495.0,13966.0,headwater,0
2128.0,,headwater,0
2032.0,783.0,headwater,0
2031.0,785.0,headwater,0
2028.0,228.0,headwater,0
2022.0,1977.0,headwater,0
2021.0,2771.0,headwater,0
2020.0,,headwater,0
2019.0,,headwater,0
2018.0,,headwater,0
2015.0,,headwater,0
2013.0,2161.0,headwater,0
1953.0,,headwater,0
2008.0,,headwater,0
2005.0,,headwater,0
2004.0,1948.0,headwater,0
2001.0,,headwater,0
2000.0,,headwater,0
1999.0,,headwater,0
1998.0,,headwater,0
1997.0,,headwater,0
1995.0,,headwater,0
1991.0,2770.0,headwater,0
1990.0,1939.0,headwater,0
1987.0,,headwater,0
1985.0,,headwater,0
13556.0,,headwater,0
13546.0,13606.0,headwater,0
13599.0,13959.0,headwater,0
1820.0,773.0,headwater,0
1817.0,510.0,headwater,0
13589.0,13830.0,headwater,0
13567.0,13568.0,headwater,0
1925.0,3253.0,headwater,0
1923.0,1920.0,headwater,0
1908.0,3182.0,headwater,0
1898.0,,headwater,0
1897.0,1896.0,headwater,0
1892.0,796.0,headwater,0
1944.0,,headwater,0
1937.0,18.0,headwater,0
1979.0,,headwater,0
1978.0,,headwater,0
1960.0,2252.0,headwater,0
1683.0,,headwater,0
1805.0,1879.0,headwater,0
1799.0,1809.0,headwater,0
1798.0,516.0,headwater,0
1744.0,2036.0,headwater,0
1743.0,856.0,headwater,0
1742.0,856.0,headwater,0
1741.0,856.0,headwater,0
1740.0,856.0,headwater,0
1733.0,842.0,headwater,0
1730.0,842.0,headwater,0
1727.0,,headwater,0
1724.0,,headwater,0
1723.0,,headwater,0
1722.0,,headwater,0
1718.0,1720.0,headwater,0
1643.0,1638.0,headwater,0
1637.0,1638.0,headwater,0
1636.0,1632.0,headwater,0
1635.0,1632.0,headwater,0
1634.0,1631.0,headwater,0
1633.0,1630.0,headwater,0
13695.0,7690.0,headwater,0
13694.0,14058.0,headwater,0
1717.0,,headwater,0
1714.0,,headwater,0
1711.0,5769.0,headwater,0
1704.0,1702.0,headwater,0
1700.0,1702.0,headwater,0
1694.0,,headwater,0
1691.0,,headwater,0
1688.0,,headwater,0
1627.0,1628.0,headwater,0
1626.0,1624.0,headwater,0
1622.0,1623.0,headwater,0
1620.0,774.0,headwater,0
1617.0,1618.0,headwater,0
1616.0,1938.0,headwater,0
1615.0,1938.0,headwater,0
1614.0,1938.0,headwater,0
1613.0,1611.0,headwater,0
13719.0,7711.0,headwater,0
13706.0,7656.0,headwater,0
1681.0,6094.0,headwater,0
1671.0,1664.0,headwater,0
1647.0,1639.0,headwater,0
1645.0,1639.0,headwater,0
1644.0,1638.0,headwater,0
1482.0,,headwater,0
1480.0,,headwater,0
1479.0,1465.0,headwater,0
13744.0,13773.0,headwater,0
1612.0,1610.0,headwater,0
1609.0,1610.0,headwater,0
1608.0,1145.0,headwater,0
1607.0,1145.0,headwater,0
1606.0,1145.0,headwater,0
1605.0,1145.0,headwater,0
1604.0,1145.0,headwater,0
1592.0,,headwater,0
1575.0,,headwater,0
1558.0,1565.0,headwater,0
1546.0,1565.0,headwater,0
1544.0,1565.0,headwater,0
1452.0,,headwater,0
1451.0,1439.0,headwater,0
1450.0,1439.0,headwater,0
1448.0,,headwater,0
1447.0,,headwater,0
1441.0,,headwater,0
13837.0,13270.0,headwater,0
13820.0,13917.0,headwater,0
1536.0,,headwater,0
1534.0,,headwater,0
1514.0,,headwater,0
1509.0,,headwater,0
1499.0,1496.0,headwater,0
1494.0,1492.0,headwater,0
1486.0,1487.0,headwater,0
1484.0,,headwater,0
1416.0,1415.0,headwater,0
1414.0,1415.0,headwater,0
1412.0,,headwater,0
1410.0,,headwater,0
1408.0,1409.0,headwater,0
1407.0,,headwater,0
13905.0,13337.0,headwater,0
13903.0,13344.0,headwater,0
1475.0,,headwater,0
1473.0,2997.0,headwater,0
1472.0,,headwater,0
1470.0,,headwater,0
1464.0,,headwater,0
1459.0,,headwater,0
1458.0,,headwater,0
1454.0,,headwater,0
1378.0,,headwater,0
1376.0,,headwater,0
1374.0,,headwater,0
1373.0,,headwater,0
1372.0,,headwater,0
1371.0,,headwater,0
1369.0,,headwater,0
1368.0,,headwater,0
1367.0,,headwater,0
1363.0,,headwater,0
1361.0,,headwater,0
1430.0,,headwater,0
1423.0,330.0,headwater,0
1420.0,,headwater,0
1419.0,,headwater,0
1417.0,1415.0,headwater,0
1269.0,1291.0,headwater,0
1266.0,1291.0,headwater,0
1260.0,,headwater,0
1250.0,1950.0,headwater,0
1240.0,,headwater,0
1238.0,,headwater,0
13970.0,14059.0,headwater,0
1353.0,1354.0,headwater,0
1349.0,1350.0,headwater,0
1346.0,1638.0,headwater,0
1344.0,1343.0,headwater,0
1342.0,8455.0,headwater,0
1340.0,1332.0,headwater,0
1339.0,1337.0,headwater,0
1402.0,,headwater,0
1400.0,1401.0,headwater,0
14451.0,6246.0,headwater,0
14135.0,14134.0,headwater,0
14132.0,,headwater,0
14106.0,13845.0,headwater,0
14103.0,13845.0,headwater,0
14092.0,7762.0,headwater,0
14070.0,6914.0,headwater,0
14069.0,7631.0,headwater,0
14052.0,13093.0,headwater,0
1330.0,1332.0,headwater,0
1328.0,1327.0,headwater,0
1324.0,670.0,headwater,0
1321.0,670.0,headwater,0
1311.0,701.0,headwater,0
1300.0,1291.0,headwater,0
1290.0,1291.0,headwater,0
14569.0,,headwater,0
14563.0,10042.0,headwater,0
14559.0,,headwater,0
14558.0,,headwater,0
14554.0,7769.0,headwater,0
14534.0,,headwater,0
14531.0,6432.0,headwater,0
14518.0,,headwater,0
14510.0,,headwater,0
14509.0,,headwater,0
14498.0,,headwater,0
14496.0,,headwater,0
14492.0,,headwater,0
14485.0,,headwater,0
14476.0,6865.0,headwater,0
14465.0,6853.0,headwater,0
14648.0,6605.0,headwater,0
14646.0,7752.0,headwater,0
14643.0,7752.0,headwater,0
14591.0,6809.0,headwater,0
14590.0,6809.0,headwater,0
14589.0,6809.0,headwater,0
14587.0,,headwater,0
14586.0,14585.0,headwater,0
14584.0,6629.0,headwater,0
14582.0,8512.0,headwater,0
14581.0,8512.0,headwater,0
14580.0,,headwater,0
14573.0,,headwater,0
14572.0,,headwater,0
14571.0,,headwater,0
14570.0,14568.0,headwater,0
14700.0,,headwater,0
14699.0,,headwater,0
14698.0,,headwater,0
14694.0,,headwater,0
14691.0,,headwater,0
14679.0,7769.0,headwater,0
14673.0,7769.0,headwater,0
14665.0,7752.0,headwater,0
14664.0,7752.0,headwater,0
14663.0,6590.0,headwater,0
14662.0,6590.0,headwater,0
14661.0,14660.0,headwater,0
14659.0,6590.0,headwater,0
14654.0,7768.0,headwater,0
14653.0,7752.0,headwater,0
14651.0,7752.0,headwater,0
1196.0,,headwater,0
14781.0,7736.0,headwater,0
14777.0,14776.0,headwater,0
14770.0,6554.0,headwater,0
14769.0,6539.0,headwater,0
14768.0,6535.0,headwater,0
14740.0,6495.0,headwater,0
14733.0,7667.0,headwater,0
14726.0,,headwater,0
14721.0,,headwater,0
14719.0,6917.0,headwater,0
14714.0,8512.0,headwater,0
14710.0,14711.0,headwater,0
14707.0,8512.0,headwater,0
14706.0,7743.0,headwater,0
14702.0,,headwater,0
14791.0,,headwater,0
1235.0,,headwater,0
1231.0,,headwater,0
1228.0,1954.0,headwater,0
1223.0,1947.0,headwater,0
1220.0,,headwater,0
1210.0,1957.0,headwater,0
1209.0,,headwater,0
1207.0,,headwater,0
1206.0,,headwater,0
1205.0,,headwater,0
1202.0,,headwater,0
1201.0,2137.0,headwater,0
1200.0,2890.0,headwater,0
1199.0,,headwater,0
1198.0,2893.0,headwater,0
15011.0,15009.0,headwater,0
15008.0,7769.0,headwater,0
15004.0,7769.0,headwater,0
15003.0,6493.0,headwater,0
14995.0,7769.0,headwater,0
14991.0,7769.0,headwater,0
14902.0,6240.0,headwater,0
14900.0,6236.0,headwater,0
14899.0,6236.0,headwater,0
14872.0,6280.0,headwater,0
14837.0,6264.0,headwater,0
14828.0,14575.0,headwater,0
14827.0,,headwater,0
14815.0,6659.0,headwater,0
14808.0,,headwater,0
14805.0,,headwater,0
15122.0,6224.0,headwater,0
15117.0,,headwater,0
15109.0,,headwater,0
15108.0,,headwater,0
15107.0,,headwater,0
15100.0,,headwater,0
15093.0,19133.0,headwater,0
15088.0,19030.0,headwater,0
15087.0,,headwater,0
15038.0,,headwater,0
15037.0,,headwater,0
15035.0,,headwater,0
15032.0,,headwater,0
15029.0,,headwater,0
15024.0,,headwater,0
15014.0,7769.0,headwater,0
15161.0,6181.0,headwater,0
15159.0,6177.0,headwater,0
15158.0,6168.0,headwater,0
15155.0,,headwater,0
15154.0,,headwater,0
15151.0,,headwater,0
15149.0,,headwater,0
15148.0,15147.0,headwater,0
15145.0,17568.0,headwater,0
15140.0,,headwater,0
15139.0,19159.0,headwater,0
15138.0,19159.0,headwater,0
15135.0,,headwater,0
15134.0,19125.0,headwater,0
15128.0,,headwater,0
15127.0,,headwater,0
15196.0,7228.0,headwater,0
15195.0,7242.0,headwater,0
15193.0,7224.0,headwater,0
15192.0,18033.0,headwater,0
15191.0,6134.0,headwater,0
15190.0,7226.0,headwater,0
15188.0,5998.0,headwater,0
15187.0,5998.0,headwater,0
15186.0,,headwater,0
15185.0,,headwater,0
15184.0,,headwater,0
15183.0,6159.0,headwater,0
15177.0,6159.0,headwater,0
15170.0,6177.0,headwater,0
15164.0,6177.0,headwater,0
15163.0,6186.0,headwater,0
15244.0,,headwater,0
15242.0,15241.0,headwater,0
15240.0,,headwater,0
15238.0,,headwater,0
15237.0,,headwater,0
15235.0,,headwater,0
15231.0,,headwater,0
15230.0,,headwater,0
15229.0,,headwater,0
15228.0,,headwater,0
15227.0,,headwater,0
15226.0,,headwater,0
15225.0,,headwater,0
15221.0,15220.0,headwater,0
15215.0,,headwater,0
15197.0,7228.0,headwater,0
15261.0,,headwater,0
15260.0,15250.0,headwater,0
1195.0,1956.0,headwater,0
1192.0,1436.0,headwater,0
1191.0,1185.0,headwater,0
1179.0,17126.0,headwater,0
1175.0,17164.0,headwater,0
1174.0,17164.0,headwater,0
1172.0,1433.0,headwater,0
1163.0,1159.0,headwater,0
1158.0,1168.0,headwater,0
1155.0,,headwater,0
15259.0,15250.0,headwater,0
15258.0,15250.0,headwater,0
15254.0,15250.0,headwater,0
15248.0,,headwater,0
15304.0,,headwater,0
15303.0,,headwater,0
15302.0,15300.0,headwater,0
15299.0,,headwater,0
15298.0,,headwater,0
15297.0,,headwater,0
15296.0,,headwater,0
15295.0,,headwater,0
15288.0,,headwater,0
15287.0,,headwater,0
15285.0,,headwater,0
15278.0,15277.0,headwater,0
15269.0,15267.0,headwater,0
15265.0,,headwater,0
15264.0,,headwater,0
15262.0,,headwater,0
15333.0,15328.0,headwater,0
15331.0,15328.0,headwater,0
15327.0,,headwater,0
15325.0,,headwater,0
15324.0,15322.0,headwater,0
15321.0,15315.0,headwater,0
15320.0,15315.0,headwater,0
15314.0,,headwater,0
15313.0,,headwater,0
15312.0,,headwater,0
15311.0,,headwater,0
15310.0,,headwater,0
15309.0,,headwater,0
15308.0,,headwater,0
15306.0,,headwater,0
15305.0,,headwater,0
15361.0,,headwater,0
15360.0,,headwater,0
15358.0,,headwater,0
15356.0,,headwater,0
15354.0,,headwater,0
15352.0,,headwater,0
15351.0,,headwater,0
15350.0,,headwater,0
15346.0,,headwater,0
15345.0,,headwater,0
15344.0,,headwater,0
15343.0,,headwater,0
15342.0,,headwater,0
15340.0,15339.0,headwater,0
15338.0,15334.0,headwater,0
15337.0,15334.0,headwater,0
15396.0,,headwater,0
15395.0,,headwater,0
15394.0,,headwater,0
15387.0,5401.0,headwater,0
15386.0,5401.0,headwater,0
15385.0,5476.0,headwater,0
15384.0,5469.0,headwater,0
15383.0,5516.0,headwater,0
15382.0,,headwater,0
15380.0,,headwater,0
15379.0,,headwater,0
15376.0,19159.0,headwater,0
15374.0,,headwater,0
15368.0,,headwater,0
15367.0,,headwater,0
15362.0,,headwater,0
15423.0,,headwater,0
15422.0,5548.0,headwater,0
15421.0,19004.0,headwater,0
15420.0,5576.0,headwater,0
15418.0,5632.0,headwater,0
15417.0,5632.0,headwater,0
15414.0,5660.0,headwater,0
15413.0,5441.0,headwater,0
15412.0,5665.0,headwater,0
15411.0,5545.0,headwater,0
15410.0,5545.0,headwater,0
15408.0,5550.0,headwater,0
15402.0,5550.0,headwater,0
15401.0,5740.0,headwater,0
15400.0,5740.0,headwater,0
15397.0,5639.0,headwater,0
15488.0,6183.0,headwater,0
15478.0,6202.0,headwater,0
15476.0,6181.0,headwater,0
15474.0,6188.0,headwater,0
15472.0,6183.0,headwater,0
15470.0,6177.0,headwater,0
15469.0,6183.0,headwater,0
15466.0,6159.0,headwater,0
15465.0,6159.0,headwater,0
15461.0,6157.0,headwater,0
15454.0,15456.0,headwater,0
15435.0,6203.0,headwater,0
15431.0,7274.0,headwater,0
15429.0,,headwater,0
15428.0,19175.0,headwater,0
15426.0,5506.0,headwater,0
15558.0,26903.0,headwater,0
15551.0,7460.0,headwater,0
15550.0,7460.0,headwater,0
15547.0,7899.0,headwater,0
15544.0,,headwater,0
15540.0,7612.0,headwater,0
15534.0,,headwater,0
15532.0,,headwater,0
15531.0,,headwater,0
15530.0,,headwater,0
15524.0,6181.0,headwater,0
15523.0,6172.0,headwater,0
15514.0,15467.0,headwater,0
15502.0,6198.0,headwater,0
15501.0,6198.0,headwater,0
15492.0,6201.0,headwater,0
15571.0,13480.0,headwater,0
15567.0,6297.0,headwater,0
1153.0,1154.0,headwater,0
1152.0,1148.0,headwater,0
1141.0,,headwater,0
1140.0,,headwater,0
1132.0,,headwater,0
1128.0,1099.0,headwater,0
1123.0,,headwater,0
1119.0,,headwater,0
1115.0,,headwater,0
1110.0,,headwater,0
1107.0,,headwater,0
15566.0,6297.0,headwater,0
15565.0,6297.0,headwater,0
15561.0,,headwater,0
15611.0,15612.0,headwater,0
15610.0,,headwater,0
15605.0,15604.0,headwater,0
15603.0,,headwater,0
15602.0,15600.0,headwater,0
15601.0,15600.0,headwater,0
15599.0,,headwater,0
15598.0,,headwater,0
15597.0,,headwater,0
15595.0,15594.0,headwater,0
15591.0,,headwater,0
15590.0,,headwater,0
15589.0,,headwater,0
15587.0,15586.0,headwater,0
15579.0,,headwater,0
15574.0,,headwater,0
15664.0,15687.0,headwater,0
15662.0,6911.0,headwater,0
15660.0,7071.0,headwater,0
15650.0,6297.0,headwater,0
15648.0,,headwater,0
15646.0,15647.0,headwater,0
15644.0,,headwater,0
15643.0,,headwater,0
15630.0,,headwater,0
15629.0,,headwater,0
15625.0,15624.0,headwater,0
15619.0,,headwater,0
15618.0,,headwater,0
15616.0,,headwater,0
15615.0,,headwater,0
15614.0,,headwater,0
15742.0,,headwater,0
15741.0,,headwater,0
15739.0,15737.0,headwater,0
15732.0,,headwater,0
15727.0,,headwater,0
15726.0,,headwater,0
15725.0,,headwater,0
15724.0,,headwater,0
15719.0,,headwater,0
15709.0,7669.0,headwater,0
15707.0,7661.0,headwater,0
15694.0,,headwater,0
15684.0,,headwater,0
15683.0,,headwater,0
15681.0,7860.0,headwater,0
15680.0,,headwater,0
15744.0,,headwater,0
15743.0,,headwater,0
1103.0,,headwater,0
1101.0,,headwater,0
1092.0,301.0,headwater,0
1091.0,1114.0,headwater,0
1088.0,,headwater,0
1086.0,,headwater,0
1083.0,,headwater,0
1082.0,,headwater,0
1076.0,,headwater,0
1075.0,,headwater,0
1070.0,,headwater,0
1068.0,,headwater,0
1062.0,1099.0,headwater,0
1061.0,1060.0,headwater,0
15784.0,5499.0,headwater,0
15782.0,5500.0,headwater,0
15780.0,5489.0,headwater,0
15779.0,,headwater,0
15778.0,,headwater,0
15776.0,5439.0,headwater,0
15773.0,5454.0,headwater,0
15771.0,15768.0,headwater,0
15764.0,5454.0,headwater,0
15759.0,5492.0,headwater,0
15757.0,15756.0,headwater,0
15753.0,5439.0,headwater,0
15751.0,5492.0,headwater,0
15750.0,,headwater,0
15749.0,,headwater,0
15748.0,5530.0,headwater,0
15814.0,15812.0,headwater,0
15811.0,15809.0,headwater,0
15808.0,17003.0,headwater,0
15807.0,5733.0,headwater,0
15805.0,5749.0,headwater,0
15804.0,5727.0,headwater,0
15800.0,5722.0,headwater,0
15799.0,,headwater,0
15796.0,5722.0,headwater,0
15795.0,5788.0,headwater,0
15793.0,5722.0,headwater,0
15792.0,5722.0,headwater,0
15791.0,5722.0,headwater,0
15790.0,5722.0,headwater,0
15789.0,5722.0,headwater,0
15785.0,,headwater,0
15838.0,5783.0,headwater,0
15837.0,5783.0,headwater,0
15836.0,5773.0,headwater,0
15835.0,5773.0,headwater,0
15833.0,15834.0,headwater,0
15832.0,5746.0,headwater,0
15830.0,5816.0,headwater,0
15828.0,5804.0,headwater,0
15827.0,5818.0,headwater,0
15825.0,5818.0,headwater,0
15823.0,5758.0,headwater,0
15822.0,5790.0,headwater,0
15820.0,5850.0,headwater,0
15819.0,15818.0,headwater,0
15817.0,5843.0,headwater,0
15815.0,5806.0,headwater,0
1056.0,,headwater,0
1050.0,1131.0,headwater,0
1048.0,,headwater,0
1040.0,,headwater,0
1036.0,,headwater,0
1033.0,1037.0,headwater,0
1031.0,302.0,headwater,0
1030.0,139.0,headwater,0
1026.0,,headwater,0
1022.0,1041.0,headwater,0
1020.0,,headwater,0
1017.0,,headwater,0
15845.0,5809.0,headwater,0
15844.0,15843.0,headwater,0
15842.0,5767.0,headwater,0
15840.0,15839.0,headwater,0
15889.0,,headwater,0
15888.0,,headwater,0
15887.0,,headwater,0
15880.0,,headwater,0
15879.0,,headwater,0
15877.0,5872.0,headwater,0
15873.0,5860.0,headwater,0
15871.0,5880.0,headwater,0
15865.0,5855.0,headwater,0
15862.0,15861.0,headwater,0
15860.0,5828.0,headwater,0
15858.0,15857.0,headwater,0
15856.0,5794.0,headwater,0
15854.0,5796.0,headwater,0
15851.0,15850.0,headwater,0
15849.0,15848.0,headwater,0
15910.0,15909.0,headwater,0
15908.0,5893.0,headwater,0
15907.0,5928.0,headwater,0
15906.0,5892.0,headwater,0
15905.0,5763.0,headwater,0
15904.0,5892.0,headwater,0
15903.0,5920.0,headwater,0
15901.0,5938.0,headwater,0
15900.0,5902.0,headwater,0
15899.0,5902.0,headwater,0
15898.0,5902.0,headwater,0
15897.0,5938.0,headwater,0
15896.0,5901.0,headwater,0
15894.0,5838.0,headwater,0
15893.0,5838.0,headwater,0
15891.0,5959.0,headwater,0
15933.0,5752.0,headwater,0
15932.0,7161.0,headwater,0
15931.0,5901.0,headwater,0
15928.0,5840.0,headwater,0
15927.0,5848.0,headwater,0
15926.0,5840.0,headwater,0
15925.0,15924.0,headwater,0
15923.0,5953.0,headwater,0
15922.0,5947.0,headwater,0
15921.0,5953.0,headwater,0
15919.0,5922.0,headwater,0
15918.0,5922.0,headwater,0
15917.0,5911.0,headwater,0
15915.0,5911.0,headwater,0
15913.0,5975.0,headwater,0
15911.0,5893.0,headwater,0
15955.0,5847.0,headwater,0
15954.0,5829.0,headwater,0
15953.0,15952.0,headwater,0
15951.0,5801.0,headwater,0
15950.0,15949.0,headwater,0
15948.0,5802.0,headwater,0
15947.0,5766.0,headwater,0
15946.0,5844.0,headwater,0
15945.0,15944.0,headwater,0
15943.0,5752.0,headwater,0
15942.0,5798.0,headwater,0
15941.0,5759.0,headwater,0
15940.0,15939.0,headwater,0
15938.0,5741.0,headwater,0
15937.0,5741.0,headwater,0
15936.0,5766.0,headwater,0
1011.0,1920.0,headwater,0
1010.0,3233.0,headwater,0
1009.0,3233.0,headwater,0
1007.0,1008.0,headwater,0
1006.0,1926.0,headwater,0
998.0,,headwater,0
990.0,3078.0,headwater,0
977.0,978.0,headwater,0
968.0,2847.0,headwater,0
952.0,2791.0,headwater,0
15964.0,5914.0,headwater,0
15962.0,15963.0,headwater,0
15961.0,5914.0,headwater,0
15960.0,5914.0,headwater,0
15957.0,5861.0,headwater,0
15956.0,5914.0,headwater,0
15989.0,5957.0,headwater,0
15988.0,5957.0,headwater,0
15987.0,5974.0,headwater,0
15986.0,5980.0,headwater,0
15985.0,15984.0,headwater,0
15981.0,5965.0,headwater,0
15980.0,5965.0,headwater,0
15979.0,5950.0,headwater,0
15978.0,15977.0,headwater,0
15976.0,5887.0,headwater,0
15974.0,5936.0,headwater,0
15972.0,5952.0,headwater,0
15971.0,5887.0,headwater,0
15968.0,5912.0,headwater,0
15967.0,5912.0,headwater,0
15966.0,15965.0,headwater,0
16010.0,6005.0,headwater,0
941.0,93.0,headwater,0
934.0,47.0,headwater,0
892.0,876.0,headwater,0
16008.0,16009.0,headwater,0
16006.0,6005.0,headwater,0
16005.0,16009.0,headwater,0
16004.0,6026.0,headwater,0
16003.0,16002.0,headwater,0
16000.0,5917.0,headwater,0
15997.0,5924.0,headwater,0
15996.0,5942.0,headwater,0
15995.0,5960.0,headwater,0
15993.0,5981.0,headwater,0
15992.0,5995.0,headwater,0
15990.0,5969.0,headwater,0
16030.0,5990.0,headwater,0
16029.0,5990.0,headwater,0
833.0,28.0,headwater,0
830.0,,headwater,0
829.0,3096.0,headwater,0
823.0,2532.0,headwater,0
16027.0,6005.0,headwater,0
16026.0,5990.0,headwater,0
16025.0,16024.0,headwater,0
16023.0,6005.0,headwater,0
16022.0,6005.0,headwater,0
16020.0,16021.0,headwater,0
16016.0,5973.0,headwater,0
16013.0,5988.0,headwater,0
16012.0,5935.0,headwater,0
16011.0,5935.0,headwater,0
16057.0,6050.0,headwater,0
16054.0,5932.0,headwater,0
16053.0,5932.0,headwater,0
16052.0,16051.0,headwater,0
16050.0,5948.0,headwater,0
16045.0,16048.0,headwater,0
16044.0,16043.0,headwater,0
16042.0,5948.0,headwater,0
16041.0,5983.0,headwater,0
16040.0,5990.0,headwater,0
16039.0,5990.0,headwater,0
16038.0,5993.0,headwater,0
16036.0,5993.0,headwater,0
16035.0,16033.0,headwater,0
16032.0,5990.0,headwater,0
16031.0,5990.0,headwater,0
16081.0,6039.0,headwater,0
16078.0,6054.0,headwater,0
16077.0,6007.0,headwater,0
16076.0,5996.0,headwater,0
16075.0,6030.0,headwater,0
16074.0,6020.0,headwater,0
16073.0,6030.0,headwater,0
16071.0,6054.0,headwater,0
16069.0,6028.0,headwater,0
16068.0,6054.0,headwater,0
16067.0,5990.0,headwater,0
16065.0,16066.0,headwater,0
16063.0,5990.0,headwater,0
16062.0,6050.0,headwater,0
16059.0,6050.0,headwater,0
16058.0,6050.0,headwater,0
16110.0,6058.0,headwater,0
16108.0,6128.0,headwater,0
16106.0,16104.0,headwater,0
16103.0,16102.0,headwater,0
16100.0,6084.0,headwater,0
16099.0,16089.0,headwater,0
16098.0,16096.0,headwater,0
16095.0,6045.0,headwater,0
16094.0,6045.0,headwater,0
16093.0,6045.0,headwater,0
16092.0,6031.0,headwater,0
16090.0,6031.0,headwater,0
16087.0,6045.0,headwater,0
16086.0,6007.0,headwater,0
16083.0,6048.0,headwater,0
16082.0,6015.0,headwater,0
16134.0,7161.0,headwater,0
16133.0,7161.0,headwater,0
16132.0,7161.0,headwater,0
16131.0,5793.0,headwater,0
16130.0,5793.0,headwater,0
16129.0,5793.0,headwater,0
16128.0,5793.0,headwater,0
16127.0,5793.0,headwater,0
16126.0,5793.0,headwater,0
16123.0,,headwater,0
16122.0,16121.0,headwater,0
16119.0,6098.0,headwater,0
16116.0,5989.0,headwater,0
16114.0,6099.0,headwater,0
16113.0,5997.0,headwater,0
16112.0,6068.0,headwater,0
16145.0,16144.0,headwater,0
16142.0,16141.0,headwater,0
804.0,808.0,headwater,0
803.0,796.0,headwater,0
802.0,786.0,headwater,0
800.0,779.0,headwater,0
799.0,811.0,headwater,0
794.0,808.0,headwater,0
793.0,808.0,headwater,0
792.0,796.0,headwater,0
791.0,809.0,headwater,0
790.0,2746.0,headwater,0
789.0,2534.0,headwater,0
16140.0,16138.0,headwater,0
16137.0,7161.0,headwater,0
16135.0,7161.0,headwater,0
16168.0,5834.0,headwater,0
16166.0,16165.0,headwater,0
16164.0,5875.0,headwater,0
16163.0,5875.0,headwater,0
16162.0,5875.0,headwater,0
16161.0,7178.0,headwater,0
16159.0,5875.0,headwater,0
16158.0,5905.0,headwater,0
16157.0,5905.0,headwater,0
16156.0,5875.0,headwater,0
16155.0,7161.0,headwater,0
16153.0,5869.0,headwater,0
16151.0,5869.0,headwater,0
16150.0,16149.0,headwater,0
16147.0,16148.0,headwater,0
16146.0,5878.0,headwater,0
16190.0,,headwater,0
16189.0,,headwater,0
16188.0,,headwater,0
16187.0,16185.0,headwater,0
16184.0,5900.0,headwater,0
16183.0,,headwater,0
16182.0,5904.0,headwater,0
16181.0,,headwater,0
16176.0,,headwater,0
16175.0,,headwater,0
16174.0,5826.0,headwater,0
16173.0,5826.0,headwater,0
16172.0,5826.0,headwater,0
16171.0,5826.0,headwater,0
16170.0,5834.0,headwater,0
16169.0,5834.0,headwater,0
16204.0,,headwater,0
16202.0,,headwater,0
788.0,2745.0,headwater,0
787.0,2744.0,headwater,0
784.0,782.0,headwater,0
780.0,693.0,headwater,0
778.0,660.0,headwater,0
777.0,665.0,headwater,0
775.0,701.0,headwater,0
16200.0,,headwater,0
16199.0,16195.0,headwater,0
16198.0,,headwater,0
16197.0,,headwater,0
16196.0,,headwater,0
16194.0,,headwater,0
16193.0,,headwater,0
699.0,817.0,headwater,0
682.0,684.0,headwater,0
674.0,677.0,headwater,0
16232.0,,headwater,0
16231.0,16230.0,headwater,0
16228.0,5851.0,headwater,0
16227.0,5777.0,headwater,0
16225.0,,headwater,0
16223.0,5889.0,headwater,0
16222.0,,headwater,0
16220.0,,headwater,0
16219.0,,headwater,0
16217.0,,headwater,0
16216.0,,headwater,0
16215.0,,headwater,0
16208.0,6018.0,headwater,0
16261.0,5915.0,headwater,0
16260.0,16259.0,headwater,0
16257.0,,headwater,0
16255.0,16254.0,headwater,0
16252.0,,headwater,0
16250.0,16249.0,headwater,0
16247.0,,headwater,0
16246.0,,headwater,0
16245.0,5897.0,headwater,0
16243.0,5864.0,headwater,0
16242.0,5864.0,headwater,0
16241.0,,headwater,0
16240.0,,headwater,0
16238.0,16237.0,headwater,0
16235.0,,headwater,0
16234.0,,headwater,0
16284.0,6066.0,headwater,0
16283.0,6066.0,headwater,0
16281.0,,headwater,0
16279.0,16280.0,headwater,0
16278.0,,headwater,0
16276.0,,headwater,0
16275.0,,headwater,0
16274.0,16273.0,headwater,0
16272.0,,headwater,0
16271.0,,headwater,0
16270.0,5972.0,headwater,0
16269.0,5972.0,headwater,0
16268.0,16267.0,headwater,0
16265.0,5926.0,headwater,0
16264.0,16263.0,headwater,0
16262.0,5915.0,headwater,0
16300.0,6116.0,headwater,0
16299.0,16298.0,headwater,0
657.0,707.0,headwater,0
653.0,643.0,headwater,0
649.0,595.0,headwater,0
648.0,647.0,headwater,0
642.0,636.0,headwater,0
639.0,595.0,headwater,0
622.0,640.0,headwater,0
16296.0,6105.0,headwater,0
16294.0,,headwater,0
16292.0,,headwater,0
16291.0,6096.0,headwater,0
16290.0,,headwater,0
16289.0,,headwater,0
16285.0,6070.0,headwater,0
16325.0,6129.0,headwater,0
16324.0,,headwater,0
16323.0,,headwater,0
16322.0,,headwater,0
16321.0,,headwater,0
16319.0,16320.0,headwater,0
16318.0,,headwater,0
16316.0,,headwater,0
16315.0,6127.0,headwater,0
16313.0,16314.0,headwater,0
16311.0,16310.0,headwater,0
16308.0,6126.0,headwater,0
16307.0,,headwater,0
16306.0,6067.0,headwater,0
16305.0,,headwater,0
16304.0,6097.0,headwater,0
16349.0,6088.0,headwater,0
16348.0,6142.0,headwater,0
16347.0,,headwater,0
16346.0,,headwater,0
16344.0,6120.0,headwater,0
16341.0,6136.0,headwater,0
16340.0,6129.0,headwater,0
16339.0,6129.0,headwater,0
16336.0,6131.0,headwater,0
16335.0,16334.0,headwater,0
16332.0,,headwater,0
16331.0,6129.0,headwater,0
16330.0,6133.0,headwater,0
16329.0,6132.0,headwater,0
16328.0,6132.0,headwater,0
16327.0,6132.0,headwater,0
16401.0,5423.0,headwater,0
16384.0,,headwater,0
16381.0,,headwater,0
16376.0,,headwater,0
16370.0,,headwater,0
16369.0,6092.0,headwater,0
16368.0,5967.0,headwater,0
16367.0,5979.0,headwater,0
16366.0,5967.0,headwater,0
16365.0,5967.0,headwater,0
16364.0,5967.0,headwater,0
16363.0,6092.0,headwater,0
16360.0,16359.0,headwater,0
16357.0,6024.0,headwater,0
16353.0,6061.0,headwater,0
16351.0,6088.0,headwater,0
16444.0,5501.0,headwater,0
16443.0,5515.0,headwater,0
16442.0,5511.0,headwater,0
16439.0,5511.0,headwater,0
16436.0,5515.0,headwater,0
16434.0,5515.0,headwater,0
16431.0,5511.0,headwater,0
16428.0,5511.0,headwater,0
16426.0,5474.0,headwater,0
16425.0,5488.0,headwater,0
16420.0,5490.0,headwater,0
16419.0,7050.0,headwater,0
16414.0,5456.0,headwater,0
16410.0,16409.0,headwater,0
16405.0,5477.0,headwater,0
16402.0,5423.0,headwater,0
16481.0,5426.0,headwater,0
16479.0,5438.0,headwater,0
16477.0,,headwater,0
16476.0,,headwater,0
16474.0,,headwater,0
16470.0,5691.0,headwater,0
16469.0,5719.0,headwater,0
16468.0,,headwater,0
16465.0,5673.0,headwater,0
16463.0,5629.0,headwater,0
16460.0,5650.0,headwater,0
16458.0,5629.0,headwater,0
16457.0,5629.0,headwater,0
16455.0,5630.0,headwater,0
16452.0,5529.0,headwater,0
16448.0,16447.0,headwater,0
16519.0,5502.0,headwater,0
16517.0,5447.0,headwater,0
16511.0,7048.0,headwater,0
16510.0,7048.0,headwater,0
16509.0,5447.0,headwater,0
16504.0,5546.0,headwater,0
16503.0,5533.0,headwater,0
16501.0,5533.0,headwater,0
16500.0,5447.0,headwater,0
16497.0,5546.0,headwater,0
16494.0,5422.0,headwater,0
16492.0,5422.0,headwater,0
16490.0,5585.0,headwater,0
16487.0,5585.0,headwater,0
16484.0,,headwater,0
16483.0,5431.0,headwater,0
16553.0,16554.0,headwater,0
16552.0,5494.0,headwater,0
16551.0,5447.0,headwater,0
16549.0,5470.0,headwater,0
16544.0,5538.0,headwater,0
16542.0,5520.0,headwater,0
16540.0,5524.0,headwater,0
16537.0,5528.0,headwater,0
16533.0,5522.0,headwater,0
16532.0,5528.0,headwater,0
16531.0,5527.0,headwater,0
16530.0,5522.0,headwater,0
16528.0,5524.0,headwater,0
16527.0,5528.0,headwater,0
16526.0,5526.0,headwater,0
16522.0,5496.0,headwater,0
16601.0,5494.0,headwater,0
16596.0,5531.0,headwater,0
16594.0,5600.0,headwater,0
16588.0,5510.0,headwater,0
16586.0,5514.0,headwater,0
16581.0,5514.0,headwater,0
16578.0,5539.0,headwater,0
16577.0,5539.0,headwater,0
16570.0,5494.0,headwater,0
16567.0,5494.0,headwater,0
16562.0,5494.0,headwater,0
16561.0,5447.0,headwater,0
16560.0,16584.0,headwater,0
16558.0,5494.0,headwater,0
16557.0,5494.0,headwater,0
16556.0,5518.0,headwater,0
16608.0,5567.0,headwater,0
621.0,635.0,headwater,0
620.0,635.0,headwater,0
615.0,595.0,headwater,0
614.0,636.0,headwater,0
613.0,646.0,headwater,0
611.0,647.0,headwater,0
608.0,636.0,headwater,0
607.0,636.0,headwater,0
604.0,629.0,headwater,0
602.0,636.0,headwater,0
597.0,595.0,headwater,0
16605.0,5585.0,headwater,0
16604.0,5585.0,headwater,0
16603.0,16634.0,headwater,0
16602.0,5512.0,headwater,0
16660.0,5600.0,headwater,0
16649.0,5546.0,headwater,0
16645.0,5585.0,headwater,0
16644.0,5585.0,headwater,0
16643.0,5585.0,headwater,0
16640.0,5585.0,headwater,0
16635.0,16634.0,headwater,0
16626.0,5598.0,headwater,0
16624.0,16623.0,headwater,0
16622.0,5585.0,headwater,0
16620.0,5583.0,headwater,0
16616.0,5585.0,headwater,0
16613.0,5585.0,headwater,0
16612.0,5585.0,headwater,0
16611.0,5585.0,headwater,0
16609.0,5585.0,headwater,0
16733.0,5608.0,headwater,0
16729.0,5608.0,headwater,0
16726.0,5608.0,headwater,0
16723.0,5622.0,headwater,0
16718.0,5618.0,headwater,0
16716.0,5618.0,headwater,0
16712.0,5571.0,headwater,0
16705.0,5622.0,headwater,0
16704.0,5549.0,headwater,0
16671.0,5612.0,headwater,0
16670.0,5612.0,headwater,0
16668.0,5585.0,headwater,0
16667.0,5600.0,headwater,0
16665.0,5606.0,headwater,0
16663.0,5600.0,headwater,0
16661.0,5600.0,headwater,0
16817.0,5521.0,headwater,0
16813.0,5536.0,headwater,0
16810.0,5622.0,headwater,0
16805.0,5618.0,headwater,0
16790.0,16710.0,headwater,0
16786.0,5549.0,headwater,0
16783.0,16710.0,headwater,0
16773.0,5549.0,headwater,0
16768.0,5575.0,headwater,0
16767.0,5575.0,headwater,0
16763.0,16764.0,headwater,0
16761.0,5571.0,headwater,0
16758.0,5571.0,headwater,0
16750.0,5521.0,headwater,0
16744.0,5546.0,headwater,0
16736.0,5618.0,headwater,0
16877.0,5656.0,headwater,0
16872.0,16874.0,headwater,0
16868.0,5711.0,headwater,0
16867.0,5711.0,headwater,0
16863.0,5711.0,headwater,0
16858.0,5677.0,headwater,0
16857.0,5655.0,headwater,0
16850.0,16848.0,headwater,0
16845.0,5655.0,headwater,0
16844.0,,headwater,0
16843.0,16956.0,headwater,0
16840.0,5711.0,headwater,0
16830.0,,headwater,0
16829.0,,headwater,0
16821.0,5521.0,headwater,0
16820.0,5521.0,headwater,0
16900.0,16899.0,headwater,0
16898.0,5637.0,headwater,0
596.0,595.0,headwater,0
592.0,593.0,headwater,0
591.0,2534.0,headwater,0
590.0,589.0,headwater,0
588.0,589.0,headwater,0
587.0,2745.0,headwater,0
585.0,2745.0,headwater,0
583.0,584.0,headwater,0
582.0,2744.0,headwater,0
16891.0,16890.0,headwater,0
16888.0,15798.0,headwater,0
16883.0,16885.0,headwater,0
16881.0,5693.0,headwater,0
16878.0,5670.0,headwater,0
16940.0,,headwater,0
16939.0,5631.0,headwater,0
16938.0,5649.0,headwater,0
16936.0,5617.0,headwater,0
16934.0,5688.0,headwater,0
16933.0,5683.0,headwater,0
16932.0,5693.0,headwater,0
16931.0,5649.0,headwater,0
16929.0,5646.0,headwater,0
16927.0,16890.0,headwater,0
16925.0,,headwater,0
16920.0,,headwater,0
16916.0,16917.0,headwater,0
16915.0,,headwater,0
16907.0,16961.0,headwater,0
16905.0,5662.0,headwater,0
16973.0,16854.0,headwater,0
573.0,538.0,headwater,0
571.0,538.0,headwater,0
570.0,538.0,headwater,0
564.0,17469.0,headwater,0
559.0,17469.0,headwater,0
555.0,547.0,headwater,0
16971.0,5642.0,headwater,0
16963.0,5597.0,headwater,0
16962.0,5716.0,headwater,0
16957.0,5668.0,headwater,0
16952.0,5703.0,headwater,0
16950.0,5703.0,headwater,0
16949.0,5662.0,headwater,0
16947.0,5648.0,headwater,0
16946.0,16945.0,headwater,0
17008.0,16848.0,headwater,0
17005.0,5733.0,headwater,0
17004.0,16956.0,headwater,0
17002.0,5733.0,headwater,0
17000.0,5649.0,headwater,0
16997.0,5693.0,headwater,0
16996.0,,headwater,0
16995.0,,headwater,0
16989.0,,headwater,0
16986.0,5687.0,headwater,0
16985.0,5617.0,headwater,0
16982.0,5617.0,headwater,0
16981.0,5617.0,headwater,0
16980.0,5617.0,headwater,0
16978.0,,headwater,0
16976.0,5718.0,headwater,0
17036.0,5624.0,headwater,0
17035.0,5593.0,headwater,0
17034.0,5593.0,headwater,0
17033.0,5593.0,headwater,0
17032.0,5602.0,headwater,0
17031.0,17030.0,headwater,0
17029.0,,headwater,0
17028.0,,headwater,0
17026.0,5588.0,headwater,0
17025.0,5616.0,headwater,0
17021.0,,headwater,0
17019.0,,headwater,0
17018.0,5668.0,headwater,0
17014.0,17015.0,headwater,0
17012.0,5693.0,headwater,0
17010.0,5631.0,headwater,0
17055.0,5731.0,headwater,0
17054.0,5731.0,headwater,0
17053.0,5731.0,headwater,0
17052.0,5682.0,headwater,0
17050.0,5672.0,headwater,0
17049.0,5672.0,headwater,0
17048.0,5659.0,headwater,0
17047.0,,headwater,0
17046.0,5621.0,headwater,0
17044.0,5659.0,headwater,0
17043.0,5621.0,headwater,0
17042.0,5693.0,headwater,0
17041.0,7153.0,headwater,0
17040.0,5638.0,headwater,0
17039.0,5638.0,headwater,0
17038.0,,headwater,0
550.0,547.0,headwater,0
545.0,1807.0,headwater,0
542.0,1853.0,headwater,0
537.0,535.0,headwater,0
534.0,1853.0,headwater,0
17077.0,,headwater,0
17072.0,,headwater,0
17071.0,,headwater,0
17070.0,,headwater,0
17069.0,5832.0,headwater,0
17067.0,5832.0,headwater,0
17064.0,1705.0,headwater,0
17063.0,1705.0,headwater,0
17062.0,1630.0,headwater,0
17060.0,5769.0,headwater,0
17058.0,,headwater,0
17144.0,1185.0,headwater,0
17136.0,17101.0,headwater,0
17134.0,17131.0,headwater,0
17118.0,17119.0,headwater,0
17117.0,1185.0,headwater,0
17114.0,1178.0,headwater,0
17110.0,1185.0,headwater,0
17100.0,17101.0,headwater,0
17098.0,6794.0,headwater,0
17097.0,6794.0,headwater,0
17091.0,7809.0,headwater,0
17089.0,7809.0,headwater,0
17079.0,,headwater,0
17078.0,6598.0,headwater,0
554.0,549.0,headwater,0
553.0,1835.0,headwater,0
17315.0,9526.0,headwater,0
17306.0,17.0,headwater,0
17305.0,9.0,headwater,0
17300.0,2177.0,headwater,0
17293.0,2945.0,headwater,0
17252.0,2010.0,headwater,0
17248.0,,headwater,0
17199.0,1485.0,headwater,0
17196.0,17197.0,headwater,0
17188.0,,headwater,0
17184.0,1188.0,headwater,0
17179.0,17197.0,headwater,0
17174.0,17176.0,headwater,0
17161.0,1188.0,headwater,0
17155.0,1188.0,headwater,0
17148.0,,headwater,0
17398.0,560.0,headwater,0
526.0,1853.0,headwater,0
524.0,1858.0,headwater,0
522.0,,headwater,0
521.0,516.0,headwater,0
520.0,517.0,headwater,0
519.0,517.0,headwater,0
518.0,517.0,headwater,0
513.0,,headwater,0
512.0,516.0,headwater,0
509.0,1818.0,headwater,0
17382.0,17384.0,headwater,0
17368.0,17384.0,headwater,0
17361.0,557.0,headwater,0
17347.0,556.0,headwater,0
17329.0,556.0,headwater,0
17547.0,581.0,headwater,0
17545.0,579.0,headwater,0
17542.0,579.0,headwater,0
17533.0,214.0,headwater,0
17521.0,576.0,headwater,0
17518.0,574.0,headwater,0
17517.0,574.0,headwater,0
17498.0,538.0,headwater,0
17487.0,89.0,headwater,0
17481.0,89.0,headwater,0
17470.0,567.0,headwater,0
17453.0,17464.0,headwater,0
17449.0,17464.0,headwater,0
17444.0,17464.0,headwater,0
17427.0,17436.0,headwater,0
17410.0,561.0,headwater,0
508.0,1859.0,headwater,0
507.0,1866.0,headwater,0
506.0,1854.0,headwater,0
505.0,1833.0,headwater,0
498.0,500.0,headwater,0
495.0,1832.0,headwater,0
494.0,1806.0,headwater,0
491.0,493.0,headwater,0
17575.0,,headwater,0
17573.0,15146.0,headwater,0
17572.0,17567.0,headwater,0
17571.0,,headwater,0
17570.0,17569.0,headwater,0
17562.0,,headwater,0
17552.0,581.0,headwater,0
17550.0,581.0,headwater,0
17653.0,7243.0,headwater,0
17652.0,17626.0,headwater,0
17650.0,7247.0,headwater,0
17639.0,6933.0,headwater,0
17635.0,7302.0,headwater,0
17629.0,17622.0,headwater,0
17624.0,7264.0,headwater,0
17621.0,,headwater,0
17619.0,17622.0,headwater,0
17613.0,,headwater,0
17602.0,,headwater,0
17593.0,,headwater,0
17589.0,18045.0,headwater,0
17586.0,17666.0,headwater,0
17585.0,7272.0,headwater,0
17576.0,17709.0,headwater,0
17699.0,17975.0,headwater,0
17698.0,,headwater,0
17693.0,,headwater,0
17692.0,6935.0,headwater,0
17690.0,,headwater,0
17686.0,17622.0,headwater,0
17685.0,7231.0,headwater,0
17683.0,17910.0,headwater,0
17679.0,18118.0,headwater,0
17675.0,7302.0,headwater,0
17672.0,6928.0,headwater,0
17664.0,,headwater,0
17660.0,17723.0,headwater,0
17659.0,17666.0,headwater,0
17658.0,,headwater,0
17654.0,17594.0,headwater,0
17730.0,7265.0,headwater,0
17729.0,7273.0,headwater,0
490.0,59.0,headwater,0
488.0,477.0,headwater,0
487.0,1967.0,headwater,0
480.0,468.0,headwater,0
476.0,486.0,headwater,0
467.0,469.0,headwater,0
465.0,460.0,headwater,0
17722.0,7330.0,headwater,0
17721.0,,headwater,0
17720.0,,headwater,0
17718.0,18054.0,headwater,0
17717.0,,headwater,0
17714.0,18068.0,headwater,0
17708.0,17746.0,headwater,0
17822.0,17626.0,headwater,0
17819.0,,headwater,0
17811.0,17645.0,headwater,0
17805.0,17746.0,headwater,0
17795.0,7293.0,headwater,0
17791.0,,headwater,0
17779.0,7271.0,headwater,0
17777.0,17817.0,headwater,0
17775.0,7346.0,headwater,0
17766.0,,headwater,0
17765.0,17604.0,headwater,0
17764.0,7276.0,headwater,0
17755.0,,headwater,0
17748.0,17645.0,headwater,0
17744.0,17712.0,headwater,0
17731.0,17626.0,headwater,0
17894.0,,headwater,0
17892.0,,headwater,0
17891.0,7273.0,headwater,0
17886.0,,headwater,0
17879.0,17645.0,headwater,0
17877.0,,headwater,0
17875.0,17774.0,headwater,0
17869.0,17622.0,headwater,0
17858.0,17910.0,headwater,0
17851.0,7276.0,headwater,0
17848.0,7263.0,headwater,0
17845.0,7332.0,headwater,0
17844.0,,headwater,0
17843.0,,headwater,0
17836.0,17774.0,headwater,0
17823.0,6930.0,headwater,0
17930.0,,headwater,0
17925.0,,headwater,0
462.0,903.0,headwater,0
458.0,895.0,headwater,0
457.0,474.0,headwater,0
454.0,2791.0,headwater,0
410.0,,headwater,0
396.0,,headwater,0
380.0,428.0,headwater,0
372.0,371.0,headwater,0
366.0,1919.0,headwater,0
17924.0,7231.0,headwater,0
17923.0,17746.0,headwater,0
17907.0,,headwater,0
17904.0,17740.0,headwater,0
17900.0,,headwater,0
345.0,355.0,headwater,0
335.0,336.0,headwater,0
334.0,3337.0,headwater,0
332.0,183.0,headwater,0
17982.0,7318.0,headwater,0
17981.0,,headwater,0
17973.0,17604.0,headwater,0
17970.0,7280.0,headwater,0
17969.0,17579.0,headwater,0
17957.0,,headwater,0
17956.0,17984.0,headwater,0
17955.0,7280.0,headwater,0
17953.0,6932.0,headwater,0
17950.0,,headwater,0
17943.0,17816.0,headwater,0
17942.0,17816.0,headwater,0
309.0,320.0,headwater,0
303.0,312.0,headwater,0
298.0,312.0,headwater,0
18060.0,7280.0,headwater,0
18034.0,7301.0,headwater,0
18032.0,17712.0,headwater,0
18031.0,,headwater,0
18025.0,17579.0,headwater,0
18022.0,6935.0,headwater,0
18007.0,17645.0,headwater,0
18003.0,6930.0,headwater,0
17999.0,,headwater,0
17998.0,17666.0,headwater,0
17986.0,,headwater,0
350.0,351.0,headwater,0
349.0,348.0,headwater,0
18915.0,18916.0,headwater,0
18912.0,18898.0,headwater,0
18908.0,18898.0,headwater,0
18907.0,18898.0,headwater,0
18904.0,18898.0,headwater,0
18903.0,18898.0,headwater,0
18224.0,6240.0,headwater,0
18216.0,7313.0,headwater,0
18214.0,7539.0,headwater,0
18188.0,,headwater,0
18100.0,17709.0,headwater,0
18095.0,,headwater,0
327.0,798.0,headwater,0
323.0,312.0,headwater,0
317.0,301.0,headwater,0
316.0,310.0,headwater,0
295.0,310.0,headwater,0
293.0,670.0,headwater,0
290.0,670.0,headwater,0
289.0,703.0,headwater,0
288.0,703.0,headwater,0
286.0,703.0,headwater,0
285.0,703.0,headwater,0
284.0,4441.0,headwater,0
274.0,277.0,headwater,0
18950.0,,headwater,0
18947.0,,headwater,0
18936.0,18938.0,headwater,0
18933.0,18898.0,headwater,0
18930.0,18898.0,headwater,0
18923.0,18898.0,headwater,0
18921.0,18916.0,headwater,0
270.0,,headwater,0
267.0,,headwater,0
263.0,798.0,headwater,0
248.0,249.0,headwater,0
247.0,245.0,headwater,0
244.0,245.0,headwater,0
240.0,242.0,headwater,0
18986.0,18898.0,headwater,0
18976.0,18977.0,headwater,0
18975.0,19218.0,headwater,0
18974.0,18977.0,headwater,0
18971.0,18972.0,headwater,0
18967.0,18955.0,headwater,0
18966.0,18954.0,headwater,0
18953.0,18954.0,headwater,0
296.0,315.0,headwater,0
19029.0,,headwater,0
232.0,2532.0,headwater,0
231.0,798.0,headwater,0
225.0,356.0,headwater,0
223.0,489.0,headwater,0
221.0,158.0,headwater,0
213.0,95.0,headwater,0
212.0,461.0,headwater,0
19027.0,19028.0,headwater,0
19017.0,19038.0,headwater,0
19013.0,19133.0,headwater,0
19012.0,,headwater,0
19005.0,,headwater,0
19003.0,18999.0,headwater,0
19000.0,19004.0,headwater,0
18998.0,18991.0,headwater,0
190.0,715.0,headwater,0
189.0,895.0,headwater,0
188.0,159.0,headwater,0
187.0,165.0,headwater,0
176.0,175.0,headwater,0
173.0,164.0,headwater,0
168.0,169.0,headwater,0
19082.0,,headwater,0
19081.0,,headwater,0
19059.0,19078.0,headwater,0
19058.0,19078.0,headwater,0
19057.0,19042.0,headwater,0
19052.0,19042.0,headwater,0
19050.0,19041.0,headwater,0
19048.0,19041.0,headwater,0
19033.0,19038.0,headwater,0
155.0,216.0,headwater,0
149.0,148.0,headwater,0
143.0,144.0,headwater,0
19136.0,19137.0,headwater,0
19119.0,19118.0,headwater,0
19114.0,19109.0,headwater,0
19112.0,19109.0,headwater,0
19104.0,,headwater,0
19096.0,19092.0,headwater,0
19090.0,19089.0,headwater,0
19088.0,,headwater,0
19086.0,,headwater,0
207.0,461.0,headwater,0
202.0,200.0,headwater,0
195.0,164.0,headwater,0
192.0,164.0,headwater,0
140.0,1077.0,headwater,0
138.0,139.0,headwater,0
137.0,1966.0,headwater,0
135.0,136.0,headwater,0
131.0,132.0,headwater,0
130.0,132.0,headwater,0
128.0,133.0,headwater,0
125.0,133.0,headwater,0
120.0,27.0,headwater,0
118.0,31.0,headwater,0
19181.0,5666.0,headwater,0
19170.0,,headwater,0
19154.0,19163.0,headwater,0
19152.0,19163.0,headwater,0
19149.0,19139.0,headwater,0
19138.0,19139.0,headwater,0
26894.0,7898.0,headwater,0
26913.0,26904.0,headwater,0
26912.0,6897.0,headwater,0
26846.0,,headwater,0
26840.0,,headwater,0
26829.0,,headwater,0
26828.0,,headwater,0
26827.0,26837.0,headwater,0
26823.0,,headwater,0
26821.0,,headwater,0
26816.0,26817.0,headwater,0
26815.0,26817.0,headwater,0
81.0,18.0,headwater,0
79.0,83.0,headwater,0
73.0,75.0,headwater,0
117.0,36.0,headwater,0
6587.0,6565.0,headwater,0
6581.0,6576.0,headwater,0
6572.0,,headwater,0
6563.0,,headwater,0
6560.0,7752.0,headwater,0
6559.0,6569.0,headwater,0
6555.0,6577.0,headwater,0
6553.0,,headwater,0
6549.0,,headwater,0
26910.0,,headwater,0
26909.0,,headwater,0
26908.0,,headwater,0
26905.0,26906.0,headwater,0
26902.0,26903.0,headwater,0
26901.0,26903.0,headwater,0
26898.0,6897.0,headwater,0
